ano,regiao,uf,codigo_municipio,municipio,localizacao,dependencia,abandono_fund_1_ano,abandono_fund_2_ano,abandono_fund_3_ano,abandono_fund_4_ano,abandono_fund_5_ano,abandono_fund_6_ano,abandono_fund_7_ano,abandono_fund_8_ano,abandono_fund_9_ano,abandono_fund_anos_finais,abandono_fund_anos_iniciais,abandono_fund_total,abandono_medio_1_serie,abandono_medio_2_serie,abandono_medio_3_serie,abandono_medio_4_serie,abandono_medio_nao_seriado,abandono_medio_total,aprovacao_fund_1_ano,aprovacao_fund_2_ano,aprovacao_fund_3_ano,aprovacao_fund_4_ano,aprovacao_fund_5_ano,aprovacao_fund_6_ano,aprovacao_fund_7_ano,aprovacao_fund_8_ano,aprovacao_fund_9_ano,aprovacao_fund_anos_finais,aprovacao_fund_anos_iniciais,aprovacao_fund_total,aprovacao_medio_1_serie,aprovacao_medio_2_serie,aprovacao_medio_3_serie,aprovacao_medio_4_serie,aprovacao_medio_nao_seriado,aprovacao_medio_total,reprovacao_fund_1_ano,reprovacao_fund_2_ano,reprovacao_fund_3_ano,reprovacao_fund_4_ano,reprovacao_fund_5_ano,reprovacao_fund_6_ano,reprovacao_fund_7_ano,reprovacao_fund_8_ano,reprovacao_fund_9_ano,reprovacao_fund_anos_finais,reprovacao_fund_anos_iniciais,reprovacao_fund_total,reprovacao_medio_1_serie,reprovacao_medio_2_serie,reprovacao_medio_3_serie,reprovacao_medio_4_serie,reprovacao_medio_nao_seriado,reprovacao_medio_total
2025,Nordeste,PB,2500106,Água Branca,Total,Total,0.0,0.0,0.0,0.0,0.0,0.0,0.0,0.0,0.0,0.0,0.0,0.0,11.4,2.2,1.4,,,6.5,100.0,100.0,100.0,100.0,100.0,100.0,100.0,100.0,100.0,100.0,100.0,100.0,87.2,95.5,98.6,,,92.2,0.0,0.0,0.0,0.0,0.0,0.0,0.0,0.0,0.0,0.0,0.0,0.0,1.4,2.3,0.0,,,1.3
2025,Nordeste,PB,2500106,Água Branca,Urbana,Total,0.0,0.0,0.0,0.0,0.0,0.0,0.0,0.0,0.0,0.0,0.0,0.0,11.4,2.2,1.4,,,6.5,100.0,100.0,100.0,100.0,100.0,100.0,100.0,100.0,100.0,100.0,100.0,100.0,87.2,95.5,98.6,,,92.2,0.0,0.0,0.0,0.0,0.0,0.0,0.0,0.0,0.0,0.0,0.0,0.0,1.4,2.3,0.0,,,1.3
2025,Nordeste,PB,2500106,Água Branca,Rural,Total,0.0,0.0,0.0,0.0,0.0,0.0,0.0,0.0,0.0,0.0,0.0,0.0,,,,,,,100.0,100.0,100.0,100.0,100.0,100.0,100.0,100.0,100.0,100.0,100.0,100.0,,,,,,,0.0,0.0,0.0,0.0,0.0,0.0,0.0,0.0,0.0,0.0,0.0,0.0,,,,,,
2025,Nordeste,PB,2500106,Água Branca,Total,Estadual,,,,,,,,,,,,,11.4,2.2,1.4,,,6.5,,,,,,,,,,,,,87.2,95.5,98.6,,,92.2,,,,,,,,,,,,,1.4,2.3,0.0,,,1.3
2025,Nordeste,PB,2500106,Água Branca,Urbana,Estadual,,,,,,,,,,,,,11.4,2.2,1.4,,,6.5,,,,,,,,,,,,,87.2,95.5,98.6,,,92.2,,,,,,,,,,,,,1.4,2.3,0.0,,,1.3
2025,Nordeste,PB,2500106,Água Branca,Total,Municipal,0.0,0.0,0.0,0.0,0.0,0.0,0.0,0.0,0.0,0.0,0.0,0.0,,,,,,,100.0,100.0,100.0,100.0,100.0,100.0,100.0,100.0,100.0,100.0,100.0,100.0,,,,,,,0.0,0.0,0.0,0.0,0.0,0.0,0.0,0.0,0.0,0.0,0.0,0.0,,,,,,
2025,Nordeste,PB,2500106,Água Branca,Urbana,Municipal,0.0,0.0,0.0,0.0,0.0,0.0,0.0,0.0,0.0,0.0,0.0,0.0,,,,,,,100.0,100.0,100.0,100.0,100.0,100.0,100.0,100.0,100.0,100.0,100.0,100.0,,,,,,,0.0,0.0,0.0,0.0,0.0,0.0,0.0,0.0,0.0,0.0,0.0,0.0,,,,,,
2025,Nordeste,PB,2500106,Água Branca,Rural,Municipal,0.0,0.0,0.0,0.0,0.0,0.0,0.0,0.0,0.0,0.0,0.0,0.0,,,,,,,100.0,100.0,100.0,100.0,100.0,100.0,100.0,100.0,100.0,100.0,100.0,100.0,,,,,,,0.0,0.0,0.0,0.0,0.0,0.0,0.0,0.0,0.0,0.0,0.0,0.0,,,,,,
2025,Nordeste,PB,2500106,Água Branca,Total,Pública,0.0,0.0,0.0,0.0,0.0,0.0,0.0,0.0,0.0,0.0,0.0,0.0,11.4,2.2,1.4,,,6.5,100.0,100.0,100.0,100.0,100.0,100.0,100.0,100.0,100.0,100.0,100.0,100.0,87.2,95.5,98.6,,,92.2,0.0,0.0,0.0,0.0,0.0,0.0,0.0,0.0,0.0,0.0,0.0,0.0,1.4,2.3,0.0,,,1.3
2025,Nordeste,PB,2500106,Água Branca,Urbana,Pública,0.0,0.0,0.0,0.0,0.0,0.0,0.0,0.0,0.0,0.0,0.0,0.0,11.4,2.2,1.4,,,6.5,100.0,100.0,100.0,100.0,100.0,100.0,100.0,100.0,100.0,100.0,100.0,100.0,87.2,95.5,98.6,,,92.2,0.0,0.0,0.0,0.0,0.0,0.0,0.0,0.0,0.0,0.0,0.0,0.0,1.4,2.3,0.0,,,1.3
2025,Nordeste,PB,2500106,Água Branca,Rural,Pública,0.0,0.0,0.0,0.0,0.0,0.0,0.0,0.0,0.0,0.0,0.0,0.0,,,,,,,100.0,100.0,100.0,100.0,100.0,100.0,100.0,100.0,100.0,100.0,100.0,100.0,,,,,,,0.0,0.0,0.0,0.0,0.0,0.0,0.0,0.0,0.0,0.0,0.0,0.0,,,,,,
2025,Nordeste,PB,2500205,Aguiar,Total,Total,0.0,0.0,0.0,0.0,0.0,0.0,0.0,0.0,0.0,0.0,0.0,0.0,0.0,0.0,0.0,,,0.0,100.0,100.0,100.0,100.0,100.0,100.0,100.0,98.4,100.0,99.6,100.0,99.8,100.0,100.0,100.0,,,100.0,0.0,0.0,0.0,0.0,0.0,0.0,0.0,1.6,0.0,0.4,0.0,0.2,0.0,0.0,0.0,,,0.0
2025,Nordeste,PB,2500205,Aguiar,Urbana,Total,0.0,0.0,0.0,0.0,0.0,0.0,0.0,0.0,0.0,0.0,0.0,0.0,0.0,0.0,0.0,,,0.0,100.0,100.0,100.0,100.0,100.0,100.0,100.0,98.4,100.0,99.6,100.0,99.8,100.0,100.0,100.0,,,100.0,0.0,0.0,0.0,0.0,0.0,0.0,0.0,1.6,0.0,0.4,0.0,0.2,0.0,0.0,0.0,,,0.0
2025,Nordeste,PB,2500205,Aguiar,Rural,Total,0.0,0.0,0.0,0.0,,,,,,,0.0,0.0,,,,,,,100.0,100.0,100.0,100.0,,,,,,,100.0,100.0,,,,,,,0.0,0.0,0.0,0.0,,,,,,,0.0,0.0,,,,,,
2025,Nordeste,PB,2500205,Aguiar,Total,Estadual,,,,,,,,0.0,0.0,0.0,,0.0,0.0,0.0,0.0,,,0.0,,,,,,,,95.7,100.0,97.7,,97.7,100.0,100.0,100.0,,,100.0,,,,,,,,4.3,0.0,2.3,,2.3,0.0,0.0,0.0,,,0.0
2025,Nordeste,PB,2500205,Aguiar,Urbana,Estadual,,,,,,,,0.0,0.0,0.0,,0.0,0.0,0.0,0.0,,,0.0,,,,,,,,95.7,100.0,97.7,,97.7,100.0,100.0,100.0,,,100.0,,,,,,,,4.3,0.0,2.3,,2.3,0.0,0.0,0.0,,,0.0
2025,Nordeste,PB,2500205,Aguiar,Total,Municipal,0.0,0.0,0.0,0.0,0.0,0.0,0.0,0.0,0.0,0.0,0.0,0.0,,,,,,,100.0,100.0,100.0,100.0,100.0,100.0,100.0,100.0,100.0,100.0,100.0,100.0,,,,,,,0.0,0.0,0.0,0.0,0.0,0.0,0.0,0.0,0.0,0.0,0.0,0.0,,,,,,
2025,Nordeste,PB,2500205,Aguiar,Urbana,Municipal,0.0,0.0,0.0,0.0,0.0,0.0,0.0,0.0,0.0,0.0,0.0,0.0,,,,,,,100.0,100.0,100.0,100.0,100.0,100.0,100.0,100.0,100.0,100.0,100.0,100.0,,,,,,,0.0,0.0,0.0,0.0,0.0,0.0,0.0,0.0,0.0,0.0,0.0,0.0,,,,,,
2025,Nordeste,PB,2500205,Aguiar,Rural,Municipal,0.0,0.0,0.0,0.0,,,,,,,0.0,0.0,,,,,,,100.0,100.0,100.0,100.0,,,,,,,100.0,100.0,,,,,,,0.0,0.0,0.0,0.0,,,,,,,0.0,0.0,,,,,,
2025,Nordeste,PB,2500205,Aguiar,Total,Pública,0.0,0.0,0.0,0.0,0.0,0.0,0.0,0.0,0.0,0.0,0.0,0.0,0.0,0.0,0.0,,,0.0,100.0,100.0,100.0,100.0,100.0,100.0,100.0,98.4,100.0,99.6,100.0,99.8,100.0,100.0,100.0,,,100.0,0.0,0.0,0.0,0.0,0.0,0.0,0.0,1.6,0.0,0.4,0.0,0.2,0.0,0.0,0.0,,,0.0
2025,Nordeste,PB,2500205,Aguiar,Urbana,Pública,0.0,0.0,0.0,0.0,0.0,0.0,0.0,0.0,0.0,0.0,0.0,0.0,0.0,0.0,0.0,,,0.0,100.0,100.0,100.0,100.0,100.0,100.0,100.0,98.4,100.0,99.6,100.0,99.8,100.0,100.0,100.0,,,100.0,0.0,0.0,0.0,0.0,0.0,0.0,0.0,1.6,0.0,0.4,0.0,0.2,0.0,0.0,0.0,,,0.0
2025,Nordeste,PB,2500205,Aguiar,Rural,Pública,0.0,0.0,0.0,0.0,,,,,,,0.0,0.0,,,,,,,100.0,100.0,100.0,100.0,,,,,,,100.0,100.0,,,,,,,0.0,0.0,0.0,0.0,,,,,,,0.0,0.0,,,,,,
2025,Nordeste,PB,2500304,Alagoa Grande,Total,Total,0.6,0.5,1.4,2.2,2.5,7.8,7.1,4.0,5.8,6.3,1.4,3.3,4.1,1.9,1.0,,,2.6,95.7,95.5,92.3,93.9,95.4,84.3,89.4,91.7,92.4,89.1,94.6,92.4,95.4,97.0,98.0,,,96.6,3.7,4.0,6.3,3.9,2.1,7.9,3.5,4.3,1.8,4.6,4.0,4.3,0.5,1.1,1.0,,,0.8
2025,Nordeste,PB,2500304,Alagoa Grande,Urbana,Total,0.6,0.6,0.7,2.0,2.9,7.4,5.8,3.0,6.0,5.7,1.3,3.2,4.1,1.9,1.0,,,2.6,94.7,96.2,93.1,94.5,94.8,85.3,92.7,93.2,92.1,90.5,94.7,92.9,95.4,97.0,98.0,,,96.6,4.7,3.2,6.2,3.5,2.3,7.3,1.5,3.8,1.9,3.8,4.0,3.9,0.5,1.1,1.0,,,0.8
2025,Nordeste,PB,2500304,Alagoa Grande,Rural,Total,0.6,0.0,2.6,2.7,1.5,8.9,10.0,6.7,5.0,8.1,1.5,3.9,,,,,,,97.6,94.1,90.8,92.6,96.9,81.3,82.3,87.5,93.4,85.0,94.4,91.0,,,,,,,1.8,5.9,6.6,4.7,1.6,9.8,7.7,5.8,1.6,6.9,4.1,5.1,,,,,,
2025,Nordeste,PB,2500304,Alagoa Grande,Total,Estadual,,,,,,6.4,4.3,1.2,3.5,3.7,,3.7,4.3,2.0,1.1,,,2.9,,,,,,93.6,95.7,98.8,96.5,96.3,,96.3,95.1,96.8,97.7,,,96.2,,,,,,0.0,0.0,0.0,0.0,0.0,,0.0,0.6,1.2,1.2,,,0.9
2025,Nordeste,PB,2500304,Alagoa Grande,Urbana,Estadual,,,,,,6.4,4.3,1.2,3.5,3.7,,3.7,4.3,2.0,1.1,,,2.9,,,,,,93.6,95.7,98.8,96.5,96.3,,96.3,95.1,96.8,97.7,,,96.2,,,,,,0.0,0.0,0.0,0.0,0.0,,0.0,0.6,1.2,1.2,,,0.9
2025,Nordeste,PB,2500304,Alagoa Grande,Total,Municipal,0.7,0.6,1.5,2.5,2.9,10.1,10.4,7.2,9.5,9.5,1.6,3.9,,,,,,,95.0,94.6,91.3,93.2,94.8,75.8,83.5,83.9,86.4,81.7,93.8,90.3,,,,,,,4.3,4.8,7.2,4.3,2.3,14.1,6.1,8.9,4.1,8.8,4.6,5.8,,,,,,
2025,Nordeste,PB,2500304,Alagoa Grande,Urbana,Municipal,0.7,0.9,0.8,2.4,3.5,11.1,10.9,8.0,12.8,10.8,1.6,3.9,,,,,,,93.5,94.9,91.6,93.6,93.8,71.5,85.1,79.5,81.4,78.5,93.5,89.8,,,,,,,5.8,4.2,7.6,4.0,2.7,17.4,4.0,12.5,5.8,10.7,4.9,6.3,,,,,,
2025,Nordeste,PB,2500304,Alagoa Grande,Rural,Municipal,0.6,0.0,2.6,2.7,1.5,8.9,10.0,6.7,5.0,8.1,1.5,3.9,,,,,,,97.6,94.1,90.8,92.6,96.9,81.3,82.3,87.5,93.4,85.0,94.4,91.0,,,,,,,1.8,5.9,6.6,4.7,1.6,9.8,7.7,5.8,1.6,6.9,4.1,5.1,,,,,,
2025,Nordeste,PB,2500304,Alagoa Grande,Total,Privada,0.0,0.0,0.0,0.0,0.0,0.0,0.0,0.0,0.0,0.0,0.0,0.0,0.0,0.0,0.0,,,0.0,100.0,100.0,100.0,98.3,100.0,100.0,100.0,100.0,100.0,100.0,99.7,99.8,100.0,100.0,100.0,,,100.0,0.0,0.0,0.0,1.7,0.0,0.0,0.0,0.0,0.0,0.0,0.3,0.2,0.0,0.0,0.0,,,0.0
2025,Nordeste,PB,2500304,Alagoa Grande,Urbana,Privada,0.0,0.0,0.0,0.0,0.0,0.0,0.0,0.0,0.0,0.0,0.0,0.0,0.0,0.0,0.0,,,0.0,100.0,100.0,100.0,98.3,100.0,100.0,100.0,100.0,100.0,100.0,99.7,99.8,100.0,100.0,100.0,,,100.0,0.0,0.0,0.0,1.7,0.0,0.0,0.0,0.0,0.0,0.0,0.3,0.2,0.0,0.0,0.0,,,0.0
2025,Nordeste,PB,2500304,Alagoa Grande,Total,Pública,0.7,0.6,1.5,2.5,2.9,8.8,8.4,4.5,6.5,7.1,1.6,3.8,4.3,2.0,1.1,,,2.9,95.0,94.6,91.3,93.2,94.8,82.1,87.6,90.7,91.4,87.6,93.8,91.3,95.1,96.8,97.7,,,96.2,4.3,4.8,7.2,4.3,2.3,9.1,4.0,4.8,2.1,5.3,4.6,4.9,0.6,1.2,1.2,,,0.9
2025,Nordeste,PB,2500304,Alagoa Grande,Urbana,Pública,0.7,0.9,0.8,2.4,3.5,8.7,7.4,3.6,6.9,6.7,1.6,3.8,4.3,2.0,1.1,,,2.9,93.5,94.9,91.6,93.6,93.8,82.5,90.8,92.0,90.9,88.7,93.5,91.4,95.1,96.8,97.7,,,96.2,5.8,4.2,7.6,4.0,2.7,8.8,1.8,4.4,2.2,4.6,4.9,4.8,0.6,1.2,1.2,,,0.9
2025,Nordeste,PB,2500304,Alagoa Grande,Rural,Pública,0.6,0.0,2.6,2.7,1.5,8.9,10.0,6.7,5.0,8.1,1.5,3.9,,,,,,,97.6,94.1,90.8,92.6,96.9,81.3,82.3,87.5,93.4,85.0,94.4,91.0,,,,,,,1.8,5.9,6.6,4.7,1.6,9.8,7.7,5.8,1.6,6.9,4.1,5.1,,,,,,
2025,Nordeste,PB,2500403,Alagoa Nova,Total,Total,0.0,0.0,0.0,0.0,0.0,3.6,2.3,4.8,0.0,3.0,0.0,1.2,3.5,5.1,0.0,,,3.0,100.0,100.0,100.0,99.4,100.0,89.8,91.5,91.7,99.6,92.4,99.9,96.7,91.9,94.9,100.0,,,95.1,0.0,0.0,0.0,0.6,0.0,6.6,6.2,3.5,0.4,4.6,0.1,2.1,4.6,0.0,0.0,,,1.9
2025,Nordeste,PB,2500403,Alagoa Nova,Urbana,Total,0.0,0.0,0.0,0.0,0.0,4.3,2.7,5.1,0.0,3.3,0.0,1.7,3.5,5.1,0.0,,,3.0,100.0,100.0,100.0,99.6,100.0,88.6,90.8,91.8,100.0,92.1,99.9,96.0,91.9,94.9,100.0,,,95.1,0.0,0.0,0.0,0.4,0.0,7.1,6.5,3.1,0.0,4.6,0.1,2.3,4.6,0.0,0.0,,,1.9
2025,Nordeste,PB,2500403,Alagoa Nova,Rural,Total,0.0,0.0,0.0,0.0,0.0,1.2,0.0,2.9,0.0,1.0,0.0,0.3,,,,,,,100.0,100.0,100.0,99.2,100.0,94.3,95.8,91.2,96.0,94.4,99.8,98.4,,,,,,,0.0,0.0,0.0,0.8,0.0,4.5,4.2,5.9,4.0,4.6,0.2,1.3,,,,,,
2025,Nordeste,PB,2500403,Alagoa Nova,Total,Estadual,,,,,,2.9,5.6,4.5,0.0,3.2,,3.2,3.5,5.1,0.0,,,3.0,,,,,,87.4,85.9,95.5,100.0,92.9,,92.9,91.9,94.9,100.0,,,95.1,,,,,,9.7,8.5,0.0,0.0,3.9,,3.9,4.6,0.0,0.0,,,1.9
2025,Nordeste,PB,2500403,Alagoa Nova,Urbana,Estadual,,,,,,2.9,5.6,4.5,0.0,3.2,,3.2,3.5,5.1,0.0,,,3.0,,,,,,87.4,85.9,95.5,100.0,92.9,,92.9,91.9,94.9,100.0,,,95.1,,,,,,9.7,8.5,0.0,0.0,3.9,,3.9,4.6,0.0,0.0,,,1.9
2025,Nordeste,PB,2500403,Alagoa Nova,Total,Municipal,0.0,0.0,0.0,0.0,0.0,4.3,1.6,5.4,0.0,2.9,0.0,1.0,,,,,,,100.0,100.0,100.0,99.7,100.0,89.7,92.6,87.8,99.2,91.8,99.9,97.1,,,,,,,0.0,0.0,0.0,0.3,0.0,6.0,5.8,6.8,0.8,5.3,0.1,1.9,,,,,,
2025,Nordeste,PB,2500403,Alagoa Nova,Urbana,Municipal,0.0,0.0,0.0,0.0,0.0,5.7,1.9,6.2,0.0,3.5,0.0,1.4,,,,,,,100.0,100.0,100.0,100.0,100.0,87.6,91.9,86.8,100.0,91.0,100.0,96.5,,,,,,,0.0,0.0,0.0,0.0,0.0,6.7,6.2,7.0,0.0,5.5,0.0,2.1,,,,,,
2025,Nordeste,PB,2500403,Alagoa Nova,Rural,Municipal,0.0,0.0,0.0,0.0,0.0,1.2,0.0,2.9,0.0,1.0,0.0,0.3,,,,,,,100.0,100.0,100.0,99.2,100.0,94.3,95.8,91.2,96.0,94.4,99.8,98.4,,,,,,,0.0,0.0,0.0,0.8,0.0,4.5,4.2,5.9,4.0,4.6,0.2,1.3,,,,,,
2025,Nordeste,PB,2500403,Alagoa Nova,Total,Privada,0.0,0.0,0.0,0.0,0.0,0.0,0.0,0.0,,0.0,0.0,0.0,,,,,,,100.0,100.0,100.0,94.4,100.0,100.0,100.0,100.0,,100.0,99.2,99.4,,,,,,,0.0,0.0,0.0,5.6,0.0,0.0,0.0,0.0,,0.0,0.8,0.6,,,,,,
2025,Nordeste,PB,2500403,Alagoa Nova,Urbana,Privada,0.0,0.0,0.0,0.0,0.0,0.0,0.0,0.0,,0.0,0.0,0.0,,,,,,,100.0,100.0,100.0,94.4,100.0,100.0,100.0,100.0,,100.0,99.2,99.4,,,,,,,0.0,0.0,0.0,5.6,0.0,0.0,0.0,0.0,,0.0,0.8,0.6,,,,,,
2025,Nordeste,PB,2500403,Alagoa Nova,Total,Pública,0.0,0.0,0.0,0.0,0.0,3.9,2.4,4.9,0.0,3.0,0.0,1.3,3.5,5.1,0.0,,,3.0,100.0,100.0,100.0,99.7,100.0,89.1,91.2,91.5,99.6,92.2,99.9,96.5,91.9,94.9,100.0,,,95.1,0.0,0.0,0.0,0.3,0.0,7.0,6.4,3.6,0.4,4.8,0.1,2.2,4.6,0.0,0.0,,,1.9
2025,Nordeste,PB,2500403,Alagoa Nova,Urbana,Pública,0.0,0.0,0.0,0.0,0.0,4.8,2.8,5.3,0.0,3.4,0.0,1.7,3.5,5.1,0.0,,,3.0,100.0,100.0,100.0,100.0,100.0,87.5,90.4,91.5,100.0,91.7,100.0,95.8,91.9,94.9,100.0,,,95.1,0.0,0.0,0.0,0.0,0.0,7.7,6.8,3.2,0.0,4.9,0.0,2.5,4.6,0.0,0.0,,,1.9
2025,Nordeste,PB,2500403,Alagoa Nova,Rural,Pública,0.0,0.0,0.0,0.0,0.0,1.2,0.0,2.9,0.0,1.0,0.0,0.3,,,,,,,100.0,100.0,100.0,99.2,100.0,94.3,95.8,91.2,96.0,94.4,99.8,98.4,,,,,,,0.0,0.0,0.0,0.8,0.0,4.5,4.2,5.9,4.0,4.6,0.2,1.3,,,,,,
2025,Nordeste,PB,2500502,Alagoinha,Total,Total,0.0,0.0,0.9,0.0,0.5,0.0,0.0,0.5,0.5,0.3,0.3,0.3,0.0,0.8,0.0,,,0.2,98.8,100.0,99.1,96.9,98.6,96.7,98.2,96.2,99.5,97.6,98.7,98.2,87.7,88.1,98.3,,,90.8,1.2,0.0,0.0,3.1,0.9,3.3,1.8,3.3,0.0,2.1,1.0,1.5,12.3,11.1,1.7,,,9.0
2025,Nordeste,PB,2500502,Alagoinha,Urbana,Total,0.0,0.0,1.1,0.0,0.6,0.0,0.0,0.5,0.5,0.3,0.3,0.3,0.0,0.8,0.0,,,0.2,98.5,100.0,98.9,96.3,98.8,96.7,98.2,96.2,99.5,97.6,98.5,98.1,87.7,88.1,98.3,,,90.8,1.5,0.0,0.0,3.7,0.6,3.3,1.8,3.3,0.0,2.1,1.2,1.6,12.3,11.1,1.7,,,9.0
2025,Nordeste,PB,2500502,Alagoinha,Rural,Total,0.0,0.0,0.0,0.0,0.0,,,,,,0.0,0.0,,,,,,,100.0,100.0,100.0,100.0,98.1,,,,,,99.6,99.6,,,,,,,0.0,0.0,0.0,0.0,1.9,,,,,,0.4,0.4,,,,,,
2025,Nordeste,PB,2500502,Alagoinha,Total,Estadual,,,,,,,,,,,,,0.0,0.8,0.0,,,0.2,,,,,,,,,,,,,87.7,88.1,98.3,,,90.8,,,,,,,,,,,,,12.3,11.1,1.7,,,9.0
2025,Nordeste,PB,2500502,Alagoinha,Urbana,Estadual,,,,,,,,,,,,,0.0,0.8,0.0,,,0.2,,,,,,,,,,,,,87.7,88.1,98.3,,,90.8,,,,,,,,,,,,,12.3,11.1,1.7,,,9.0
2025,Nordeste,PB,2500502,Alagoinha,Total,Municipal,0.0,0.0,1.2,0.0,0.6,0.0,0.0,0.5,0.6,0.3,0.3,0.3,,,,,,,100.0,100.0,98.8,96.1,98.3,98.2,97.9,96.1,99.4,97.8,98.7,98.3,,,,,,,0.0,0.0,0.0,3.9,1.1,1.8,2.1,3.4,0.0,1.9,1.0,1.4,,,,,,
2025,Nordeste,PB,2500502,Alagoinha,Urbana,Municipal,0.0,0.0,1.7,0.0,0.8,0.0,0.0,0.5,0.6,0.3,0.5,0.4,,,,,,,100.0,100.0,98.3,94.9,98.4,98.2,97.9,96.1,99.4,97.8,98.3,98.0,,,,,,,0.0,0.0,0.0,5.1,0.8,1.8,2.1,3.4,0.0,1.9,1.2,1.6,,,,,,
2025,Nordeste,PB,2500502,Alagoinha,Rural,Municipal,0.0,0.0,0.0,0.0,0.0,,,,,,0.0,0.0,,,,,,,100.0,100.0,100.0,100.0,98.1,,,,,,99.6,99.6,,,,,,,0.0,0.0,0.0,0.0,1.9,,,,,,0.4,0.4,,,,,,
2025,Nordeste,PB,2500502,Alagoinha,Total,Privada,0.0,0.0,0.0,0.0,0.0,0.0,0.0,0.0,0.0,0.0,0.0,0.0,,,,,,,96.6,100.0,100.0,100.0,100.0,90.9,100.0,96.9,100.0,96.5,98.9,98.1,,,,,,,3.4,0.0,0.0,0.0,0.0,9.1,0.0,3.1,0.0,3.5,1.1,1.9,,,,,,
2025,Nordeste,PB,2500502,Alagoinha,Urbana,Privada,0.0,0.0,0.0,0.0,0.0,0.0,0.0,0.0,0.0,0.0,0.0,0.0,,,,,,,96.6,100.0,100.0,100.0,100.0,90.9,100.0,96.9,100.0,96.5,98.9,98.1,,,,,,,3.4,0.0,0.0,0.0,0.0,9.1,0.0,3.1,0.0,3.5,1.1,1.9,,,,,,
2025,Nordeste,PB,2500502,Alagoinha,Total,Pública,0.0,0.0,1.2,0.0,0.6,0.0,0.0,0.5,0.6,0.3,0.3,0.3,0.0,0.8,0.0,,,0.2,100.0,100.0,98.8,96.1,98.3,98.2,97.9,96.1,99.4,97.8,98.7,98.3,87.7,88.1,98.3,,,90.8,0.0,0.0,0.0,3.9,1.1,1.8,2.1,3.4,0.0,1.9,1.0,1.4,12.3,11.1,1.7,,,9.0
2025,Nordeste,PB,2500502,Alagoinha,Urbana,Pública,0.0,0.0,1.7,0.0,0.8,0.0,0.0,0.5,0.6,0.3,0.5,0.4,0.0,0.8,0.0,,,0.2,100.0,100.0,98.3,94.9,98.4,98.2,97.9,96.1,99.4,97.8,98.3,98.0,87.7,88.1,98.3,,,90.8,0.0,0.0,0.0,5.1,0.8,1.8,2.1,3.4,0.0,1.9,1.2,1.6,12.3,11.1,1.7,,,9.0
2025,Nordeste,PB,2500502,Alagoinha,Rural,Pública,0.0,0.0,0.0,0.0,0.0,,,,,,0.0,0.0,,,,,,,100.0,100.0,100.0,100.0,98.1,,,,,,99.6,99.6,,,,,,,0.0,0.0,0.0,0.0,1.9,,,,,,0.4,0.4,,,,,,
2025,Nordeste,PB,2500536,Alcantil,Total,Total,0.0,0.0,0.0,1.1,0.0,8.1,6.3,11.7,4.6,7.8,0.2,3.4,9.3,0.0,0.0,,,4.1,100.0,100.0,90.8,94.6,99.0,79.3,77.7,77.9,92.4,81.0,96.6,90.0,90.7,100.0,100.0,,,95.9,0.0,0.0,9.2,4.3,1.0,12.6,16.0,10.4,3.0,11.2,3.2,6.6,0.0,0.0,0.0,,,0.0
2025,Nordeste,PB,2500536,Alcantil,Urbana,Total,0.0,0.0,0.0,1.6,0.0,11.3,8.0,16.1,6.2,10.4,0.3,4.9,9.3,0.0,0.0,,,4.1,100.0,100.0,92.9,98.4,98.5,73.2,73.3,73.2,89.6,76.4,97.7,88.1,90.7,100.0,100.0,,,95.9,0.0,0.0,7.1,0.0,1.5,15.5,18.7,10.7,4.2,13.2,2.0,7.0,0.0,0.0,0.0,,,0.0
2025,Nordeste,PB,2500536,Alcantil,Rural,Total,0.0,0.0,0.0,0.0,0.0,2.5,0.0,0.0,0.0,1.0,0.0,0.3,,,,,,,100.0,100.0,87.2,87.1,100.0,90.0,94.7,90.5,100.0,92.9,94.7,94.1,,,,,,,0.0,0.0,12.8,12.9,0.0,7.5,5.3,9.5,0.0,6.1,5.3,5.6,,,,,,
2025,Nordeste,PB,2500536,Alcantil,Total,Estadual,,,,,,,,,,,,,9.3,0.0,0.0,,,4.1,,,,,,,,,,,,,90.7,100.0,100.0,,,95.9,,,,,,,,,,,,,0.0,0.0,0.0,,,0.0
2025,Nordeste,PB,2500536,Alcantil,Urbana,Estadual,,,,,,,,,,,,,9.3,0.0,0.0,,,4.1,,,,,,,,,,,,,90.7,100.0,100.0,,,95.9,,,,,,,,,,,,,0.0,0.0,0.0,,,0.0
2025,Nordeste,PB,2500536,Alcantil,Total,Municipal,0.0,0.0,0.0,1.1,0.0,8.1,6.3,11.7,4.6,7.8,0.2,3.4,,,,,,,100.0,100.0,90.8,94.6,99.0,79.3,77.7,77.9,92.4,81.0,96.6,90.0,,,,,,,0.0,0.0,9.2,4.3,1.0,12.6,16.0,10.4,3.0,11.2,3.2,6.6,,,,,,
2025,Nordeste,PB,2500536,Alcantil,Urbana,Municipal,0.0,0.0,0.0,1.6,0.0,11.3,8.0,16.1,6.2,10.4,0.3,4.9,,,,,,,100.0,100.0,92.9,98.4,98.5,73.2,73.3,73.2,89.6,76.4,97.7,88.1,,,,,,,0.0,0.0,7.1,0.0,1.5,15.5,18.7,10.7,4.2,13.2,2.0,7.0,,,,,,
2025,Nordeste,PB,2500536,Alcantil,Rural,Municipal,0.0,0.0,0.0,0.0,0.0,2.5,0.0,0.0,0.0,1.0,0.0,0.3,,,,,,,100.0,100.0,87.2,87.1,100.0,90.0,94.7,90.5,100.0,92.9,94.7,94.1,,,,,,,0.0,0.0,12.8,12.9,0.0,7.5,5.3,9.5,0.0,6.1,5.3,5.6,,,,,,
2025,Nordeste,PB,2500536,Alcantil,Total,Pública,0.0,0.0,0.0,1.1,0.0,8.1,6.3,11.7,4.6,7.8,0.2,3.4,9.3,0.0,0.0,,,4.1,100.0,100.0,90.8,94.6,99.0,79.3,77.7,77.9,92.4,81.0,96.6,90.0,90.7,100.0,100.0,,,95.9,0.0,0.0,9.2,4.3,1.0,12.6,16.0,10.4,3.0,11.2,3.2,6.6,0.0,0.0,0.0,,,0.0
2025,Nordeste,PB,2500536,Alcantil,Urbana,Pública,0.0,0.0,0.0,1.6,0.0,11.3,8.0,16.1,6.2,10.4,0.3,4.9,9.3,0.0,0.0,,,4.1,100.0,100.0,92.9,98.4,98.5,73.2,73.3,73.2,89.6,76.4,97.7,88.1,90.7,100.0,100.0,,,95.9,0.0,0.0,7.1,0.0,1.5,15.5,18.7,10.7,4.2,13.2,2.0,7.0,0.0,0.0,0.0,,,0.0
2025,Nordeste,PB,2500536,Alcantil,Rural,Pública,0.0,0.0,0.0,0.0,0.0,2.5,0.0,0.0,0.0,1.0,0.0,0.3,,,,,,,100.0,100.0,87.2,87.1,100.0,90.0,94.7,90.5,100.0,92.9,94.7,94.1,,,,,,,0.0,0.0,12.8,12.9,0.0,7.5,5.3,9.5,0.0,6.1,5.3,5.6,,,,,,
2025,Nordeste,PB,2500577,Algodão de Jandaíra,Total,Total,0.0,0.0,0.0,0.0,0.0,1.9,3.0,0.0,0.0,1.2,0.0,0.5,0.0,14.3,0.0,,,4.1,100.0,100.0,98.1,100.0,97.9,88.5,88.2,86.0,100.0,90.2,99.2,95.7,89.8,85.7,100.0,,,91.1,0.0,0.0,1.9,0.0,2.1,9.6,8.8,14.0,0.0,8.6,0.8,3.8,10.2,0.0,0.0,,,4.8
2025,Nordeste,PB,2500577,Algodão de Jandaíra,Urbana,Total,0.0,0.0,0.0,0.0,0.0,1.9,3.0,0.0,0.0,1.2,0.0,0.5,0.0,14.3,0.0,,,4.1,100.0,100.0,98.1,100.0,97.8,88.5,88.2,86.0,100.0,90.2,99.2,95.6,89.8,85.7,100.0,,,91.1,0.0,0.0,1.9,0.0,2.2,9.6,8.8,14.0,0.0,8.6,0.8,3.9,10.2,0.0,0.0,,,4.8
2025,Nordeste,PB,2500577,Algodão de Jandaíra,Rural,Total,0.0,0.0,,0.0,0.0,,,,,,0.0,0.0,,,,,,,100.0,100.0,,100.0,100.0,,,,,,100.0,100.0,,,,,,,0.0,0.0,,0.0,0.0,,,,,,0.0,0.0,,,,,,
2025,Nordeste,PB,2500577,Algodão de Jandaíra,Total,Estadual,,,,,,,,,,,,,0.0,14.3,0.0,,,4.1,,,,,,,,,,,,,89.8,85.7,100.0,,,91.1,,,,,,,,,,,,,10.2,0.0,0.0,,,4.8
2025,Nordeste,PB,2500577,Algodão de Jandaíra,Urbana,Estadual,,,,,,,,,,,,,0.0,14.3,0.0,,,4.1,,,,,,,,,,,,,89.8,85.7,100.0,,,91.1,,,,,,,,,,,,,10.2,0.0,0.0,,,4.8
2025,Nordeste,PB,2500577,Algodão de Jandaíra,Total,Municipal,0.0,0.0,0.0,0.0,0.0,1.9,3.0,0.0,0.0,1.2,0.0,0.5,,,,,,,100.0,100.0,98.1,100.0,97.9,88.5,88.2,86.0,100.0,90.2,99.2,95.7,,,,,,,0.0,0.0,1.9,0.0,2.1,9.6,8.8,14.0,0.0,8.6,0.8,3.8,,,,,,
2025,Nordeste,PB,2500577,Algodão de Jandaíra,Urbana,Municipal,0.0,0.0,0.0,0.0,0.0,1.9,3.0,0.0,0.0,1.2,0.0,0.5,,,,,,,100.0,100.0,98.1,100.0,97.8,88.5,88.2,86.0,100.0,90.2,99.2,95.6,,,,,,,0.0,0.0,1.9,0.0,2.2,9.6,8.8,14.0,0.0,8.6,0.8,3.9,,,,,,
2025,Nordeste,PB,2500577,Algodão de Jandaíra,Rural,Municipal,0.0,0.0,,0.0,0.0,,,,,,0.0,0.0,,,,,,,100.0,100.0,,100.0,100.0,,,,,,100.0,100.0,,,,,,,0.0,0.0,,0.0,0.0,,,,,,0.0,0.0,,,,,,
2025,Nordeste,PB,2500577,Algodão de Jandaíra,Total,Pública,0.0,0.0,0.0,0.0,0.0,1.9,3.0,0.0,0.0,1.2,0.0,0.5,0.0,14.3,0.0,,,4.1,100.0,100.0,98.1,100.0,97.9,88.5,88.2,86.0,100.0,90.2,99.2,95.7,89.8,85.7,100.0,,,91.1,0.0,0.0,1.9,0.0,2.1,9.6,8.8,14.0,0.0,8.6,0.8,3.8,10.2,0.0,0.0,,,4.8
2025,Nordeste,PB,2500577,Algodão de Jandaíra,Urbana,Pública,0.0,0.0,0.0,0.0,0.0,1.9,3.0,0.0,0.0,1.2,0.0,0.5,0.0,14.3,0.0,,,4.1,100.0,100.0,98.1,100.0,97.8,88.5,88.2,86.0,100.0,90.2,99.2,95.6,89.8,85.7,100.0,,,91.1,0.0,0.0,1.9,0.0,2.2,9.6,8.8,14.0,0.0,8.6,0.8,3.9,10.2,0.0,0.0,,,4.8
2025,Nordeste,PB,2500577,Algodão de Jandaíra,Rural,Pública,0.0,0.0,,0.0,0.0,,,,,,0.0,0.0,,,,,,,100.0,100.0,,100.0,100.0,,,,,,100.0,100.0,,,,,,,0.0,0.0,,0.0,0.0,,,,,,0.0,0.0,,,,,,
2025,Nordeste,PB,2500601,Alhandra,Total,Total,1.2,0.9,2.3,0.6,0.7,1.3,1.8,2.6,1.5,1.8,1.1,1.4,6.0,7.8,3.9,,,6.1,98.8,99.1,88.7,93.9,94.8,93.5,91.7,94.6,97.7,94.2,95.0,94.7,89.4,87.9,91.9,,,89.5,0.0,0.0,9.0,5.5,4.5,5.2,6.5,2.8,0.8,4.0,3.9,3.9,4.6,4.3,4.2,,,4.4
2025,Nordeste,PB,2500601,Alhandra,Urbana,Total,1.8,1.7,2.9,1.1,0.7,1.9,2.3,3.7,2.1,2.4,1.7,2.1,7.2,8.6,4.9,,,7.0,98.2,98.3,85.8,90.2,95.3,93.5,91.0,94.4,96.9,93.9,93.4,93.6,90.3,89.6,91.5,,,90.4,0.0,0.0,11.3,8.7,4.0,4.6,6.7,1.9,1.0,3.7,4.9,4.3,2.5,1.8,3.6,,,2.6
2025,Nordeste,PB,2500601,Alhandra,Rural,Total,0.5,0.0,1.5,0.0,0.5,0.0,0.8,0.0,0.0,0.2,0.6,0.4,2.0,4.2,0.0,,,2.2,99.5,100.0,92.3,99.4,94.2,93.4,93.3,95.2,100.0,95.1,97.0,96.4,86.0,80.3,93.4,,,86.2,0.0,0.0,6.2,0.6,5.3,6.6,5.9,4.8,0.0,4.7,2.4,3.2,12.0,15.5,6.6,,,11.6
2025,Nordeste,PB,2500601,Alhandra,Total,Estadual,,,,,,0.6,0.5,1.1,0.9,0.8,,0.8,6.2,7.9,4.0,,,6.2,,,,,,95.9,97.0,97.8,98.7,97.4,,97.4,89.1,87.8,91.7,,,89.3,,,,,,3.5,2.5,1.1,0.4,1.8,,1.8,4.7,4.3,4.3,,,4.5
2025,Nordeste,PB,2500601,Alhandra,Urbana,Estadual,,,,,,0.9,0.6,1.3,1.0,0.9,,0.9,7.5,8.7,5.0,,,7.3,,,,,,98.3,97.4,98.0,98.5,98.1,,98.1,89.9,89.4,91.3,,,90.1,,,,,,0.8,2.0,0.7,0.5,1.0,,1.0,2.6,1.9,3.7,,,2.6
2025,Nordeste,PB,2500601,Alhandra,Rural,Estadual,,,,,,0.0,0.0,0.0,0.0,0.0,,0.0,2.0,4.2,0.0,,,2.2,,,,,,90.2,95.7,96.8,100.0,95.0,,95.0,86.0,80.3,93.4,,,86.2,,,,,,9.8,4.3,3.2,0.0,5.0,,5.0,12.0,15.5,6.6,,,11.6
2025,Nordeste,PB,2500601,Alhandra,Total,Municipal,1.6,1.2,2.3,0.6,0.8,2.1,3.2,4.4,3.1,3.2,1.3,1.9,,,,,,,98.4,98.8,86.5,92.9,93.5,90.3,85.8,92.2,96.1,90.4,93.9,92.8,,,,,,,0.0,0.0,11.2,6.5,5.7,7.6,11.0,3.4,0.8,6.4,4.8,5.3,,,,,,
2025,Nordeste,PB,2500601,Alhandra,Urbana,Municipal,3.4,2.9,3.3,1.4,1.1,3.6,4.6,9.3,6.5,5.6,2.3,3.5,,,,,,,96.6,97.1,78.9,85.1,92.8,86.9,81.7,89.5,91.9,86.5,89.8,88.6,,,,,,,0.0,0.0,17.8,13.5,6.1,9.5,13.7,1.2,1.6,7.9,7.9,7.9,,,,,,
2025,Nordeste,PB,2500601,Alhandra,Rural,Municipal,0.5,0.0,1.5,0.0,0.5,0.0,1.2,0.0,0.0,0.3,0.6,0.5,,,,,,,99.5,100.0,92.3,99.4,94.2,95.0,92.0,94.6,100.0,95.1,97.0,96.5,,,,,,,0.0,0.0,6.2,0.6,5.3,5.0,6.8,5.4,0.0,4.6,2.4,3.0,,,,,,
2025,Nordeste,PB,2500601,Alhandra,Total,Privada,0.0,0.0,2.3,0.8,0.0,0.0,0.0,0.0,0.0,0.0,0.6,0.5,0.0,0.0,0.0,,,0.0,100.0,100.0,97.7,96.6,100.0,100.0,100.0,91.2,95.7,97.1,98.8,98.4,100.0,100.0,100.0,,,100.0,0.0,0.0,0.0,2.6,0.0,0.0,0.0,8.8,4.3,2.9,0.6,1.1,0.0,0.0,0.0,,,0.0
2025,Nordeste,PB,2500601,Alhandra,Urbana,Privada,0.0,0.0,2.3,0.8,0.0,0.0,0.0,0.0,0.0,0.0,0.6,0.5,0.0,0.0,0.0,,,0.0,100.0,100.0,97.7,96.6,100.0,100.0,100.0,91.2,95.7,97.1,98.8,98.4,100.0,100.0,100.0,,,100.0,0.0,0.0,0.0,2.6,0.0,0.0,0.0,8.8,4.3,2.9,0.6,1.1,0.0,0.0,0.0,,,0.0
2025,Nordeste,PB,2500601,Alhandra,Total,Pública,1.6,1.2,2.3,0.6,0.8,1.4,2.0,2.8,1.6,1.9,1.3,1.6,6.2,7.9,4.0,,,6.2,98.4,98.8,86.5,92.9,93.5,92.7,91.1,95.0,97.8,94.0,93.9,93.9,89.1,87.8,91.7,,,89.3,0.0,0.0,11.2,6.5,5.7,5.9,6.9,2.2,0.6,4.1,4.8,4.5,4.7,4.3,4.3,,,4.5
2025,Nordeste,PB,2500601,Alhandra,Urbana,Pública,3.4,2.9,3.3,1.4,1.1,2.4,2.5,4.2,2.2,2.8,2.3,2.6,7.5,8.7,5.0,,,7.3,96.6,97.1,78.9,85.1,92.8,92.2,90.1,94.9,97.0,93.4,89.8,91.9,89.9,89.4,91.3,,,90.1,0.0,0.0,17.8,13.5,6.1,5.4,7.4,0.9,0.8,3.8,7.9,5.5,2.6,1.9,3.7,,,2.6
2025,Nordeste,PB,2500601,Alhandra,Rural,Pública,0.5,0.0,1.5,0.0,0.5,0.0,0.8,0.0,0.0,0.2,0.6,0.4,2.0,4.2,0.0,,,2.2,99.5,100.0,92.3,99.4,94.2,93.4,93.3,95.2,100.0,95.1,97.0,96.4,86.0,80.3,93.4,,,86.2,0.0,0.0,6.2,0.6,5.3,6.6,5.9,4.8,0.0,4.7,2.4,3.2,12.0,15.5,6.6,,,11.6
2025,Nordeste,PB,2500700,São João do Rio do Peixe,Total,Total,0.0,0.0,0.0,0.0,0.0,0.0,1.4,0.5,0.0,0.5,0.0,0.2,0.0,0.0,0.0,,,0.0,100.0,98.6,99.4,99.4,99.0,93.3,95.9,96.0,98.9,96.0,99.3,97.8,100.0,97.8,96.2,,,98.1,0.0,1.4,0.6,0.6,1.0,6.7,2.7,3.5,1.1,3.5,0.7,2.0,0.0,2.2,3.8,,,1.9
2025,Nordeste,PB,2500700,São João do Rio do Peixe,Urbana,Total,0.0,0.0,0.0,0.0,0.0,0.0,0.5,0.0,0.0,0.1,0.0,0.1,0.0,0.0,0.0,,,0.0,100.0,100.0,100.0,98.9,100.0,91.2,95.9,95.4,98.6,95.4,99.8,97.5,100.0,97.6,95.9,,,98.0,0.0,0.0,0.0,1.1,0.0,8.8,3.6,4.6,1.4,4.5,0.2,2.4,0.0,2.4,4.1,,,2.0
2025,Nordeste,PB,2500700,São João do Rio do Peixe,Rural,Total,0.0,0.0,0.0,0.0,0.0,0.0,3.9,2.1,0.0,1.5,0.0,0.5,0.0,0.0,0.0,,,0.0,100.0,96.7,98.6,100.0,97.2,98.3,96.1,97.9,100.0,98.0,98.5,98.4,100.0,100.0,100.0,,,100.0,0.0,3.3,1.4,0.0,2.8,1.7,0.0,0.0,0.0,0.5,1.5,1.1,0.0,0.0,0.0,,,0.0
2025,Nordeste,PB,2500700,São João do Rio do Peixe,Total,Estadual,,,,,,0.0,0.0,0.0,0.0,0.0,,0.0,0.0,0.0,0.0,,,0.0,,,,,,94.6,96.1,100.0,94.4,96.4,,96.4,100.0,97.8,96.2,,,98.1,,,,,,5.4,3.9,0.0,5.6,3.6,,3.6,0.0,2.2,3.8,,,1.9
2025,Nordeste,PB,2500700,São João do Rio do Peixe,Urbana,Estadual,,,,,,0.0,0.0,0.0,0.0,0.0,,0.0,0.0,0.0,0.0,,,0.0,,,,,,94.6,96.1,100.0,94.4,96.4,,96.4,100.0,97.6,95.9,,,98.0,,,,,,5.4,3.9,0.0,5.6,3.6,,3.6,0.0,2.4,4.1,,,2.0
2025,Nordeste,PB,2500700,São João do Rio do Peixe,Rural,Estadual,,,,,,,,,,,,,0.0,0.0,0.0,,,0.0,,,,,,,,,,,,,100.0,100.0,100.0,,,100.0,,,,,,,,,,,,,0.0,0.0,0.0,,,0.0
2025,Nordeste,PB,2500700,São João do Rio do Peixe,Total,Municipal,0.0,0.0,0.0,0.0,0.0,0.0,1.8,0.6,0.0,0.6,0.0,0.3,,,,,,,100.0,98.3,99.3,99.3,98.7,92.4,95.7,94.7,100.0,95.7,99.1,97.6,,,,,,,0.0,1.7,0.7,0.7,1.3,7.6,2.5,4.7,0.0,3.7,0.9,2.1,,,,,,
2025,Nordeste,PB,2500700,São João do Rio do Peixe,Urbana,Municipal,0.0,0.0,0.0,0.0,0.0,0.0,0.9,0.0,0.0,0.2,0.0,0.2,,,,,,,100.0,100.0,100.0,98.4,100.0,88.4,95.5,93.1,100.0,94.6,99.7,97.0,,,,,,,0.0,0.0,0.0,1.6,0.0,11.6,3.6,6.9,0.0,5.2,0.3,2.8,,,,,,
2025,Nordeste,PB,2500700,São João do Rio do Peixe,Rural,Municipal,0.0,0.0,0.0,0.0,0.0,0.0,3.9,2.1,0.0,1.5,0.0,0.5,,,,,,,100.0,96.7,98.6,100.0,97.2,98.3,96.1,97.9,100.0,98.0,98.5,98.4,,,,,,,0.0,3.3,1.4,0.0,2.8,1.7,0.0,0.0,0.0,0.5,1.5,1.1,,,,,,
2025,Nordeste,PB,2500700,São João do Rio do Peixe,Total,Privada,0.0,0.0,0.0,0.0,0.0,0.0,0.0,0.0,0.0,0.0,0.0,0.0,,,,,,,100.0,100.0,100.0,100.0,100.0,100.0,100.0,100.0,100.0,100.0,100.0,100.0,,,,,,,0.0,0.0,0.0,0.0,0.0,0.0,0.0,0.0,0.0,0.0,0.0,0.0,,,,,,
2025,Nordeste,PB,2500700,São João do Rio do Peixe,Urbana,Privada,0.0,0.0,0.0,0.0,0.0,0.0,0.0,0.0,0.0,0.0,0.0,0.0,,,,,,,100.0,100.0,100.0,100.0,100.0,100.0,100.0,100.0,100.0,100.0,100.0,100.0,,,,,,,0.0,0.0,0.0,0.0,0.0,0.0,0.0,0.0,0.0,0.0,0.0,0.0,,,,,,
2025,Nordeste,PB,2500700,São João do Rio do Peixe,Total,Pública,0.0,0.0,0.0,0.0,0.0,0.0,1.4,0.5,0.0,0.6,0.0,0.2,0.0,0.0,0.0,,,0.0,100.0,98.3,99.3,99.3,98.7,92.8,95.8,95.9,98.9,95.8,99.1,97.5,100.0,97.8,96.2,,,98.1,0.0,1.7,0.7,0.7,1.3,7.2,2.8,3.6,1.1,3.6,0.9,2.3,0.0,2.2,3.8,,,1.9
2025,Nordeste,PB,2500700,São João do Rio do Peixe,Urbana,Pública,0.0,0.0,0.0,0.0,0.0,0.0,0.6,0.0,0.0,0.2,0.0,0.1,0.0,0.0,0.0,,,0.0,100.0,100.0,100.0,98.4,100.0,90.2,95.7,95.2,98.6,95.1,99.7,96.9,100.0,97.6,95.9,,,98.0,0.0,0.0,0.0,1.6,0.0,9.8,3.7,4.8,1.4,4.7,0.3,3.0,0.0,2.4,4.1,,,2.0
2025,Nordeste,PB,2500700,São João do Rio do Peixe,Rural,Pública,0.0,0.0,0.0,0.0,0.0,0.0,3.9,2.1,0.0,1.5,0.0,0.5,0.0,0.0,0.0,,,0.0,100.0,96.7,98.6,100.0,97.2,98.3,96.1,97.9,100.0,98.0,98.5,98.4,100.0,100.0,100.0,,,100.0,0.0,3.3,1.4,0.0,2.8,1.7,0.0,0.0,0.0,0.5,1.5,1.1,0.0,0.0,0.0,,,0.0
2025,Nordeste,PB,2500734,Amparo,Total,Total,0.0,0.0,0.0,0.0,0.0,0.0,0.0,0.0,0.0,0.0,0.0,0.0,0.0,0.0,0.0,,,0.0,100.0,100.0,100.0,100.0,100.0,95.3,86.5,95.1,100.0,94.2,100.0,97.2,100.0,100.0,100.0,,,100.0,0.0,0.0,0.0,0.0,0.0,4.7,13.5,4.9,0.0,5.8,0.0,2.8,0.0,0.0,0.0,,,0.0
2025,Nordeste,PB,2500734,Amparo,Urbana,Total,0.0,0.0,0.0,0.0,,0.0,0.0,0.0,0.0,0.0,0.0,0.0,0.0,0.0,0.0,,,0.0,100.0,100.0,100.0,100.0,,95.3,86.5,95.1,100.0,94.2,100.0,96.2,100.0,100.0,100.0,,,100.0,0.0,0.0,0.0,0.0,,4.7,13.5,4.9,0.0,5.8,0.0,3.8,0.0,0.0,0.0,,,0.0
2025,Nordeste,PB,2500734,Amparo,Rural,Total,,0.0,0.0,0.0,0.0,,,,,,0.0,0.0,,,,,,,,100.0,100.0,100.0,100.0,,,,,,100.0,100.0,,,,,,,,0.0,0.0,0.0,0.0,,,,,,0.0,0.0,,,,,,
2025,Nordeste,PB,2500734,Amparo,Total,Estadual,,,,,,,,,,,,,0.0,0.0,0.0,,,0.0,,,,,,,,,,,,,100.0,100.0,100.0,,,100.0,,,,,,,,,,,,,0.0,0.0,0.0,,,0.0
2025,Nordeste,PB,2500734,Amparo,Urbana,Estadual,,,,,,,,,,,,,0.0,0.0,0.0,,,0.0,,,,,,,,,,,,,100.0,100.0,100.0,,,100.0,,,,,,,,,,,,,0.0,0.0,0.0,,,0.0
2025,Nordeste,PB,2500734,Amparo,Total,Municipal,0.0,0.0,0.0,0.0,0.0,0.0,0.0,0.0,0.0,0.0,0.0,0.0,,,,,,,100.0,100.0,100.0,100.0,100.0,95.3,86.5,95.1,100.0,94.2,100.0,97.2,,,,,,,0.0,0.0,0.0,0.0,0.0,4.7,13.5,4.9,0.0,5.8,0.0,2.8,,,,,,
2025,Nordeste,PB,2500734,Amparo,Urbana,Municipal,0.0,0.0,0.0,0.0,,0.0,0.0,0.0,0.0,0.0,0.0,0.0,,,,,,,100.0,100.0,100.0,100.0,,95.3,86.5,95.1,100.0,94.2,100.0,96.2,,,,,,,0.0,0.0,0.0,0.0,,4.7,13.5,4.9,0.0,5.8,0.0,3.8,,,,,,
2025,Nordeste,PB,2500734,Amparo,Rural,Municipal,,0.0,0.0,0.0,0.0,,,,,,0.0,0.0,,,,,,,,100.0,100.0,100.0,100.0,,,,,,100.0,100.0,,,,,,,,0.0,0.0,0.0,0.0,,,,,,0.0,0.0,,,,,,
2025,Nordeste,PB,2500734,Amparo,Total,Pública,0.0,0.0,0.0,0.0,0.0,0.0,0.0,0.0,0.0,0.0,0.0,0.0,0.0,0.0,0.0,,,0.0,100.0,100.0,100.0,100.0,100.0,95.3,86.5,95.1,100.0,94.2,100.0,97.2,100.0,100.0,100.0,,,100.0,0.0,0.0,0.0,0.0,0.0,4.7,13.5,4.9,0.0,5.8,0.0,2.8,0.0,0.0,0.0,,,0.0
2025,Nordeste,PB,2500734,Amparo,Urbana,Pública,0.0,0.0,0.0,0.0,,0.0,0.0,0.0,0.0,0.0,0.0,0.0,0.0,0.0,0.0,,,0.0,100.0,100.0,100.0,100.0,,95.3,86.5,95.1,100.0,94.2,100.0,96.2,100.0,100.0,100.0,,,100.0,0.0,0.0,0.0,0.0,,4.7,13.5,4.9,0.0,5.8,0.0,3.8,0.0,0.0,0.0,,,0.0
2025,Nordeste,PB,2500734,Amparo,Rural,Pública,,0.0,0.0,0.0,0.0,,,,,,0.0,0.0,,,,,,,,100.0,100.0,100.0,100.0,,,,,,100.0,100.0,,,,,,,,0.0,0.0,0.0,0.0,,,,,,0.0,0.0,,,,,,
2025,Nordeste,PB,2500775,Aparecida,Total,Total,0.0,0.0,0.0,0.0,0.0,0.0,0.0,0.0,0.0,0.0,0.0,0.0,2.4,0.0,0.0,,,1.0,100.0,100.0,97.9,97.4,99.2,95.5,100.0,93.8,97.6,96.7,98.9,97.9,90.5,98.5,97.6,,,94.8,0.0,0.0,2.1,2.6,0.8,4.5,0.0,6.2,2.4,3.3,1.1,2.1,7.1,1.5,2.4,,,4.2
2025,Nordeste,PB,2500775,Aparecida,Urbana,Total,0.0,0.0,0.0,0.0,0.0,0.0,0.0,0.0,0.0,0.0,0.0,0.0,2.4,0.0,0.0,,,1.0,100.0,100.0,100.0,100.0,100.0,95.5,100.0,93.8,97.6,96.7,100.0,98.3,90.5,98.5,97.6,,,94.8,0.0,0.0,0.0,0.0,0.0,4.5,0.0,6.2,2.4,3.3,0.0,1.7,7.1,1.5,2.4,,,4.2
2025,Nordeste,PB,2500775,Aparecida,Rural,Total,0.0,0.0,0.0,0.0,0.0,,,,,,0.0,0.0,,,,,,,100.0,100.0,93.3,91.7,92.9,,,,,,95.7,95.7,,,,,,,0.0,0.0,6.7,8.3,7.1,,,,,,4.3,4.3,,,,,,
2025,Nordeste,PB,2500775,Aparecida,Total,Estadual,,,,,,,,,,,,,2.4,0.0,0.0,,,1.0,,,,,,,,,,,,,90.5,98.5,97.6,,,94.8,,,,,,,,,,,,,7.1,1.5,2.4,,,4.2
2025,Nordeste,PB,2500775,Aparecida,Urbana,Estadual,,,,,,,,,,,,,2.4,0.0,0.0,,,1.0,,,,,,,,,,,,,90.5,98.5,97.6,,,94.8,,,,,,,,,,,,,7.1,1.5,2.4,,,4.2
2025,Nordeste,PB,2500775,Aparecida,Total,Municipal,0.0,0.0,0.0,0.0,0.0,0.0,0.0,0.0,0.0,0.0,0.0,0.0,,,,,,,100.0,100.0,97.5,96.9,99.0,95.0,100.0,93.4,97.4,96.4,98.6,97.6,,,,,,,0.0,0.0,2.5,3.1,1.0,5.0,0.0,6.6,2.6,3.6,1.4,2.4,,,,,,
2025,Nordeste,PB,2500775,Aparecida,Urbana,Municipal,0.0,0.0,0.0,0.0,0.0,0.0,0.0,0.0,0.0,0.0,0.0,0.0,,,,,,,100.0,100.0,100.0,100.0,100.0,95.0,100.0,93.4,97.4,96.4,100.0,98.0,,,,,,,0.0,0.0,0.0,0.0,0.0,5.0,0.0,6.6,2.6,3.6,0.0,2.0,,,,,,
2025,Nordeste,PB,2500775,Aparecida,Rural,Municipal,0.0,0.0,0.0,0.0,0.0,,,,,,0.0,0.0,,,,,,,100.0,100.0,93.3,91.7,92.9,,,,,,95.7,95.7,,,,,,,0.0,0.0,6.7,8.3,7.1,,,,,,4.3,4.3,,,,,,
2025,Nordeste,PB,2500775,Aparecida,Total,Privada,0.0,0.0,0.0,0.0,0.0,0.0,0.0,0.0,0.0,0.0,0.0,0.0,,,,,,,100.0,100.0,100.0,100.0,100.0,100.0,100.0,100.0,100.0,100.0,100.0,100.0,,,,,,,0.0,0.0,0.0,0.0,0.0,0.0,0.0,0.0,0.0,0.0,0.0,0.0,,,,,,
2025,Nordeste,PB,2500775,Aparecida,Urbana,Privada,0.0,0.0,0.0,0.0,0.0,0.0,0.0,0.0,0.0,0.0,0.0,0.0,,,,,,,100.0,100.0,100.0,100.0,100.0,100.0,100.0,100.0,100.0,100.0,100.0,100.0,,,,,,,0.0,0.0,0.0,0.0,0.0,0.0,0.0,0.0,0.0,0.0,0.0,0.0,,,,,,
2025,Nordeste,PB,2500775,Aparecida,Total,Pública,0.0,0.0,0.0,0.0,0.0,0.0,0.0,0.0,0.0,0.0,0.0,0.0,2.4,0.0,0.0,,,1.0,100.0,100.0,97.5,96.9,99.0,95.0,100.0,93.4,97.4,96.4,98.6,97.6,90.5,98.5,97.6,,,94.8,0.0,0.0,2.5,3.1,1.0,5.0,0.0,6.6,2.6,3.6,1.4,2.4,7.1,1.5,2.4,,,4.2
2025,Nordeste,PB,2500775,Aparecida,Urbana,Pública,0.0,0.0,0.0,0.0,0.0,0.0,0.0,0.0,0.0,0.0,0.0,0.0,2.4,0.0,0.0,,,1.0,100.0,100.0,100.0,100.0,100.0,95.0,100.0,93.4,97.4,96.4,100.0,98.0,90.5,98.5,97.6,,,94.8,0.0,0.0,0.0,0.0,0.0,5.0,0.0,6.6,2.6,3.6,0.0,2.0,7.1,1.5,2.4,,,4.2
2025,Nordeste,PB,2500775,Aparecida,Rural,Pública,0.0,0.0,0.0,0.0,0.0,,,,,,0.0,0.0,,,,,,,100.0,100.0,93.3,91.7,92.9,,,,,,95.7,95.7,,,,,,,0.0,0.0,6.7,8.3,7.1,,,,,,4.3,4.3,,,,,,
2025,Nordeste,PB,2500809,Araçagi,Total,Total,1.3,0.4,0.8,0.0,0.9,2.6,3.6,2.1,3.5,2.9,0.7,1.6,1.0,1.1,1.2,,,1.1,97.8,99.6,98.8,100.0,97.8,95.7,95.5,97.9,95.5,96.2,98.8,97.7,99.0,98.4,98.2,,,98.5,0.9,0.0,0.4,0.0,1.3,1.7,0.9,0.0,1.0,0.9,0.5,0.7,0.0,0.5,0.6,,,0.4
2025,Nordeste,PB,2500809,Araçagi,Urbana,Total,1.5,0.7,0.7,0.0,0.7,2.2,4.3,0.6,4.0,2.7,0.7,1.7,1.0,1.1,1.2,,,1.1,97.7,99.3,98.6,100.0,98.6,97.2,95.7,99.4,94.7,96.9,98.9,97.9,99.0,98.4,98.2,,,98.5,0.8,0.0,0.7,0.0,0.7,0.6,0.0,0.0,1.3,0.4,0.4,0.4,0.0,0.5,0.6,,,0.4
2025,Nordeste,PB,2500809,Araçagi,Rural,Total,1.1,0.0,1.0,0.0,1.1,3.8,1.6,6.8,2.1,3.6,0.6,1.6,,,,,,,97.9,100.0,99.0,100.0,96.6,90.4,95.1,93.2,97.9,94.1,98.8,97.3,,,,,,,1.0,0.0,0.0,0.0,2.3,5.8,3.3,0.0,0.0,2.3,0.6,1.1,,,,,,
2025,Nordeste,PB,2500809,Araçagi,Total,Estadual,,,,,,,,,,,,,1.0,1.1,1.2,,,1.1,,,,,,,,,,,,,99.0,98.4,98.2,,,98.5,,,,,,,,,,,,,0.0,0.5,0.6,,,0.4
2025,Nordeste,PB,2500809,Araçagi,Urbana,Estadual,,,,,,,,,,,,,1.0,1.1,1.2,,,1.1,,,,,,,,,,,,,99.0,98.4,98.2,,,98.5,,,,,,,,,,,,,0.0,0.5,0.6,,,0.4
2025,Nordeste,PB,2500809,Araçagi,Total,Municipal,1.7,0.5,0.5,0.0,0.5,3.0,3.8,2.3,4.0,3.3,0.6,1.8,,,,,,,97.7,99.5,99.5,100.0,98.5,95.0,95.2,97.7,94.8,95.7,99.1,97.6,,,,,,,0.6,0.0,0.0,0.0,1.0,2.0,1.0,0.0,1.2,1.0,0.3,0.6,,,,,,
2025,Nordeste,PB,2500809,Araçagi,Urbana,Municipal,2.5,1.0,0.0,0.0,0.0,2.7,4.8,0.6,4.9,3.1,0.6,2.0,,,,,,,97.5,99.0,100.0,100.0,100.0,96.6,95.2,99.4,93.5,96.4,99.4,97.7,,,,,,,0.0,0.0,0.0,0.0,0.0,0.7,0.0,0.0,1.6,0.5,0.0,0.3,,,,,,
2025,Nordeste,PB,2500809,Araçagi,Rural,Municipal,1.1,0.0,1.0,0.0,1.1,3.8,1.6,6.8,2.1,3.6,0.6,1.6,,,,,,,97.9,100.0,99.0,100.0,96.6,90.4,95.1,93.2,97.9,94.1,98.8,97.3,,,,,,,1.0,0.0,0.0,0.0,2.3,5.8,3.3,0.0,0.0,2.3,0.6,1.1,,,,,,
2025,Nordeste,PB,2500809,Araçagi,Total,Privada,0.0,0.0,1.9,0.0,2.7,0.0,0.0,0.0,0.0,0.0,0.9,0.7,,,,,,,98.0,100.0,96.1,100.0,94.6,100.0,100.0,100.0,100.0,100.0,97.8,98.4,,,,,,,2.0,0.0,2.0,0.0,2.7,0.0,0.0,0.0,0.0,0.0,1.3,0.9,,,,,,
2025,Nordeste,PB,2500809,Araçagi,Urbana,Privada,0.0,0.0,1.9,0.0,2.7,0.0,0.0,0.0,0.0,0.0,0.9,0.7,,,,,,,98.0,100.0,96.1,100.0,94.6,100.0,100.0,100.0,100.0,100.0,97.8,98.4,,,,,,,2.0,0.0,2.0,0.0,2.7,0.0,0.0,0.0,0.0,0.0,1.3,0.9,,,,,,
2025,Nordeste,PB,2500809,Araçagi,Total,Pública,1.7,0.5,0.5,0.0,0.5,3.0,3.8,2.3,4.0,3.3,0.6,1.8,1.0,1.1,1.2,,,1.1,97.7,99.5,99.5,100.0,98.5,95.0,95.2,97.7,94.8,95.7,99.1,97.6,99.0,98.4,98.2,,,98.5,0.6,0.0,0.0,0.0,1.0,2.0,1.0,0.0,1.2,1.0,0.3,0.6,0.0,0.5,0.6,,,0.4
2025,Nordeste,PB,2500809,Araçagi,Urbana,Pública,2.5,1.0,0.0,0.0,0.0,2.7,4.8,0.6,4.9,3.1,0.6,2.0,1.0,1.1,1.2,,,1.1,97.5,99.0,100.0,100.0,100.0,96.6,95.2,99.4,93.5,96.4,99.4,97.7,99.0,98.4,98.2,,,98.5,0.0,0.0,0.0,0.0,0.0,0.7,0.0,0.0,1.6,0.5,0.0,0.3,0.0,0.5,0.6,,,0.4
2025,Nordeste,PB,2500809,Araçagi,Rural,Pública,1.1,0.0,1.0,0.0,1.1,3.8,1.6,6.8,2.1,3.6,0.6,1.6,,,,,,,97.9,100.0,99.0,100.0,96.6,90.4,95.1,93.2,97.9,94.1,98.8,97.3,,,,,,,1.0,0.0,0.0,0.0,2.3,5.8,3.3,0.0,0.0,2.3,0.6,1.1,,,,,,
2025,Nordeste,PB,2500908,Arara,Total,Total,0.0,0.0,1.7,0.0,0.0,3.2,0.6,0.0,0.5,1.2,0.3,0.7,8.3,4.5,3.8,,,5.7,100.0,100.0,98.3,99.3,100.0,80.0,83.8,89.3,94.4,86.8,99.6,93.2,89.8,95.5,95.6,,,93.4,0.0,0.0,0.0,0.7,0.0,16.8,15.6,10.7,5.1,12.0,0.1,6.1,1.9,0.0,0.6,,,0.9
2025,Nordeste,PB,2500908,Arara,Urbana,Total,0.0,0.0,1.9,0.0,0.0,3.2,0.6,0.0,0.5,1.2,0.3,0.8,8.3,4.5,3.8,,,5.7,100.0,100.0,98.1,99.3,100.0,80.0,83.8,89.3,94.4,86.8,99.5,92.7,89.8,95.5,95.6,,,93.4,0.0,0.0,0.0,0.7,0.0,16.8,15.6,10.7,5.1,12.0,0.2,6.5,1.9,0.0,0.6,,,0.9
2025,Nordeste,PB,2500908,Arara,Rural,Total,0.0,0.0,0.0,0.0,0.0,,,,,,0.0,0.0,,,,,,,100.0,100.0,100.0,100.0,100.0,,,,,,100.0,100.0,,,,,,,0.0,0.0,0.0,0.0,0.0,,,,,,0.0,0.0,,,,,,
2025,Nordeste,PB,2500908,Arara,Total,Estadual,,,,,,8.5,2.1,0.0,1.7,2.9,,2.9,8.3,4.5,3.8,,,5.7,,,,,,89.4,93.6,90.6,98.3,93.2,,93.2,89.8,95.5,95.6,,,93.4,,,,,,2.1,4.3,9.4,0.0,3.9,,3.9,1.9,0.0,0.6,,,0.9
2025,Nordeste,PB,2500908,Arara,Urbana,Estadual,,,,,,8.5,2.1,0.0,1.7,2.9,,2.9,8.3,4.5,3.8,,,5.7,,,,,,89.4,93.6,90.6,98.3,93.2,,93.2,89.8,95.5,95.6,,,93.4,,,,,,2.1,4.3,9.4,0.0,3.9,,3.9,1.9,0.0,0.6,,,0.9
2025,Nordeste,PB,2500908,Arara,Total,Municipal,0.0,0.0,2.7,0.0,0.0,1.7,0.0,0.0,0.0,0.5,0.4,0.4,,,,,,,100.0,100.0,97.3,100.0,100.0,72.5,75.3,86.8,90.1,80.7,99.6,90.9,,,,,,,0.0,0.0,0.0,0.0,0.0,25.8,24.7,13.2,9.9,18.8,0.0,8.7,,,,,,
2025,Nordeste,PB,2500908,Arara,Urbana,Municipal,0.0,0.0,3.2,0.0,0.0,1.7,0.0,0.0,0.0,0.5,0.5,0.5,,,,,,,100.0,100.0,96.8,100.0,100.0,72.5,75.3,86.8,90.1,80.7,99.5,89.8,,,,,,,0.0,0.0,0.0,0.0,0.0,25.8,24.7,13.2,9.9,18.8,0.0,9.7,,,,,,
2025,Nordeste,PB,2500908,Arara,Rural,Municipal,0.0,0.0,0.0,0.0,0.0,,,,,,0.0,0.0,,,,,,,100.0,100.0,100.0,100.0,100.0,,,,,,100.0,100.0,,,,,,,0.0,0.0,0.0,0.0,0.0,,,,,,0.0,0.0,,,,,,
2025,Nordeste,PB,2500908,Arara,Total,Privada,0.0,0.0,0.0,0.0,0.0,0.0,0.0,0.0,0.0,0.0,0.0,0.0,,,,,,,100.0,100.0,100.0,98.0,100.0,100.0,100.0,100.0,100.0,100.0,99.6,99.7,,,,,,,0.0,0.0,0.0,2.0,0.0,0.0,0.0,0.0,0.0,0.0,0.4,0.3,,,,,,
2025,Nordeste,PB,2500908,Arara,Urbana,Privada,0.0,0.0,0.0,0.0,0.0,0.0,0.0,0.0,0.0,0.0,0.0,0.0,,,,,,,100.0,100.0,100.0,98.0,100.0,100.0,100.0,100.0,100.0,100.0,99.6,99.7,,,,,,,0.0,0.0,0.0,2.0,0.0,0.0,0.0,0.0,0.0,0.0,0.4,0.3,,,,,,
2025,Nordeste,PB,2500908,Arara,Total,Pública,0.0,0.0,2.7,0.0,0.0,3.6,0.7,0.0,0.7,1.3,0.4,0.9,8.3,4.5,3.8,,,5.7,100.0,100.0,97.3,100.0,100.0,77.2,81.4,88.1,93.3,84.9,99.6,91.3,89.8,95.5,95.6,,,93.4,0.0,0.0,0.0,0.0,0.0,19.2,17.9,11.9,6.0,13.8,0.0,7.8,1.9,0.0,0.6,,,0.9
2025,Nordeste,PB,2500908,Arara,Urbana,Pública,0.0,0.0,3.2,0.0,0.0,3.6,0.7,0.0,0.7,1.3,0.5,1.0,8.3,4.5,3.8,,,5.7,100.0,100.0,96.8,100.0,100.0,77.2,81.4,88.1,93.3,84.9,99.5,90.5,89.8,95.5,95.6,,,93.4,0.0,0.0,0.0,0.0,0.0,19.2,17.9,11.9,6.0,13.8,0.0,8.5,1.9,0.0,0.6,,,0.9
2025,Nordeste,PB,2500908,Arara,Rural,Pública,0.0,0.0,0.0,0.0,0.0,,,,,,0.0,0.0,,,,,,,100.0,100.0,100.0,100.0,100.0,,,,,,100.0,100.0,,,,,,,0.0,0.0,0.0,0.0,0.0,,,,,,0.0,0.0,,,,,,
2025,Nordeste,PB,2501005,Araruna,Total,Total,0.0,0.0,0.0,0.8,0.0,4.5,2.6,3.5,0.4,2.8,0.2,1.3,4.7,6.0,8.1,,,5.9,99.6,99.2,96.7,99.2,98.8,91.1,94.9,95.0,98.3,94.7,98.7,96.9,92.6,92.7,91.9,,,92.5,0.4,0.8,3.3,0.0,1.2,4.4,2.5,1.5,1.3,2.5,1.1,1.8,2.7,1.3,0.0,,,1.6
2025,Nordeste,PB,2501005,Araruna,Urbana,Total,0.0,0.0,0.0,0.6,0.0,5.9,3.7,5.4,0.7,4.1,0.1,1.9,4.7,6.0,8.1,,,5.9,99.4,100.0,97.2,99.4,99.4,90.1,93.2,92.6,98.0,93.2,99.1,96.4,92.6,92.7,91.9,,,92.5,0.6,0.0,2.8,0.0,0.6,4.0,3.1,2.0,1.3,2.7,0.8,1.7,2.7,1.3,0.0,,,1.6
2025,Nordeste,PB,2501005,Araruna,Rural,Total,0.0,0.0,0.0,1.3,0.0,1.1,0.0,0.9,0.0,0.5,0.3,0.4,,,,,,,100.0,98.0,95.2,98.7,97.6,93.4,98.8,98.2,98.8,97.3,98.0,97.7,,,,,,,0.0,2.0,4.8,0.0,2.4,5.5,1.2,0.9,1.2,2.2,1.7,1.9,,,,,,
2025,Nordeste,PB,2501005,Araruna,Total,Estadual,,,,,,,,,0.0,0.0,,0.0,4.7,6.0,8.1,,,5.9,,,,,,,,,100.0,100.0,,100.0,92.6,92.7,91.9,,,92.5,,,,,,,,,0.0,0.0,,0.0,2.7,1.3,0.0,,,1.6
2025,Nordeste,PB,2501005,Araruna,Urbana,Estadual,,,,,,,,,0.0,0.0,,0.0,4.7,6.0,8.1,,,5.9,,,,,,,,,100.0,100.0,,100.0,92.6,92.7,91.9,,,92.5,,,,,,,,,0.0,0.0,,0.0,2.7,1.3,0.0,,,1.6
2025,Nordeste,PB,2501005,Araruna,Total,Municipal,0.0,0.0,0.0,0.9,0.0,4.8,2.9,3.7,0.5,3.1,0.2,1.6,,,,,,,99.5,99.1,96.2,99.1,98.6,90.4,94.3,94.7,98.0,94.1,98.5,96.4,,,,,,,0.5,0.9,3.8,0.0,1.4,4.8,2.8,1.6,1.5,2.8,1.3,2.0,,,,,,
2025,Nordeste,PB,2501005,Araruna,Urbana,Municipal,0.0,0.0,0.0,0.7,0.0,6.7,4.3,6.0,0.8,4.8,0.1,2.3,,,,,,,99.2,100.0,96.6,99.3,99.2,88.8,91.9,91.7,97.5,92.0,98.8,95.6,,,,,,,0.8,0.0,3.4,0.0,0.8,4.5,3.8,2.3,1.7,3.2,1.1,2.1,,,,,,
2025,Nordeste,PB,2501005,Araruna,Rural,Municipal,0.0,0.0,0.0,1.3,0.0,1.1,0.0,0.9,0.0,0.5,0.3,0.4,,,,,,,100.0,98.0,95.2,98.7,97.6,93.4,98.8,98.2,98.8,97.3,98.0,97.7,,,,,,,0.0,2.0,4.8,0.0,2.4,5.5,1.2,0.9,1.2,2.2,1.7,1.9,,,,,,
2025,Nordeste,PB,2501005,Araruna,Total,Privada,0.0,0.0,0.0,0.0,0.0,0.0,0.0,0.0,0.0,0.0,0.0,0.0,,,,,,,100.0,100.0,100.0,100.0,100.0,100.0,100.0,100.0,100.0,100.0,100.0,100.0,,,,,,,0.0,0.0,0.0,0.0,0.0,0.0,0.0,0.0,0.0,0.0,0.0,0.0,,,,,,
2025,Nordeste,PB,2501005,Araruna,Urbana,Privada,0.0,0.0,0.0,0.0,0.0,0.0,0.0,0.0,0.0,0.0,0.0,0.0,,,,,,,100.0,100.0,100.0,100.0,100.0,100.0,100.0,100.0,100.0,100.0,100.0,100.0,,,,,,,0.0,0.0,0.0,0.0,0.0,0.0,0.0,0.0,0.0,0.0,0.0,0.0,,,,,,
2025,Nordeste,PB,2501005,Araruna,Total,Pública,0.0,0.0,0.0,0.9,0.0,4.8,2.9,3.7,0.4,3.1,0.2,1.6,4.7,6.0,8.1,,,5.9,99.5,99.1,96.2,99.1,98.6,90.4,94.3,94.7,98.2,94.2,98.5,96.4,92.6,92.7,91.9,,,92.5,0.5,0.9,3.8,0.0,1.4,4.8,2.8,1.6,1.4,2.7,1.3,2.0,2.7,1.3,0.0,,,1.6
2025,Nordeste,PB,2501005,Araruna,Urbana,Pública,0.0,0.0,0.0,0.7,0.0,6.7,4.3,6.0,0.8,4.6,0.1,2.3,4.7,6.0,8.1,,,5.9,99.2,100.0,96.6,99.3,99.2,88.8,91.9,91.7,97.8,92.3,98.8,95.6,92.6,92.7,91.9,,,92.5,0.8,0.0,3.4,0.0,0.8,4.5,3.8,2.3,1.4,3.1,1.1,2.1,2.7,1.3,0.0,,,1.6
2025,Nordeste,PB,2501005,Araruna,Rural,Pública,0.0,0.0,0.0,1.3,0.0,1.1,0.0,0.9,0.0,0.5,0.3,0.4,,,,,,,100.0,98.0,95.2,98.7,97.6,93.4,98.8,98.2,98.8,97.3,98.0,97.7,,,,,,,0.0,2.0,4.8,0.0,2.4,5.5,1.2,0.9,1.2,2.2,1.7,1.9,,,,,,
2025,Nordeste,PB,2501104,Areia,Total,Total,0.6,0.0,1.1,0.9,0.6,1.4,1.4,1.5,0.3,1.2,0.6,0.9,8.1,3.9,1.9,,,4.9,99.4,99.7,97.4,95.3,95.2,80.5,88.0,92.0,98.2,89.5,97.3,93.6,89.6,96.1,97.6,,,94.1,0.0,0.3,1.5,3.8,4.2,18.1,10.6,6.5,1.5,9.3,2.1,5.5,2.3,0.0,0.5,,,1.0
2025,Nordeste,PB,2501104,Areia,Urbana,Total,0.6,0.0,0.7,1.1,0.6,0.6,1.5,1.7,0.5,1.1,0.6,0.9,8.1,3.9,1.9,,,4.9,99.4,100.0,97.9,96.5,96.6,80.8,89.1,96.6,99.5,91.8,98.0,95.0,89.6,96.1,97.6,,,94.1,0.0,0.0,1.4,2.4,2.8,18.6,9.4,1.7,0.0,7.1,1.4,4.1,2.3,0.0,0.5,,,1.0
2025,Nordeste,PB,2501104,Areia,Rural,Total,0.6,0.0,1.6,0.6,0.6,2.3,1.3,1.2,0.0,1.3,0.7,0.9,,,,,,,99.4,99.2,96.9,94.0,93.7,80.2,86.7,87.0,96.0,86.8,96.5,92.1,,,,,,,0.0,0.8,1.5,5.4,5.7,17.5,12.0,11.8,4.0,11.9,2.8,7.0,,,,,,
2025,Nordeste,PB,2501104,Areia,Total,Estadual,,,,,,0.0,2.7,0.0,0.7,0.9,,0.9,8.8,4.2,2.2,,,5.4,,,,,,100.0,95.9,98.9,99.3,98.5,,98.5,88.7,95.8,97.3,,,93.5,,,,,,0.0,1.4,1.1,0.0,0.6,,0.6,2.5,0.0,0.5,,,1.1
2025,Nordeste,PB,2501104,Areia,Urbana,Estadual,,,,,,0.0,2.7,0.0,0.7,0.9,,0.9,8.8,4.2,2.2,,,5.4,,,,,,100.0,95.9,98.9,99.3,98.5,,98.5,88.7,95.8,97.3,,,93.5,,,,,,0.0,1.4,1.1,0.0,0.6,,0.6,2.5,0.0,0.5,,,1.1
2025,Nordeste,PB,2501104,Areia,Total,Municipal,0.7,0.0,1.4,1.1,0.7,1.8,1.2,2.5,0.0,1.5,0.7,1.0,,,,,,,99.3,99.6,96.9,94.5,94.5,75.5,83.3,87.0,96.7,84.0,96.9,91.8,,,,,,,0.0,0.4,1.7,4.4,4.8,22.7,15.5,10.5,3.3,14.5,2.4,7.2,,,,,,
2025,Nordeste,PB,2501104,Areia,Urbana,Municipal,0.8,0.0,1.0,1.6,0.8,1.0,1.5,7.7,0.0,2.0,0.8,1.2,,,,,,,99.2,100.0,97.0,95.2,95.5,67.6,74.6,87.2,100.0,76.7,97.3,91.4,,,,,,,0.0,0.0,2.0,3.2,3.7,31.4,23.9,5.1,0.0,21.3,1.9,7.4,,,,,,
2025,Nordeste,PB,2501104,Areia,Rural,Municipal,0.6,0.0,1.6,0.6,0.6,2.3,1.3,1.2,0.0,1.3,0.7,0.9,,,,,,,99.4,99.2,96.9,94.0,93.7,80.2,86.7,87.0,96.0,86.8,96.5,92.1,,,,,,,0.0,0.8,1.5,5.4,5.7,17.5,12.0,11.8,4.0,11.9,2.8,7.0,,,,,,
2025,Nordeste,PB,2501104,Areia,Total,Privada,0.0,0.0,0.0,0.0,0.0,0.0,0.0,0.0,0.0,0.0,0.0,0.0,0.0,0.0,0.0,,,0.0,100.0,100.0,100.0,100.0,100.0,100.0,98.1,100.0,100.0,99.4,100.0,99.8,100.0,100.0,100.0,,,100.0,0.0,0.0,0.0,0.0,0.0,0.0,1.9,0.0,0.0,0.6,0.0,0.2,0.0,0.0,0.0,,,0.0
2025,Nordeste,PB,2501104,Areia,Urbana,Privada,0.0,0.0,0.0,0.0,0.0,0.0,0.0,0.0,0.0,0.0,0.0,0.0,0.0,0.0,0.0,,,0.0,100.0,100.0,100.0,100.0,100.0,100.0,98.1,100.0,100.0,99.4,100.0,99.8,100.0,100.0,100.0,,,100.0,0.0,0.0,0.0,0.0,0.0,0.0,1.9,0.0,0.0,0.6,0.0,0.2,0.0,0.0,0.0,,,0.0
2025,Nordeste,PB,2501104,Areia,Total,Pública,0.7,0.0,1.4,1.1,0.7,1.6,1.6,1.8,0.4,1.4,0.7,1.0,8.8,4.2,2.2,,,5.4,99.3,99.6,96.9,94.5,94.5,78.6,86.3,90.6,97.9,88.0,96.9,92.7,88.7,95.8,97.3,,,93.5,0.0,0.4,1.7,4.4,4.8,19.8,12.1,7.6,1.7,10.6,2.4,6.3,2.5,0.0,0.5,,,1.1
2025,Nordeste,PB,2501104,Areia,Urbana,Pública,0.8,0.0,1.0,1.6,0.8,0.7,2.2,2.3,0.6,1.4,0.8,1.1,8.8,4.2,2.2,,,5.4,99.2,100.0,97.0,95.2,95.5,76.7,85.7,95.3,99.4,89.4,97.3,93.4,88.7,95.8,97.3,,,93.5,0.0,0.0,2.0,3.2,3.7,22.6,12.1,2.4,0.0,9.2,1.9,5.5,2.5,0.0,0.5,,,1.1
2025,Nordeste,PB,2501104,Areia,Rural,Pública,0.6,0.0,1.6,0.6,0.6,2.3,1.3,1.2,0.0,1.3,0.7,0.9,,,,,,,99.4,99.2,96.9,94.0,93.7,80.2,86.7,87.0,96.0,86.8,96.5,92.1,,,,,,,0.0,0.8,1.5,5.4,5.7,17.5,12.0,11.8,4.0,11.9,2.8,7.0,,,,,,
2025,Nordeste,PB,2501153,Areia de Baraúnas,Total,Total,0.0,0.0,0.0,0.0,0.0,0.0,0.0,0.0,0.0,0.0,0.0,0.0,0.0,4.0,5.0,,,3.1,100.0,100.0,100.0,100.0,100.0,100.0,96.0,100.0,100.0,98.9,100.0,99.6,95.0,96.0,95.0,,,95.4,0.0,0.0,0.0,0.0,0.0,0.0,4.0,0.0,0.0,1.1,0.0,0.4,5.0,0.0,0.0,,,1.5
2025,Nordeste,PB,2501153,Areia de Baraúnas,Urbana,Total,0.0,0.0,0.0,0.0,0.0,0.0,0.0,0.0,0.0,0.0,0.0,0.0,0.0,4.0,5.0,,,3.1,100.0,100.0,100.0,100.0,100.0,100.0,96.0,100.0,100.0,98.9,100.0,99.5,95.0,96.0,95.0,,,95.4,0.0,0.0,0.0,0.0,0.0,0.0,4.0,0.0,0.0,1.1,0.0,0.5,5.0,0.0,0.0,,,1.5
2025,Nordeste,PB,2501153,Areia de Baraúnas,Rural,Total,0.0,0.0,0.0,0.0,,,,,,,0.0,0.0,,,,,,,100.0,100.0,100.0,100.0,,,,,,,100.0,100.0,,,,,,,0.0,0.0,0.0,0.0,,,,,,,0.0,0.0,,,,,,
2025,Nordeste,PB,2501153,Areia de Baraúnas,Total,Estadual,,,,,,,,,,,,,0.0,4.0,5.0,,,3.1,,,,,,,,,,,,,95.0,96.0,95.0,,,95.4,,,,,,,,,,,,,5.0,0.0,0.0,,,1.5
2025,Nordeste,PB,2501153,Areia de Baraúnas,Urbana,Estadual,,,,,,,,,,,,,0.0,4.0,5.0,,,3.1,,,,,,,,,,,,,95.0,96.0,95.0,,,95.4,,,,,,,,,,,,,5.0,0.0,0.0,,,1.5
2025,Nordeste,PB,2501153,Areia de Baraúnas,Total,Municipal,0.0,0.0,0.0,0.0,0.0,0.0,0.0,0.0,0.0,0.0,0.0,0.0,,,,,,,100.0,100.0,100.0,100.0,100.0,100.0,96.0,100.0,100.0,98.9,100.0,99.6,,,,,,,0.0,0.0,0.0,0.0,0.0,0.0,4.0,0.0,0.0,1.1,0.0,0.4,,,,,,
2025,Nordeste,PB,2501153,Areia de Baraúnas,Urbana,Municipal,0.0,0.0,0.0,0.0,0.0,0.0,0.0,0.0,0.0,0.0,0.0,0.0,,,,,,,100.0,100.0,100.0,100.0,100.0,100.0,96.0,100.0,100.0,98.9,100.0,99.5,,,,,,,0.0,0.0,0.0,0.0,0.0,0.0,4.0,0.0,0.0,1.1,0.0,0.5,,,,,,
2025,Nordeste,PB,2501153,Areia de Baraúnas,Rural,Municipal,0.0,0.0,0.0,0.0,,,,,,,0.0,0.0,,,,,,,100.0,100.0,100.0,100.0,,,,,,,100.0,100.0,,,,,,,0.0,0.0,0.0,0.0,,,,,,,0.0,0.0,,,,,,
2025,Nordeste,PB,2501153,Areia de Baraúnas,Total,Pública,0.0,0.0,0.0,0.0,0.0,0.0,0.0,0.0,0.0,0.0,0.0,0.0,0.0,4.0,5.0,,,3.1,100.0,100.0,100.0,100.0,100.0,100.0,96.0,100.0,100.0,98.9,100.0,99.6,95.0,96.0,95.0,,,95.4,0.0,0.0,0.0,0.0,0.0,0.0,4.0,0.0,0.0,1.1,0.0,0.4,5.0,0.0,0.0,,,1.5
2025,Nordeste,PB,2501153,Areia de Baraúnas,Urbana,Pública,0.0,0.0,0.0,0.0,0.0,0.0,0.0,0.0,0.0,0.0,0.0,0.0,0.0,4.0,5.0,,,3.1,100.0,100.0,100.0,100.0,100.0,100.0,96.0,100.0,100.0,98.9,100.0,99.5,95.0,96.0,95.0,,,95.4,0.0,0.0,0.0,0.0,0.0,0.0,4.0,0.0,0.0,1.1,0.0,0.5,5.0,0.0,0.0,,,1.5
2025,Nordeste,PB,2501153,Areia de Baraúnas,Rural,Pública,0.0,0.0,0.0,0.0,,,,,,,0.0,0.0,,,,,,,100.0,100.0,100.0,100.0,,,,,,,100.0,100.0,,,,,,,0.0,0.0,0.0,0.0,,,,,,,0.0,0.0,,,,,,
2025,Nordeste,PB,2501203,Areial,Total,Total,0.0,0.0,0.0,0.0,0.0,0.0,0.0,0.0,0.0,0.0,0.0,0.0,8.2,6.8,3.3,,,6.7,100.0,100.0,99.2,99.3,99.4,96.3,91.7,91.5,96.7,94.1,99.5,97.2,88.0,90.9,96.7,,,90.8,0.0,0.0,0.8,0.7,0.6,3.7,8.3,8.5,3.3,5.9,0.5,2.8,3.8,2.3,0.0,,,2.5
2025,Nordeste,PB,2501203,Areial,Urbana,Total,0.0,0.0,0.0,0.0,0.0,0.0,0.0,0.0,0.0,0.0,0.0,0.0,8.2,6.8,3.3,,,6.7,100.0,100.0,99.0,100.0,99.2,96.5,91.0,91.8,97.0,94.1,99.6,97.2,88.0,90.9,96.7,,,90.8,0.0,0.0,1.0,0.0,0.8,3.5,9.0,8.2,3.0,5.9,0.4,2.8,3.8,2.3,0.0,,,2.5
2025,Nordeste,PB,2501203,Areial,Rural,Total,0.0,0.0,0.0,0.0,0.0,0.0,0.0,0.0,0.0,0.0,0.0,0.0,,,,,,,100.0,100.0,100.0,95.8,100.0,95.5,95.0,90.0,95.5,94.0,99.1,96.9,,,,,,,0.0,0.0,0.0,4.2,0.0,4.5,5.0,10.0,4.5,6.0,0.9,3.1,,,,,,
2025,Nordeste,PB,2501203,Areial,Total,Estadual,,,,,,,,,,,,,8.2,6.8,3.3,,,6.7,,,,,,,,,,,,,88.0,90.9,96.7,,,90.8,,,,,,,,,,,,,3.8,2.3,0.0,,,2.5
2025,Nordeste,PB,2501203,Areial,Urbana,Estadual,,,,,,,,,,,,,8.2,6.8,3.3,,,6.7,,,,,,,,,,,,,88.0,90.9,96.7,,,90.8,,,,,,,,,,,,,3.8,2.3,0.0,,,2.5
2025,Nordeste,PB,2501203,Areial,Total,Municipal,0.0,0.0,0.0,0.0,0.0,0.0,0.0,0.0,0.0,0.0,0.0,0.0,,,,,,,100.0,100.0,99.2,99.2,99.4,96.3,91.7,91.5,96.7,94.1,99.5,97.1,,,,,,,0.0,0.0,0.8,0.8,0.6,3.7,8.3,8.5,3.3,5.9,0.5,2.9,,,,,,
2025,Nordeste,PB,2501203,Areial,Urbana,Municipal,0.0,0.0,0.0,0.0,0.0,0.0,0.0,0.0,0.0,0.0,0.0,0.0,,,,,,,100.0,100.0,99.0,100.0,99.2,96.5,91.0,91.8,97.0,94.1,99.6,97.1,,,,,,,0.0,0.0,1.0,0.0,0.8,3.5,9.0,8.2,3.0,5.9,0.4,2.9,,,,,,
2025,Nordeste,PB,2501203,Areial,Rural,Municipal,0.0,0.0,0.0,0.0,0.0,0.0,0.0,0.0,0.0,0.0,0.0,0.0,,,,,,,100.0,100.0,100.0,95.8,100.0,95.5,95.0,90.0,95.5,94.0,99.1,96.9,,,,,,,0.0,0.0,0.0,4.2,0.0,4.5,5.0,10.0,4.5,6.0,0.9,3.1,,,,,,
2025,Nordeste,PB,2501203,Areial,Total,Privada,0.0,0.0,0.0,0.0,,,,,,,0.0,0.0,,,,,,,100.0,100.0,100.0,100.0,,,,,,,100.0,100.0,,,,,,,0.0,0.0,0.0,0.0,,,,,,,0.0,0.0,,,,,,
2025,Nordeste,PB,2501203,Areial,Urbana,Privada,0.0,0.0,0.0,0.0,,,,,,,0.0,0.0,,,,,,,100.0,100.0,100.0,100.0,,,,,,,100.0,100.0,,,,,,,0.0,0.0,0.0,0.0,,,,,,,0.0,0.0,,,,,,
2025,Nordeste,PB,2501203,Areial,Total,Pública,0.0,0.0,0.0,0.0,0.0,0.0,0.0,0.0,0.0,0.0,0.0,0.0,8.2,6.8,3.3,,,6.7,100.0,100.0,99.2,99.2,99.4,96.3,91.7,91.5,96.7,94.1,99.5,97.1,88.0,90.9,96.7,,,90.8,0.0,0.0,0.8,0.8,0.6,3.7,8.3,8.5,3.3,5.9,0.5,2.9,3.8,2.3,0.0,,,2.5
2025,Nordeste,PB,2501203,Areial,Urbana,Pública,0.0,0.0,0.0,0.0,0.0,0.0,0.0,0.0,0.0,0.0,0.0,0.0,8.2,6.8,3.3,,,6.7,100.0,100.0,99.0,100.0,99.2,96.5,91.0,91.8,97.0,94.1,99.6,97.1,88.0,90.9,96.7,,,90.8,0.0,0.0,1.0,0.0,0.8,3.5,9.0,8.2,3.0,5.9,0.4,2.9,3.8,2.3,0.0,,,2.5
2025,Nordeste,PB,2501203,Areial,Rural,Pública,0.0,0.0,0.0,0.0,0.0,0.0,0.0,0.0,0.0,0.0,0.0,0.0,,,,,,,100.0,100.0,100.0,95.8,100.0,95.5,95.0,90.0,95.5,94.0,99.1,96.9,,,,,,,0.0,0.0,0.0,4.2,0.0,4.5,5.0,10.0,4.5,6.0,0.9,3.1,,,,,,
2025,Nordeste,PB,2501302,Aroeiras,Total,Total,0.0,0.0,0.0,0.0,0.0,0.0,0.0,0.4,0.0,0.1,0.0,0.0,2.4,1.6,1.1,,,1.8,100.0,100.0,100.0,100.0,100.0,99.1,99.6,99.6,100.0,99.5,100.0,99.8,95.9,97.6,98.9,,,97.2,0.0,0.0,0.0,0.0,0.0,0.9,0.4,0.0,0.0,0.4,0.0,0.2,1.7,0.8,0.0,,,1.0
2025,Nordeste,PB,2501302,Aroeiras,Urbana,Total,0.0,0.0,0.0,0.0,0.0,0.0,0.0,0.6,0.0,0.1,0.0,0.1,2.4,1.6,1.1,,,1.8,100.0,100.0,100.0,100.0,100.0,98.6,99.5,99.4,100.0,99.3,100.0,99.6,95.9,97.6,98.9,,,97.2,0.0,0.0,0.0,0.0,0.0,1.4,0.5,0.0,0.0,0.6,0.0,0.3,1.7,0.8,0.0,,,1.0
2025,Nordeste,PB,2501302,Aroeiras,Rural,Total,0.0,0.0,0.0,0.0,0.0,0.0,0.0,0.0,0.0,0.0,0.0,0.0,,,,,,,100.0,100.0,100.0,100.0,100.0,100.0,100.0,100.0,100.0,100.0,100.0,100.0,,,,,,,0.0,0.0,0.0,0.0,0.0,0.0,0.0,0.0,0.0,0.0,0.0,0.0,,,,,,
2025,Nordeste,PB,2501302,Aroeiras,Total,Estadual,,,,,,,0.0,0.0,0.0,0.0,,0.0,2.5,1.7,1.2,,,2.0,,,,,,,100.0,100.0,100.0,100.0,,100.0,95.7,97.4,98.8,,,97.0,,,,,,,0.0,0.0,0.0,0.0,,0.0,1.8,0.9,0.0,,,1.0
2025,Nordeste,PB,2501302,Aroeiras,Urbana,Estadual,,,,,,,0.0,0.0,0.0,0.0,,0.0,2.5,1.7,1.2,,,2.0,,,,,,,100.0,100.0,100.0,100.0,,100.0,95.7,97.4,98.8,,,97.0,,,,,,,0.0,0.0,0.0,0.0,,0.0,1.8,0.9,0.0,,,1.0
2025,Nordeste,PB,2501302,Aroeiras,Total,Municipal,0.0,0.0,0.0,0.0,0.0,0.0,0.0,0.0,0.0,0.0,0.0,0.0,,,,,,,100.0,100.0,100.0,100.0,100.0,100.0,100.0,100.0,100.0,100.0,100.0,100.0,,,,,,,0.0,0.0,0.0,0.0,0.0,0.0,0.0,0.0,0.0,0.0,0.0,0.0,,,,,,
2025,Nordeste,PB,2501302,Aroeiras,Urbana,Municipal,0.0,0.0,0.0,0.0,0.0,0.0,0.0,0.0,0.0,0.0,0.0,0.0,,,,,,,100.0,100.0,100.0,100.0,100.0,100.0,100.0,100.0,100.0,100.0,100.0,100.0,,,,,,,0.0,0.0,0.0,0.0,0.0,0.0,0.0,0.0,0.0,0.0,0.0,0.0,,,,,,
2025,Nordeste,PB,2501302,Aroeiras,Rural,Municipal,0.0,0.0,0.0,0.0,0.0,0.0,0.0,0.0,0.0,0.0,0.0,0.0,,,,,,,100.0,100.0,100.0,100.0,100.0,100.0,100.0,100.0,100.0,100.0,100.0,100.0,,,,,,,0.0,0.0,0.0,0.0,0.0,0.0,0.0,0.0,0.0,0.0,0.0,0.0,,,,,,
2025,Nordeste,PB,2501302,Aroeiras,Total,Privada,0.0,0.0,0.0,0.0,0.0,0.0,0.0,4.2,0.0,0.9,0.0,0.3,0.0,0.0,0.0,,,0.0,100.0,100.0,100.0,100.0,100.0,92.7,96.0,95.8,100.0,95.5,100.0,98.5,100.0,100.0,100.0,,,100.0,0.0,0.0,0.0,0.0,0.0,7.3,4.0,0.0,0.0,3.6,0.0,1.2,0.0,0.0,0.0,,,0.0
2025,Nordeste,PB,2501302,Aroeiras,Urbana,Privada,0.0,0.0,0.0,0.0,0.0,0.0,0.0,4.2,0.0,0.9,0.0,0.3,0.0,0.0,0.0,,,0.0,100.0,100.0,100.0,100.0,100.0,92.7,96.0,95.8,100.0,95.5,100.0,98.5,100.0,100.0,100.0,,,100.0,0.0,0.0,0.0,0.0,0.0,7.3,4.0,0.0,0.0,3.6,0.0,1.2,0.0,0.0,0.0,,,0.0
2025,Nordeste,PB,2501302,Aroeiras,Total,Pública,0.0,0.0,0.0,0.0,0.0,0.0,0.0,0.0,0.0,0.0,0.0,0.0,2.5,1.7,1.2,,,2.0,100.0,100.0,100.0,100.0,100.0,100.0,100.0,100.0,100.0,100.0,100.0,100.0,95.7,97.4,98.8,,,97.0,0.0,0.0,0.0,0.0,0.0,0.0,0.0,0.0,0.0,0.0,0.0,0.0,1.8,0.9,0.0,,,1.0
2025,Nordeste,PB,2501302,Aroeiras,Urbana,Pública,0.0,0.0,0.0,0.0,0.0,0.0,0.0,0.0,0.0,0.0,0.0,0.0,2.5,1.7,1.2,,,2.0,100.0,100.0,100.0,100.0,100.0,100.0,100.0,100.0,100.0,100.0,100.0,100.0,95.7,97.4,98.8,,,97.0,0.0,0.0,0.0,0.0,0.0,0.0,0.0,0.0,0.0,0.0,0.0,0.0,1.8,0.9,0.0,,,1.0
2025,Nordeste,PB,2501302,Aroeiras,Rural,Pública,0.0,0.0,0.0,0.0,0.0,0.0,0.0,0.0,0.0,0.0,0.0,0.0,,,,,,,100.0,100.0,100.0,100.0,100.0,100.0,100.0,100.0,100.0,100.0,100.0,100.0,,,,,,,0.0,0.0,0.0,0.0,0.0,0.0,0.0,0.0,0.0,0.0,0.0,0.0,,,,,,
2025,Nordeste,PB,2501351,Assunção,Total,Total,0.0,0.0,0.0,0.0,0.0,0.0,0.0,0.0,0.0,0.0,0.0,0.0,14.0,5.9,0.0,,,7.2,100.0,100.0,100.0,98.7,100.0,95.7,94.7,97.0,98.2,96.2,99.7,98.2,73.7,90.2,100.0,,,86.8,0.0,0.0,0.0,1.3,0.0,4.3,5.3,3.0,1.8,3.8,0.3,1.8,12.3,3.9,0.0,,,6.0
2025,Nordeste,PB,2501351,Assunção,Urbana,Total,0.0,0.0,0.0,0.0,0.0,0.0,0.0,0.0,0.0,0.0,0.0,0.0,14.0,5.9,0.0,,,7.2,100.0,100.0,100.0,100.0,100.0,95.7,94.7,97.0,98.2,96.2,100.0,98.2,73.7,90.2,100.0,,,86.8,0.0,0.0,0.0,0.0,0.0,4.3,5.3,3.0,1.8,3.8,0.0,1.8,12.3,3.9,0.0,,,6.0
2025,Nordeste,PB,2501351,Assunção,Rural,Total,0.0,0.0,0.0,0.0,0.0,,,,,,0.0,0.0,,,,,,,100.0,100.0,100.0,88.9,100.0,,,,,,97.8,97.8,,,,,,,0.0,0.0,0.0,11.1,0.0,,,,,,2.2,2.2,,,,,,
2025,Nordeste,PB,2501351,Assunção,Total,Estadual,,,,,,,,,,,,,14.0,5.9,0.0,,,7.2,,,,,,,,,,,,,73.7,90.2,100.0,,,86.8,,,,,,,,,,,,,12.3,3.9,0.0,,,6.0
2025,Nordeste,PB,2501351,Assunção,Urbana,Estadual,,,,,,,,,,,,,14.0,5.9,0.0,,,7.2,,,,,,,,,,,,,73.7,90.2,100.0,,,86.8,,,,,,,,,,,,,12.3,3.9,0.0,,,6.0
2025,Nordeste,PB,2501351,Assunção,Total,Municipal,0.0,0.0,0.0,0.0,0.0,0.0,0.0,0.0,0.0,0.0,0.0,0.0,,,,,,,100.0,100.0,100.0,98.7,100.0,95.7,94.7,97.0,98.2,96.2,99.7,98.2,,,,,,,0.0,0.0,0.0,1.3,0.0,4.3,5.3,3.0,1.8,3.8,0.3,1.8,,,,,,
2025,Nordeste,PB,2501351,Assunção,Urbana,Municipal,0.0,0.0,0.0,0.0,0.0,0.0,0.0,0.0,0.0,0.0,0.0,0.0,,,,,,,100.0,100.0,100.0,100.0,100.0,95.7,94.7,97.0,98.2,96.2,100.0,98.2,,,,,,,0.0,0.0,0.0,0.0,0.0,4.3,5.3,3.0,1.8,3.8,0.0,1.8,,,,,,
2025,Nordeste,PB,2501351,Assunção,Rural,Municipal,0.0,0.0,0.0,0.0,0.0,,,,,,0.0,0.0,,,,,,,100.0,100.0,100.0,88.9,100.0,,,,,,97.8,97.8,,,,,,,0.0,0.0,0.0,11.1,0.0,,,,,,2.2,2.2,,,,,,
2025,Nordeste,PB,2501351,Assunção,Total,Pública,0.0,0.0,0.0,0.0,0.0,0.0,0.0,0.0,0.0,0.0,0.0,0.0,14.0,5.9,0.0,,,7.2,100.0,100.0,100.0,98.7,100.0,95.7,94.7,97.0,98.2,96.2,99.7,98.2,73.7,90.2,100.0,,,86.8,0.0,0.0,0.0,1.3,0.0,4.3,5.3,3.0,1.8,3.8,0.3,1.8,12.3,3.9,0.0,,,6.0
2025,Nordeste,PB,2501351,Assunção,Urbana,Pública,0.0,0.0,0.0,0.0,0.0,0.0,0.0,0.0,0.0,0.0,0.0,0.0,14.0,5.9,0.0,,,7.2,100.0,100.0,100.0,100.0,100.0,95.7,94.7,97.0,98.2,96.2,100.0,98.2,73.7,90.2,100.0,,,86.8,0.0,0.0,0.0,0.0,0.0,4.3,5.3,3.0,1.8,3.8,0.0,1.8,12.3,3.9,0.0,,,6.0
2025,Nordeste,PB,2501351,Assunção,Rural,Pública,0.0,0.0,0.0,0.0,0.0,,,,,,0.0,0.0,,,,,,,100.0,100.0,100.0,88.9,100.0,,,,,,97.8,97.8,,,,,,,0.0,0.0,0.0,11.1,0.0,,,,,,2.2,2.2,,,,,,
2025,Nordeste,PB,2501401,Baía da Traição,Total,Total,0.0,0.0,0.5,0.0,0.5,2.4,2.2,1.4,2.7,2.2,0.2,1.1,4.2,3.5,4.5,,,4.1,97.9,98.8,88.3,91.8,90.8,84.9,88.9,94.1,94.7,90.3,93.4,92.0,91.6,92.2,95.5,,,93.0,2.1,1.2,11.2,8.2,8.7,12.7,8.9,4.5,2.6,7.5,6.4,6.9,4.2,4.3,0.0,,,2.9
2025,Nordeste,PB,2501401,Baía da Traição,Urbana,Total,0.0,0.0,0.0,0.0,0.0,1.7,2.0,0.9,0.0,1.3,0.0,0.7,7.2,0.0,0.0,,,2.7,97.1,100.0,96.2,98.1,98.4,87.4,89.2,96.2,96.4,91.6,97.9,94.3,85.7,86.2,100.0,,,89.2,2.9,0.0,3.8,1.9,1.6,10.9,8.8,2.9,3.6,7.1,2.1,5.0,7.1,13.8,0.0,,,8.1
2025,Nordeste,PB,2501401,Baía da Traição,Rural,Total,0.0,0.0,0.7,0.0,0.8,3.2,2.3,2.0,4.1,3.0,0.3,1.3,3.3,4.6,5.4,,,4.4,98.4,98.3,85.3,88.6,87.2,81.7,88.6,91.8,93.8,89.0,91.4,90.5,93.4,94.3,94.6,,,94.1,1.6,1.7,14.0,11.4,12.0,15.1,9.1,6.2,2.1,8.0,8.3,8.2,3.3,1.1,0.0,,,1.5
2025,Nordeste,PB,2501401,Baía da Traição,Total,Estadual,0.0,0.0,0.0,0.0,4.0,6.0,3.2,1.3,4.2,3.5,1.2,3.0,4.2,3.5,4.5,,,4.1,81.8,88.2,90.5,100.0,80.0,70.0,88.9,93.2,94.4,87.9,86.1,87.5,91.6,92.2,95.5,,,93.0,18.2,11.8,9.5,0.0,16.0,24.0,7.9,5.5,1.4,8.6,12.7,9.5,4.2,4.3,0.0,,,2.9
2025,Nordeste,PB,2501401,Baía da Traição,Urbana,Estadual,,,,,,12.5,0.0,0.0,0.0,2.7,,2.7,7.2,0.0,0.0,,,2.7,,,,,,75.0,85.7,100.0,100.0,91.9,,91.9,85.7,86.2,100.0,,,89.2,,,,,,12.5,14.3,0.0,0.0,5.4,,5.4,7.1,13.8,0.0,,,8.1
2025,Nordeste,PB,2501401,Baía da Traição,Rural,Estadual,0.0,0.0,0.0,0.0,4.0,4.8,3.6,1.6,5.1,3.6,1.2,3.0,3.3,4.6,5.4,,,4.4,81.8,88.2,90.5,100.0,80.0,69.0,89.3,92.1,93.2,87.3,86.1,87.0,93.4,94.3,94.6,,,94.1,18.2,11.8,9.5,0.0,16.0,26.2,7.1,6.3,1.7,9.1,12.7,10.0,3.3,1.1,0.0,,,1.5
2025,Nordeste,PB,2501401,Baía da Traição,Total,Municipal,0.0,0.0,0.6,0.0,0.0,1.2,1.6,1.5,1.2,1.4,0.2,0.6,,,,,,,98.9,100.0,88.0,91.5,92.4,89.5,89.0,94.6,95.1,91.6,94.1,93.2,,,,,,,1.1,0.0,11.4,8.5,7.6,9.3,9.4,3.9,3.7,7.0,5.7,6.2,,,,,,
2025,Nordeste,PB,2501401,Baía da Traição,Urbana,Municipal,0.0,0.0,0.0,0.0,0.0,0.9,2.1,1.0,0.0,1.2,0.0,0.7,,,,,,,97.1,100.0,96.2,98.1,98.4,88.3,89.5,95.8,95.5,91.6,97.9,94.4,,,,,,,2.9,0.0,3.8,1.9,1.6,10.8,8.4,3.2,4.5,7.2,2.1,4.9,,,,,,
2025,Nordeste,PB,2501401,Baía da Traição,Rural,Municipal,0.0,0.0,0.9,0.0,0.0,1.9,0.0,2.9,2.7,1.9,0.2,0.6,,,,,,,100.0,100.0,84.3,88.0,88.9,92.2,87.5,91.2,94.6,91.6,92.2,92.0,,,,,,,0.0,0.0,14.8,12.0,11.1,5.9,12.5,5.9,2.7,6.5,7.6,7.4,,,,,,
2025,Nordeste,PB,2501401,Baía da Traição,Total,Pública,0.0,0.0,0.5,0.0,0.5,2.4,2.2,1.4,2.7,2.2,0.2,1.1,4.2,3.5,4.5,,,4.1,97.9,98.8,88.3,91.8,90.8,84.9,88.9,94.1,94.7,90.3,93.4,92.0,91.6,92.2,95.5,,,93.0,2.1,1.2,11.2,8.2,8.7,12.7,8.9,4.5,2.6,7.5,6.4,6.9,4.2,4.3,0.0,,,2.9
2025,Nordeste,PB,2501401,Baía da Traição,Urbana,Pública,0.0,0.0,0.0,0.0,0.0,1.7,2.0,0.9,0.0,1.3,0.0,0.7,7.2,0.0,0.0,,,2.7,97.1,100.0,96.2,98.1,98.4,87.4,89.2,96.2,96.4,91.6,97.9,94.3,85.7,86.2,100.0,,,89.2,2.9,0.0,3.8,1.9,1.6,10.9,8.8,2.9,3.6,7.1,2.1,5.0,7.1,13.8,0.0,,,8.1
2025,Nordeste,PB,2501401,Baía da Traição,Rural,Pública,0.0,0.0,0.7,0.0,0.8,3.2,2.3,2.0,4.1,3.0,0.3,1.3,3.3,4.6,5.4,,,4.4,98.4,98.3,85.3,88.6,87.2,81.7,88.6,91.8,93.8,89.0,91.4,90.5,93.4,94.3,94.6,,,94.1,1.6,1.7,14.0,11.4,12.0,15.1,9.1,6.2,2.1,8.0,8.3,8.2,3.3,1.1,0.0,,,1.5
2025,Nordeste,PB,2501500,Bananeiras,Total,Total,0.4,0.3,0.3,0.3,0.0,4.0,4.2,5.2,1.0,3.7,0.2,1.9,0.5,0.7,0.0,,,0.4,98.7,98.8,97.6,97.6,94.8,85.2,86.6,84.8,95.7,87.8,97.6,93.0,93.1,94.8,98.9,,,95.4,0.9,0.9,2.1,2.1,5.2,10.8,9.2,10.0,3.3,8.5,2.2,5.1,6.4,4.5,1.1,,,4.2
2025,Nordeste,PB,2501500,Bananeiras,Urbana,Total,0.9,0.0,0.8,0.6,0.0,4.1,4.9,3.9,0.6,3.6,0.4,2.2,1.1,1.0,0.0,,,0.7,98.3,98.5,99.2,99.4,98.4,84.4,87.4,86.7,98.2,88.7,98.8,93.3,93.3,99.0,100.0,,,97.6,0.8,1.5,0.0,0.0,1.6,11.5,7.7,9.4,1.2,7.7,0.8,4.5,5.6,0.0,0.0,,,1.7
2025,Nordeste,PB,2501500,Bananeiras,Rural,Total,0.0,0.5,0.0,0.0,0.0,3.8,3.2,6.6,1.5,3.8,0.1,1.6,0.4,0.4,0.0,,,0.3,99.0,99.0,96.6,96.1,92.0,86.3,85.5,82.7,92.6,86.6,96.7,92.7,93.0,92.9,98.4,,,94.4,1.0,0.5,3.4,3.9,8.0,9.9,11.3,10.7,5.9,9.6,3.2,5.7,6.6,6.7,1.6,,,5.3
2025,Nordeste,PB,2501500,Bananeiras,Total,Federal,,,,,,,,,,,,,0.0,0.0,0.0,,,0.0,,,,,,,,,,,,,93.2,84.0,100.0,,,92.6,,,,,,,,,,,,,6.8,16.0,0.0,,,7.4
2025,Nordeste,PB,2501500,Bananeiras,Rural,Federal,,,,,,,,,,,,,0.0,0.0,0.0,,,0.0,,,,,,,,,,,,,93.2,84.0,100.0,,,92.6,,,,,,,,,,,,,6.8,16.0,0.0,,,7.4
2025,Nordeste,PB,2501500,Bananeiras,Total,Estadual,,,,,,,,,,,,,0.8,0.9,0.0,,,0.6,,,,,,,,,,,,,92.1,96.5,98.5,,,95.4,,,,,,,,,,,,,7.1,2.6,1.5,,,4.0
2025,Nordeste,PB,2501500,Bananeiras,Urbana,Estadual,,,,,,,,,,,,,1.8,1.4,0.0,,,1.0,,,,,,,,,,,,,88.9,98.6,100.0,,,96.4,,,,,,,,,,,,,9.3,0.0,0.0,,,2.6
2025,Nordeste,PB,2501500,Bananeiras,Rural,Estadual,,,,,,,,,,,,,0.4,0.6,0.0,,,0.4,,,,,,,,,,,,,93.0,95.6,97.7,,,95.0,,,,,,,,,,,,,6.6,3.8,2.3,,,4.6
2025,Nordeste,PB,2501500,Bananeiras,Total,Municipal,0.5,0.5,0.4,0.0,0.0,5.2,5.6,7.3,1.3,4.9,0.3,2.4,,,,,,,98.7,99.1,96.8,97.5,96.0,81.3,85.3,81.5,95.1,85.5,97.6,92.0,,,,,,,0.8,0.4,2.8,2.5,4.0,13.5,9.1,11.2,3.6,9.6,2.1,5.6,,,,,,
2025,Nordeste,PB,2501500,Bananeiras,Urbana,Municipal,1.9,0.0,1.6,0.0,0.0,5.9,6.7,5.9,1.0,5.2,0.6,3.5,,,,,,,98.1,100.0,98.4,100.0,100.0,78.3,82.9,82.2,97.1,84.2,99.4,89.9,,,,,,,0.0,0.0,0.0,0.0,0.0,15.8,10.4,11.9,1.9,10.6,0.0,6.6,,,,,,
2025,Nordeste,PB,2501500,Bananeiras,Rural,Municipal,0.0,0.5,0.0,0.0,0.0,4.4,4.1,8.7,1.7,4.7,0.1,1.7,,,,,,,98.9,98.9,96.3,96.3,93.8,84.6,88.5,80.9,93.3,86.8,97.0,93.3,,,,,,,1.1,0.6,3.7,3.7,6.2,11.0,7.4,10.4,5.0,8.5,2.9,5.0,,,,,,
2025,Nordeste,PB,2501500,Bananeiras,Total,Privada,0.0,0.0,0.0,1.0,0.0,0.0,0.0,0.0,0.0,0.0,0.2,0.1,0.0,0.0,0.0,,,0.0,98.7,98.0,100.0,98.0,90.8,97.8,90.5,92.8,97.5,94.5,97.4,96.1,100.0,100.0,100.0,,,100.0,1.3,2.0,0.0,1.0,9.2,2.2,9.5,7.2,2.5,5.5,2.4,3.8,0.0,0.0,0.0,,,0.0
2025,Nordeste,PB,2501500,Bananeiras,Urbana,Privada,0.0,0.0,0.0,1.2,0.0,0.0,0.0,0.0,0.0,0.0,0.3,0.2,0.0,0.0,0.0,,,0.0,98.6,97.6,100.0,98.8,95.7,98.5,100.0,95.2,100.0,98.4,98.3,98.3,100.0,100.0,100.0,,,100.0,1.4,2.4,0.0,0.0,4.3,1.5,0.0,4.8,0.0,1.6,1.4,1.5,0.0,0.0,0.0,,,0.0
2025,Nordeste,PB,2501500,Bananeiras,Rural,Privada,0.0,0.0,0.0,0.0,0.0,0.0,0.0,0.0,0.0,0.0,0.0,0.0,,,,,,,100.0,100.0,100.0,93.8,77.8,96.0,75.7,88.6,87.5,85.8,93.6,89.0,,,,,,,0.0,0.0,0.0,6.2,22.2,4.0,24.3,11.4,12.5,14.2,6.4,11.0,,,,,,
2025,Nordeste,PB,2501500,Bananeiras,Total,Pública,0.5,0.5,0.4,0.0,0.0,5.2,5.6,7.3,1.3,4.9,0.3,2.4,0.6,0.7,0.0,,,0.4,98.7,99.1,96.8,97.5,96.0,81.3,85.3,81.5,95.1,85.5,97.6,92.0,92.3,94.3,98.8,,,94.9,0.8,0.4,2.8,2.5,4.0,13.5,9.1,11.2,3.6,9.6,2.1,5.6,7.1,5.0,1.2,,,4.7
2025,Nordeste,PB,2501500,Bananeiras,Urbana,Pública,1.9,0.0,1.6,0.0,0.0,5.9,6.7,5.9,1.0,5.2,0.6,3.5,1.8,1.4,0.0,,,1.0,98.1,100.0,98.4,100.0,100.0,78.3,82.9,82.2,97.1,84.2,99.4,89.9,88.9,98.6,100.0,,,96.4,0.0,0.0,0.0,0.0,0.0,15.8,10.4,11.9,1.9,10.6,0.0,6.6,9.3,0.0,0.0,,,2.6
2025,Nordeste,PB,2501500,Bananeiras,Rural,Pública,0.0,0.5,0.0,0.0,0.0,4.4,4.1,8.7,1.7,4.7,0.1,1.7,0.4,0.4,0.0,,,0.3,98.9,98.9,96.3,96.3,93.8,84.6,88.5,80.9,93.3,86.8,97.0,93.3,93.0,92.9,98.4,,,94.4,1.1,0.6,3.7,3.7,6.2,11.0,7.4,10.4,5.0,8.5,2.9,5.0,6.6,6.7,1.6,,,5.3
2025,Nordeste,PB,2501534,Baraúna,Total,Total,0.0,0.0,0.0,0.0,0.0,0.0,0.0,1.4,0.0,0.3,0.0,0.2,1.4,0.0,0.0,,,0.6,100.0,100.0,100.0,100.0,100.0,100.0,97.7,94.5,97.8,97.7,100.0,98.8,94.5,97.4,100.0,,,96.9,0.0,0.0,0.0,0.0,0.0,0.0,2.3,4.1,2.2,2.0,0.0,1.0,4.1,2.6,0.0,,,2.5
2025,Nordeste,PB,2501534,Baraúna,Urbana,Total,0.0,0.0,0.0,0.0,0.0,0.0,0.0,1.4,0.0,0.3,0.0,0.2,1.4,0.0,0.0,,,0.6,100.0,100.0,100.0,100.0,100.0,100.0,97.7,94.5,97.8,97.7,100.0,98.8,94.5,97.4,100.0,,,96.9,0.0,0.0,0.0,0.0,0.0,0.0,2.3,4.1,2.2,2.0,0.0,1.0,4.1,2.6,0.0,,,2.5
2025,Nordeste,PB,2501534,Baraúna,Rural,Total,0.0,0.0,,,,,,,,,0.0,0.0,,,,,,,100.0,100.0,,,,,,,,,100.0,100.0,,,,,,,0.0,0.0,,,,,,,,,0.0,0.0,,,,,,
2025,Nordeste,PB,2501534,Baraúna,Total,Estadual,,,,,,,,,,,,,1.4,0.0,0.0,,,0.6,,,,,,,,,,,,,94.5,97.4,100.0,,,96.9,,,,,,,,,,,,,4.1,2.6,0.0,,,2.5
2025,Nordeste,PB,2501534,Baraúna,Urbana,Estadual,,,,,,,,,,,,,1.4,0.0,0.0,,,0.6,,,,,,,,,,,,,94.5,97.4,100.0,,,96.9,,,,,,,,,,,,,4.1,2.6,0.0,,,2.5
2025,Nordeste,PB,2501534,Baraúna,Total,Municipal,0.0,0.0,0.0,0.0,0.0,0.0,0.0,1.4,0.0,0.3,0.0,0.2,,,,,,,100.0,100.0,100.0,100.0,100.0,100.0,97.7,94.5,97.8,97.7,100.0,98.8,,,,,,,0.0,0.0,0.0,0.0,0.0,0.0,2.3,4.1,2.2,2.0,0.0,1.0,,,,,,
2025,Nordeste,PB,2501534,Baraúna,Urbana,Municipal,0.0,0.0,0.0,0.0,0.0,0.0,0.0,1.4,0.0,0.3,0.0,0.2,,,,,,,100.0,100.0,100.0,100.0,100.0,100.0,97.7,94.5,97.8,97.7,100.0,98.8,,,,,,,0.0,0.0,0.0,0.0,0.0,0.0,2.3,4.1,2.2,2.0,0.0,1.0,,,,,,
2025,Nordeste,PB,2501534,Baraúna,Rural,Municipal,0.0,0.0,,,,,,,,,0.0,0.0,,,,,,,100.0,100.0,,,,,,,,,100.0,100.0,,,,,,,0.0,0.0,,,,,,,,,0.0,0.0,,,,,,
2025,Nordeste,PB,2501534,Baraúna,Total,Pública,0.0,0.0,0.0,0.0,0.0,0.0,0.0,1.4,0.0,0.3,0.0,0.2,1.4,0.0,0.0,,,0.6,100.0,100.0,100.0,100.0,100.0,100.0,97.7,94.5,97.8,97.7,100.0,98.8,94.5,97.4,100.0,,,96.9,0.0,0.0,0.0,0.0,0.0,0.0,2.3,4.1,2.2,2.0,0.0,1.0,4.1,2.6,0.0,,,2.5
2025,Nordeste,PB,2501534,Baraúna,Urbana,Pública,0.0,0.0,0.0,0.0,0.0,0.0,0.0,1.4,0.0,0.3,0.0,0.2,1.4,0.0,0.0,,,0.6,100.0,100.0,100.0,100.0,100.0,100.0,97.7,94.5,97.8,97.7,100.0,98.8,94.5,97.4,100.0,,,96.9,0.0,0.0,0.0,0.0,0.0,0.0,2.3,4.1,2.2,2.0,0.0,1.0,4.1,2.6,0.0,,,2.5
2025,Nordeste,PB,2501534,Baraúna,Rural,Pública,0.0,0.0,,,,,,,,,0.0,0.0,,,,,,,100.0,100.0,,,,,,,,,100.0,100.0,,,,,,,0.0,0.0,,,,,,,,,0.0,0.0,,,,,,
2025,Nordeste,PB,2501575,Barra de Santana,Total,Total,0.0,0.0,0.0,0.0,0.0,3.4,0.0,0.0,1.1,1.2,0.0,0.6,12.6,3.8,0.0,,,6.4,100.0,100.0,100.0,100.0,99.1,89.8,93.2,92.6,98.9,93.3,99.8,96.9,80.6,96.2,97.0,,,90.0,0.0,0.0,0.0,0.0,0.9,6.8,6.8,7.4,0.0,5.5,0.2,2.5,6.8,0.0,3.0,,,3.6
2025,Nordeste,PB,2501575,Barra de Santana,Urbana,Total,0.0,0.0,0.0,0.0,0.0,6.7,0.0,0.0,2.5,2.4,0.0,1.2,12.6,3.8,0.0,,,6.4,100.0,100.0,100.0,100.0,98.1,90.0,91.8,97.9,97.5,93.8,99.5,96.6,80.6,96.2,97.0,,,90.0,0.0,0.0,0.0,0.0,1.9,3.3,8.2,2.1,0.0,3.8,0.5,2.2,6.8,0.0,3.0,,,3.6
2025,Nordeste,PB,2501575,Barra de Santana,Rural,Total,0.0,0.0,0.0,0.0,0.0,0.0,0.0,0.0,0.0,0.0,0.0,0.0,,,,,,,100.0,100.0,100.0,100.0,100.0,89.7,94.7,87.2,100.0,92.9,100.0,97.2,,,,,,,0.0,0.0,0.0,0.0,0.0,10.3,5.3,12.8,0.0,7.1,0.0,2.8,,,,,,
2025,Nordeste,PB,2501575,Barra de Santana,Total,Estadual,,,,,,,,,,,,,12.6,3.8,0.0,,,6.4,,,,,,,,,,,,,80.6,96.2,97.0,,,90.0,,,,,,,,,,,,,6.8,0.0,3.0,,,3.6
2025,Nordeste,PB,2501575,Barra de Santana,Urbana,Estadual,,,,,,,,,,,,,12.6,3.8,0.0,,,6.4,,,,,,,,,,,,,80.6,96.2,97.0,,,90.0,,,,,,,,,,,,,6.8,0.0,3.0,,,3.6
2025,Nordeste,PB,2501575,Barra de Santana,Total,Municipal,0.0,0.0,0.0,0.0,0.0,3.4,0.0,0.0,1.1,1.2,0.0,0.6,,,,,,,100.0,100.0,100.0,100.0,99.1,89.8,93.2,92.6,98.9,93.3,99.8,96.9,,,,,,,0.0,0.0,0.0,0.0,0.9,6.8,6.8,7.4,0.0,5.5,0.2,2.5,,,,,,
2025,Nordeste,PB,2501575,Barra de Santana,Urbana,Municipal,0.0,0.0,0.0,0.0,0.0,6.7,0.0,0.0,2.5,2.4,0.0,1.2,,,,,,,100.0,100.0,100.0,100.0,98.1,90.0,91.8,97.9,97.5,93.8,99.5,96.6,,,,,,,0.0,0.0,0.0,0.0,1.9,3.3,8.2,2.1,0.0,3.8,0.5,2.2,,,,,,
2025,Nordeste,PB,2501575,Barra de Santana,Rural,Municipal,0.0,0.0,0.0,0.0,0.0,0.0,0.0,0.0,0.0,0.0,0.0,0.0,,,,,,,100.0,100.0,100.0,100.0,100.0,89.7,94.7,87.2,100.0,92.9,100.0,97.2,,,,,,,0.0,0.0,0.0,0.0,0.0,10.3,5.3,12.8,0.0,7.1,0.0,2.8,,,,,,
2025,Nordeste,PB,2501575,Barra de Santana,Total,Pública,0.0,0.0,0.0,0.0,0.0,3.4,0.0,0.0,1.1,1.2,0.0,0.6,12.6,3.8,0.0,,,6.4,100.0,100.0,100.0,100.0,99.1,89.8,93.2,92.6,98.9,93.3,99.8,96.9,80.6,96.2,97.0,,,90.0,0.0,0.0,0.0,0.0,0.9,6.8,6.8,7.4,0.0,5.5,0.2,2.5,6.8,0.0,3.0,,,3.6
2025,Nordeste,PB,2501575,Barra de Santana,Urbana,Pública,0.0,0.0,0.0,0.0,0.0,6.7,0.0,0.0,2.5,2.4,0.0,1.2,12.6,3.8,0.0,,,6.4,100.0,100.0,100.0,100.0,98.1,90.0,91.8,97.9,97.5,93.8,99.5,96.6,80.6,96.2,97.0,,,90.0,0.0,0.0,0.0,0.0,1.9,3.3,8.2,2.1,0.0,3.8,0.5,2.2,6.8,0.0,3.0,,,3.6
2025,Nordeste,PB,2501575,Barra de Santana,Rural,Pública,0.0,0.0,0.0,0.0,0.0,0.0,0.0,0.0,0.0,0.0,0.0,0.0,,,,,,,100.0,100.0,100.0,100.0,100.0,89.7,94.7,87.2,100.0,92.9,100.0,97.2,,,,,,,0.0,0.0,0.0,0.0,0.0,10.3,5.3,12.8,0.0,7.1,0.0,2.8,,,,,,
2025,Nordeste,PB,2501609,Barra de Santa Rosa,Total,Total,0.0,0.0,0.0,0.6,0.0,0.0,0.0,0.0,0.5,0.2,0.2,0.1,3.1,1.7,0.8,,,2.0,100.0,100.0,93.7,95.5,96.1,94.7,90.4,94.7,94.2,93.5,96.9,95.3,94.9,95.7,99.2,,,96.4,0.0,0.0,6.3,3.9,3.9,5.3,9.6,5.3,5.3,6.3,2.9,4.6,2.0,2.6,0.0,,,1.6
2025,Nordeste,PB,2501609,Barra de Santa Rosa,Urbana,Total,0.0,0.0,0.0,0.9,0.0,0.0,0.0,0.0,0.5,0.2,0.1,0.2,3.1,1.7,0.8,,,2.0,100.0,100.0,92.9,95.8,98.3,94.7,90.4,94.7,94.2,93.5,97.3,95.2,94.9,95.7,99.2,,,96.4,0.0,0.0,7.1,3.3,1.7,5.3,9.6,5.3,5.3,6.3,2.6,4.6,2.0,2.6,0.0,,,1.6
2025,Nordeste,PB,2501609,Barra de Santa Rosa,Rural,Total,0.0,0.0,0.0,0.0,0.0,,,,,,0.0,0.0,,,,,,,100.0,100.0,96.9,94.1,89.5,,,,,,95.9,95.9,,,,,,,0.0,0.0,3.1,5.9,10.5,,,,,,4.1,4.1,,,,,,
2025,Nordeste,PB,2501609,Barra de Santa Rosa,Total,Estadual,,,,,,,,,,,,,3.2,1.7,0.8,,,2.1,,,,,,,,,,,,,94.6,95.7,99.2,,,96.3,,,,,,,,,,,,,2.2,2.6,0.0,,,1.6
2025,Nordeste,PB,2501609,Barra de Santa Rosa,Urbana,Estadual,,,,,,,,,,,,,3.2,1.7,0.8,,,2.1,,,,,,,,,,,,,94.6,95.7,99.2,,,96.3,,,,,,,,,,,,,2.2,2.6,0.0,,,1.6
2025,Nordeste,PB,2501609,Barra de Santa Rosa,Total,Municipal,0.0,0.0,0.0,0.8,0.0,0.0,0.0,0.0,0.0,0.0,0.2,0.1,,,,,,,100.0,100.0,92.4,94.7,95.5,94.4,89.2,93.8,94.5,93.0,96.3,94.7,,,,,,,0.0,0.0,7.6,4.5,4.5,5.6,10.8,6.2,5.5,7.0,3.5,5.2,,,,,,
2025,Nordeste,PB,2501609,Barra de Santa Rosa,Urbana,Municipal,0.0,0.0,0.0,1.1,0.0,0.0,0.0,0.0,0.0,0.0,0.2,0.1,,,,,,,100.0,100.0,90.9,94.9,97.9,94.4,89.2,93.8,94.5,93.0,96.5,94.5,,,,,,,0.0,0.0,9.1,4.0,2.1,5.6,10.8,6.2,5.5,7.0,3.3,5.4,,,,,,
2025,Nordeste,PB,2501609,Barra de Santa Rosa,Rural,Municipal,0.0,0.0,0.0,0.0,0.0,,,,,,0.0,0.0,,,,,,,100.0,100.0,96.9,94.1,89.5,,,,,,95.9,95.9,,,,,,,0.0,0.0,3.1,5.9,10.5,,,,,,4.1,4.1,,,,,,
2025,Nordeste,PB,2501609,Barra de Santa Rosa,Total,Privada,0.0,0.0,0.0,0.0,0.0,0.0,0.0,0.0,3.9,1.0,0.0,0.5,0.0,,,,,0.0,100.0,100.0,100.0,100.0,100.0,96.2,100.0,100.0,92.3,96.9,100.0,98.6,100.0,,,,,100.0,0.0,0.0,0.0,0.0,0.0,3.8,0.0,0.0,3.8,2.1,0.0,0.9,0.0,,,,,0.0
2025,Nordeste,PB,2501609,Barra de Santa Rosa,Urbana,Privada,0.0,0.0,0.0,0.0,0.0,0.0,0.0,0.0,3.9,1.0,0.0,0.5,0.0,,,,,0.0,100.0,100.0,100.0,100.0,100.0,96.2,100.0,100.0,92.3,96.9,100.0,98.6,100.0,,,,,100.0,0.0,0.0,0.0,0.0,0.0,3.8,0.0,0.0,3.8,2.1,0.0,0.9,0.0,,,,,0.0
2025,Nordeste,PB,2501609,Barra de Santa Rosa,Total,Pública,0.0,0.0,0.0,0.8,0.0,0.0,0.0,0.0,0.0,0.0,0.2,0.1,3.2,1.7,0.8,,,2.1,100.0,100.0,92.4,94.7,95.5,94.4,89.2,93.8,94.5,93.0,96.3,94.7,94.6,95.7,99.2,,,96.3,0.0,0.0,7.6,4.5,4.5,5.6,10.8,6.2,5.5,7.0,3.5,5.2,2.2,2.6,0.0,,,1.6
2025,Nordeste,PB,2501609,Barra de Santa Rosa,Urbana,Pública,0.0,0.0,0.0,1.1,0.0,0.0,0.0,0.0,0.0,0.0,0.2,0.1,3.2,1.7,0.8,,,2.1,100.0,100.0,90.9,94.9,97.9,94.4,89.2,93.8,94.5,93.0,96.5,94.5,94.6,95.7,99.2,,,96.3,0.0,0.0,9.1,4.0,2.1,5.6,10.8,6.2,5.5,7.0,3.3,5.4,2.2,2.6,0.0,,,1.6
2025,Nordeste,PB,2501609,Barra de Santa Rosa,Rural,Pública,0.0,0.0,0.0,0.0,0.0,,,,,,0.0,0.0,,,,,,,100.0,100.0,96.9,94.1,89.5,,,,,,95.9,95.9,,,,,,,0.0,0.0,3.1,5.9,10.5,,,,,,4.1,4.1,,,,,,
2025,Nordeste,PB,2501708,Barra de São Miguel,Total,Total,0.0,0.0,0.0,0.0,0.0,0.0,0.0,0.0,0.0,0.0,0.0,0.0,1.0,0.0,0.0,,,0.4,100.0,100.0,100.0,100.0,100.0,100.0,100.0,100.0,100.0,100.0,100.0,100.0,99.0,100.0,100.0,,,99.6,0.0,0.0,0.0,0.0,0.0,0.0,0.0,0.0,0.0,0.0,0.0,0.0,0.0,0.0,0.0,,,0.0
2025,Nordeste,PB,2501708,Barra de São Miguel,Urbana,Total,0.0,0.0,0.0,0.0,0.0,0.0,0.0,0.0,0.0,0.0,0.0,0.0,1.0,0.0,0.0,,,0.4,100.0,100.0,100.0,100.0,100.0,100.0,100.0,100.0,100.0,100.0,100.0,100.0,99.0,100.0,100.0,,,99.6,0.0,0.0,0.0,0.0,0.0,0.0,0.0,0.0,0.0,0.0,0.0,0.0,0.0,0.0,0.0,,,0.0
2025,Nordeste,PB,2501708,Barra de São Miguel,Rural,Total,0.0,0.0,0.0,0.0,0.0,0.0,0.0,0.0,0.0,0.0,0.0,0.0,,,,,,,100.0,100.0,100.0,100.0,100.0,100.0,100.0,100.0,100.0,100.0,100.0,100.0,,,,,,,0.0,0.0,0.0,0.0,0.0,0.0,0.0,0.0,0.0,0.0,0.0,0.0,,,,,,
2025,Nordeste,PB,2501708,Barra de São Miguel,Total,Estadual,,,,,,,,,,,,,1.0,0.0,0.0,,,0.4,,,,,,,,,,,,,99.0,100.0,100.0,,,99.6,,,,,,,,,,,,,0.0,0.0,0.0,,,0.0
2025,Nordeste,PB,2501708,Barra de São Miguel,Urbana,Estadual,,,,,,,,,,,,,1.0,0.0,0.0,,,0.4,,,,,,,,,,,,,99.0,100.0,100.0,,,99.6,,,,,,,,,,,,,0.0,0.0,0.0,,,0.0
2025,Nordeste,PB,2501708,Barra de São Miguel,Total,Municipal,0.0,0.0,0.0,0.0,0.0,0.0,0.0,0.0,0.0,0.0,0.0,0.0,,,,,,,100.0,100.0,100.0,100.0,100.0,100.0,100.0,100.0,100.0,100.0,100.0,100.0,,,,,,,0.0,0.0,0.0,0.0,0.0,0.0,0.0,0.0,0.0,0.0,0.0,0.0,,,,,,
2025,Nordeste,PB,2501708,Barra de São Miguel,Urbana,Municipal,0.0,0.0,0.0,0.0,0.0,0.0,0.0,0.0,0.0,0.0,0.0,0.0,,,,,,,100.0,100.0,100.0,100.0,100.0,100.0,100.0,100.0,100.0,100.0,100.0,100.0,,,,,,,0.0,0.0,0.0,0.0,0.0,0.0,0.0,0.0,0.0,0.0,0.0,0.0,,,,,,
2025,Nordeste,PB,2501708,Barra de São Miguel,Rural,Municipal,0.0,0.0,0.0,0.0,0.0,0.0,0.0,0.0,0.0,0.0,0.0,0.0,,,,,,,100.0,100.0,100.0,100.0,100.0,100.0,100.0,100.0,100.0,100.0,100.0,100.0,,,,,,,0.0,0.0,0.0,0.0,0.0,0.0,0.0,0.0,0.0,0.0,0.0,0.0,,,,,,
2025,Nordeste,PB,2501708,Barra de São Miguel,Total,Pública,0.0,0.0,0.0,0.0,0.0,0.0,0.0,0.0,0.0,0.0,0.0,0.0,1.0,0.0,0.0,,,0.4,100.0,100.0,100.0,100.0,100.0,100.0,100.0,100.0,100.0,100.0,100.0,100.0,99.0,100.0,100.0,,,99.6,0.0,0.0,0.0,0.0,0.0,0.0,0.0,0.0,0.0,0.0,0.0,0.0,0.0,0.0,0.0,,,0.0
2025,Nordeste,PB,2501708,Barra de São Miguel,Urbana,Pública,0.0,0.0,0.0,0.0,0.0,0.0,0.0,0.0,0.0,0.0,0.0,0.0,1.0,0.0,0.0,,,0.4,100.0,100.0,100.0,100.0,100.0,100.0,100.0,100.0,100.0,100.0,100.0,100.0,99.0,100.0,100.0,,,99.6,0.0,0.0,0.0,0.0,0.0,0.0,0.0,0.0,0.0,0.0,0.0,0.0,0.0,0.0,0.0,,,0.0
2025,Nordeste,PB,2501708,Barra de São Miguel,Rural,Pública,0.0,0.0,0.0,0.0,0.0,0.0,0.0,0.0,0.0,0.0,0.0,0.0,,,,,,,100.0,100.0,100.0,100.0,100.0,100.0,100.0,100.0,100.0,100.0,100.0,100.0,,,,,,,0.0,0.0,0.0,0.0,0.0,0.0,0.0,0.0,0.0,0.0,0.0,0.0,,,,,,
2025,Nordeste,PB,2501807,Bayeux,Total,Total,0.7,0.5,0.3,0.5,0.8,2.7,1.7,1.9,2.1,2.1,0.6,1.2,6.5,4.8,1.7,,,4.7,97.6,98.5,96.5,96.3,96.9,85.6,88.0,86.0,93.4,88.0,97.1,93.4,84.7,87.9,93.7,,,88.2,1.7,1.0,3.2,3.2,2.3,11.7,10.3,12.1,4.5,9.9,2.3,5.4,8.8,7.3,4.6,,,7.1
2025,Nordeste,PB,2501807,Bayeux,Urbana,Total,0.7,0.5,0.3,0.5,0.8,2.7,1.7,1.9,2.1,2.1,0.6,1.2,6.5,4.8,1.7,,,4.7,97.6,98.5,96.5,96.3,96.9,85.6,88.0,86.0,93.4,88.0,97.1,93.4,84.7,87.9,93.7,,,88.2,1.7,1.0,3.2,3.2,2.3,11.7,10.3,12.1,4.5,9.9,2.3,5.4,8.8,7.3,4.6,,,7.1
2025,Nordeste,PB,2501807,Bayeux,Total,Estadual,0.0,0.0,0.0,0.0,0.0,3.9,4.1,1.7,4.0,3.4,0.0,2.6,8.4,6.3,2.4,,,6.1,100.0,100.0,100.0,100.0,98.7,91.2,92.3,90.2,92.0,91.4,99.6,93.4,83.0,85.2,91.4,,,86.0,0.0,0.0,0.0,0.0,1.3,4.9,3.6,8.1,4.0,5.2,0.4,4.0,8.6,8.5,6.2,,,7.9
2025,Nordeste,PB,2501807,Bayeux,Urbana,Estadual,0.0,0.0,0.0,0.0,0.0,3.9,4.1,1.7,4.0,3.4,0.0,2.6,8.4,6.3,2.4,,,6.1,100.0,100.0,100.0,100.0,98.7,91.2,92.3,90.2,92.0,91.4,99.6,93.4,83.0,85.2,91.4,,,86.0,0.0,0.0,0.0,0.0,1.3,4.9,3.6,8.1,4.0,5.2,0.4,4.0,8.6,8.5,6.2,,,7.9
2025,Nordeste,PB,2501807,Bayeux,Total,Municipal,0.4,0.4,0.5,0.9,1.5,3.7,1.8,2.6,2.8,2.7,0.8,1.7,,,,,,,96.5,98.4,94.5,93.8,95.0,78.6,81.3,79.2,91.6,82.2,95.5,89.8,,,,,,,3.1,1.2,5.0,5.3,3.5,17.7,16.9,18.2,5.6,15.1,3.7,8.5,,,,,,
2025,Nordeste,PB,2501807,Bayeux,Urbana,Municipal,0.4,0.4,0.5,0.9,1.5,3.7,1.8,2.6,2.8,2.7,0.8,1.7,,,,,,,96.5,98.4,94.5,93.8,95.0,78.6,81.3,79.2,91.6,82.2,95.5,89.8,,,,,,,3.1,1.2,5.0,5.3,3.5,17.7,16.9,18.2,5.6,15.1,3.7,8.5,,,,,,
2025,Nordeste,PB,2501807,Bayeux,Total,Privada,0.9,0.7,0.2,0.0,0.0,0.0,0.0,0.6,0.0,0.2,0.3,0.3,0.0,0.0,0.0,,,0.0,98.3,98.5,98.5,99.4,99.2,96.7,97.4,95.4,97.2,96.6,98.8,98.1,90.6,96.2,100.0,,,95.4,0.8,0.8,1.3,0.6,0.8,3.3,2.6,4.0,2.8,3.2,0.9,1.6,9.4,3.8,0.0,,,4.6
2025,Nordeste,PB,2501807,Bayeux,Urbana,Privada,0.9,0.7,0.2,0.0,0.0,0.0,0.0,0.6,0.0,0.2,0.3,0.3,0.0,0.0,0.0,,,0.0,98.3,98.5,98.5,99.4,99.2,96.7,97.4,95.4,97.2,96.6,98.8,98.1,90.6,96.2,100.0,,,95.4,0.8,0.8,1.3,0.6,0.8,3.3,2.6,4.0,2.8,3.2,0.9,1.6,9.4,3.8,0.0,,,4.6
2025,Nordeste,PB,2501807,Bayeux,Total,Pública,0.4,0.4,0.5,0.9,1.3,3.7,2.4,2.4,3.1,2.9,0.7,1.7,8.4,6.3,2.4,,,6.1,96.7,98.5,94.9,94.1,95.4,81.3,83.9,81.8,91.7,84.4,95.8,90.4,83.0,85.2,91.4,,,86.0,2.9,1.1,4.6,5.0,3.3,15.0,13.7,15.8,5.2,12.7,3.5,7.9,8.6,8.5,6.2,,,7.9
2025,Nordeste,PB,2501807,Bayeux,Urbana,Pública,0.4,0.4,0.5,0.9,1.3,3.7,2.4,2.4,3.1,2.9,0.7,1.7,8.4,6.3,2.4,,,6.1,96.7,98.5,94.9,94.1,95.4,81.3,83.9,81.8,91.7,84.4,95.8,90.4,83.0,85.2,91.4,,,86.0,2.9,1.1,4.6,5.0,3.3,15.0,13.7,15.8,5.2,12.7,3.5,7.9,8.6,8.5,6.2,,,7.9
2025,Nordeste,PB,2501906,Belém,Total,Total,0.0,0.0,0.0,0.4,0.0,0.0,0.9,0.0,0.0,0.2,0.0,0.2,8.4,7.4,2.2,,,6.6,100.0,99.6,99.5,99.6,99.6,96.1,96.3,95.1,98.6,96.6,99.7,98.3,87.8,92.1,97.8,,,91.7,0.0,0.4,0.5,0.0,0.4,3.9,2.8,4.9,1.4,3.2,0.3,1.5,3.8,0.5,0.0,,,1.7
2025,Nordeste,PB,2501906,Belém,Urbana,Total,0.0,0.0,0.0,0.4,0.0,0.0,0.9,0.0,0.0,0.2,0.1,0.2,8.4,7.4,2.2,,,6.6,100.0,99.5,99.5,99.6,99.5,96.1,96.3,95.1,98.6,96.6,99.6,98.2,87.8,92.1,97.8,,,91.7,0.0,0.5,0.5,0.0,0.5,3.9,2.8,4.9,1.4,3.2,0.3,1.6,3.8,0.5,0.0,,,1.7
2025,Nordeste,PB,2501906,Belém,Rural,Total,0.0,0.0,0.0,0.0,0.0,,,,,,0.0,0.0,,,,,,,100.0,100.0,100.0,100.0,100.0,,,,,,100.0,100.0,,,,,,,0.0,0.0,0.0,0.0,0.0,,,,,,0.0,0.0,,,,,,
2025,Nordeste,PB,2501906,Belém,Total,Estadual,,,,,,,,,0.0,0.0,,0.0,10.6,8.8,2.9,,,8.2,,,,,,,,,85.7,85.7,,85.7,85.7,91.2,97.1,,,90.3,,,,,,,,,14.3,14.3,,14.3,3.7,0.0,0.0,,,1.5
2025,Nordeste,PB,2501906,Belém,Urbana,Estadual,,,,,,,,,0.0,0.0,,0.0,10.6,8.8,2.9,,,8.2,,,,,,,,,85.7,85.7,,85.7,85.7,91.2,97.1,,,90.3,,,,,,,,,14.3,14.3,,14.3,3.7,0.0,0.0,,,1.5
2025,Nordeste,PB,2501906,Belém,Total,Municipal,0.0,0.0,0.0,0.5,0.0,0.0,1.2,0.0,0.0,0.3,0.1,0.2,,,,,,,100.0,100.0,100.0,99.5,100.0,94.2,95.2,93.4,98.7,95.4,99.9,97.9,,,,,,,0.0,0.0,0.0,0.0,0.0,5.8,3.6,6.6,1.3,4.3,0.0,1.9,,,,,,
2025,Nordeste,PB,2501906,Belém,Urbana,Municipal,0.0,0.0,0.0,0.6,0.0,0.0,1.2,0.0,0.0,0.3,0.1,0.2,,,,,,,100.0,100.0,100.0,99.4,100.0,94.2,95.2,93.4,98.7,95.4,99.9,97.7,,,,,,,0.0,0.0,0.0,0.0,0.0,5.8,3.6,6.6,1.3,4.3,0.0,2.1,,,,,,
2025,Nordeste,PB,2501906,Belém,Rural,Municipal,0.0,0.0,0.0,0.0,0.0,,,,,,0.0,0.0,,,,,,,100.0,100.0,100.0,100.0,100.0,,,,,,100.0,100.0,,,,,,,0.0,0.0,0.0,0.0,0.0,,,,,,0.0,0.0,,,,,,
2025,Nordeste,PB,2501906,Belém,Total,Privada,0.0,0.0,0.0,0.0,0.0,0.0,0.0,0.0,0.0,0.0,0.0,0.0,0.0,0.0,0.0,,,0.0,100.0,98.8,98.6,100.0,98.5,100.0,100.0,100.0,100.0,100.0,99.2,99.5,95.8,97.1,100.0,,,97.4,0.0,1.2,1.4,0.0,1.5,0.0,0.0,0.0,0.0,0.0,0.8,0.5,4.2,2.9,0.0,,,2.6
2025,Nordeste,PB,2501906,Belém,Urbana,Privada,0.0,0.0,0.0,0.0,0.0,0.0,0.0,0.0,0.0,0.0,0.0,0.0,0.0,0.0,0.0,,,0.0,100.0,98.8,98.6,100.0,98.5,100.0,100.0,100.0,100.0,100.0,99.2,99.5,95.8,97.1,100.0,,,97.4,0.0,1.2,1.4,0.0,1.5,0.0,0.0,0.0,0.0,0.0,0.8,0.5,4.2,2.9,0.0,,,2.6
2025,Nordeste,PB,2501906,Belém,Total,Pública,0.0,0.0,0.0,0.5,0.0,0.0,1.2,0.0,0.0,0.3,0.1,0.2,10.6,8.8,2.9,,,8.2,100.0,100.0,100.0,99.5,100.0,94.2,95.2,93.4,98.1,95.3,99.9,97.8,85.7,91.2,97.1,,,90.3,0.0,0.0,0.0,0.0,0.0,5.8,3.6,6.6,1.9,4.4,0.0,2.0,3.7,0.0,0.0,,,1.5
2025,Nordeste,PB,2501906,Belém,Urbana,Pública,0.0,0.0,0.0,0.6,0.0,0.0,1.2,0.0,0.0,0.3,0.1,0.3,10.6,8.8,2.9,,,8.2,100.0,100.0,100.0,99.4,100.0,94.2,95.2,93.4,98.1,95.3,99.9,97.6,85.7,91.2,97.1,,,90.3,0.0,0.0,0.0,0.0,0.0,5.8,3.6,6.6,1.9,4.4,0.0,2.1,3.7,0.0,0.0,,,1.5
2025,Nordeste,PB,2501906,Belém,Rural,Pública,0.0,0.0,0.0,0.0,0.0,,,,,,0.0,0.0,,,,,,,100.0,100.0,100.0,100.0,100.0,,,,,,100.0,100.0,,,,,,,0.0,0.0,0.0,0.0,0.0,,,,,,0.0,0.0,,,,,,
2025,Nordeste,PB,2502003,Belém do Brejo do Cruz,Total,Total,0.0,0.0,0.0,0.0,0.0,1.1,6.0,1.3,1.2,2.5,0.0,1.2,0.0,0.0,0.0,,,0.0,100.0,100.0,91.8,90.8,96.7,89.1,87.0,94.9,97.6,91.8,95.8,93.9,94.2,98.5,98.5,,,97.0,0.0,0.0,8.2,9.2,3.3,9.8,7.0,3.8,1.2,5.7,4.2,4.9,5.8,1.5,1.5,,,3.0
2025,Nordeste,PB,2502003,Belém do Brejo do Cruz,Urbana,Total,0.0,0.0,0.0,0.0,0.0,1.1,6.0,1.3,1.2,2.5,0.0,1.2,0.0,0.0,0.0,,,0.0,100.0,100.0,92.6,89.9,96.3,89.1,87.0,94.9,97.6,91.8,95.7,93.8,94.2,98.5,98.5,,,97.0,0.0,0.0,7.4,10.1,3.7,9.8,7.0,3.8,1.2,5.7,4.3,5.0,5.8,1.5,1.5,,,3.0
2025,Nordeste,PB,2502003,Belém do Brejo do Cruz,Rural,Total,0.0,0.0,0.0,0.0,0.0,,,,,,0.0,0.0,,,,,,,100.0,100.0,80.0,100.0,100.0,,,,,,97.2,97.2,,,,,,,0.0,0.0,20.0,0.0,0.0,,,,,,2.8,2.8,,,,,,
2025,Nordeste,PB,2502003,Belém do Brejo do Cruz,Total,Estadual,,,,,,0.0,0.0,0.0,0.0,0.0,,0.0,0.0,0.0,0.0,,,0.0,,,,,,100.0,100.0,100.0,96.4,99.1,,99.1,94.2,98.5,98.5,,,97.0,,,,,,0.0,0.0,0.0,3.6,0.9,,0.9,5.8,1.5,1.5,,,3.0
2025,Nordeste,PB,2502003,Belém do Brejo do Cruz,Urbana,Estadual,,,,,,0.0,0.0,0.0,0.0,0.0,,0.0,0.0,0.0,0.0,,,0.0,,,,,,100.0,100.0,100.0,96.4,99.1,,99.1,94.2,98.5,98.5,,,97.0,,,,,,0.0,0.0,0.0,3.6,0.9,,0.9,5.8,1.5,1.5,,,3.0
2025,Nordeste,PB,2502003,Belém do Brejo do Cruz,Total,Municipal,0.0,0.0,0.0,0.0,0.0,1.5,8.4,1.9,1.9,3.7,0.0,1.6,,,,,,,100.0,100.0,90.0,89.2,96.4,85.5,81.7,92.3,98.1,88.6,95.2,92.4,,,,,,,0.0,0.0,10.0,10.8,3.6,13.0,9.9,5.8,0.0,7.7,4.8,6.0,,,,,,
2025,Nordeste,PB,2502003,Belém do Brejo do Cruz,Urbana,Municipal,0.0,0.0,0.0,0.0,0.0,1.5,8.4,1.9,1.9,3.7,0.0,1.7,,,,,,,100.0,100.0,90.9,87.7,95.8,85.5,81.7,92.3,98.1,88.6,95.0,92.1,,,,,,,0.0,0.0,9.1,12.3,4.2,13.0,9.9,5.8,0.0,7.7,5.0,6.2,,,,,,
2025,Nordeste,PB,2502003,Belém do Brejo do Cruz,Rural,Municipal,0.0,0.0,0.0,0.0,0.0,,,,,,0.0,0.0,,,,,,,100.0,100.0,80.0,100.0,100.0,,,,,,97.2,97.2,,,,,,,0.0,0.0,20.0,0.0,0.0,,,,,,2.8,2.8,,,,,,
2025,Nordeste,PB,2502003,Belém do Brejo do Cruz,Total,Privada,0.0,0.0,0.0,0.0,0.0,,,,,,0.0,0.0,,,,,,,100.0,100.0,100.0,95.5,100.0,,,,,,98.6,98.6,,,,,,,0.0,0.0,0.0,4.5,0.0,,,,,,1.4,1.4,,,,,,
2025,Nordeste,PB,2502003,Belém do Brejo do Cruz,Urbana,Privada,0.0,0.0,0.0,0.0,0.0,,,,,,0.0,0.0,,,,,,,100.0,100.0,100.0,95.5,100.0,,,,,,98.6,98.6,,,,,,,0.0,0.0,0.0,4.5,0.0,,,,,,1.4,1.4,,,,,,
2025,Nordeste,PB,2502003,Belém do Brejo do Cruz,Total,Pública,0.0,0.0,0.0,0.0,0.0,1.1,6.0,1.3,1.2,2.5,0.0,1.3,0.0,0.0,0.0,,,0.0,100.0,100.0,90.0,89.2,96.4,89.1,87.0,94.9,97.6,91.8,95.2,93.5,94.2,98.5,98.5,,,97.0,0.0,0.0,10.0,10.8,3.6,9.8,7.0,3.8,1.2,5.7,4.8,5.2,5.8,1.5,1.5,,,3.0
2025,Nordeste,PB,2502003,Belém do Brejo do Cruz,Urbana,Pública,0.0,0.0,0.0,0.0,0.0,1.1,6.0,1.3,1.2,2.5,0.0,1.3,0.0,0.0,0.0,,,0.0,100.0,100.0,90.9,87.7,95.8,89.1,87.0,94.9,97.6,91.8,95.0,93.3,94.2,98.5,98.5,,,97.0,0.0,0.0,9.1,12.3,4.2,9.8,7.0,3.8,1.2,5.7,5.0,5.4,5.8,1.5,1.5,,,3.0
2025,Nordeste,PB,2502003,Belém do Brejo do Cruz,Rural,Pública,0.0,0.0,0.0,0.0,0.0,,,,,,0.0,0.0,,,,,,,100.0,100.0,80.0,100.0,100.0,,,,,,97.2,97.2,,,,,,,0.0,0.0,20.0,0.0,0.0,,,,,,2.8,2.8,,,,,,
2025,Nordeste,PB,2502052,Bernardino Batista,Total,Total,0.0,0.0,0.0,0.0,0.0,0.0,0.0,0.0,0.0,0.0,0.0,0.0,6.8,11.1,0.0,,,6.0,100.0,100.0,100.0,98.5,97.0,97.0,100.0,100.0,100.0,99.2,99.0,99.1,88.1,86.1,100.0,,,91.0,0.0,0.0,0.0,1.5,3.0,3.0,0.0,0.0,0.0,0.8,1.0,0.9,5.1,2.8,0.0,,,3.0
2025,Nordeste,PB,2502052,Bernardino Batista,Urbana,Total,0.0,0.0,0.0,0.0,0.0,0.0,0.0,0.0,0.0,0.0,0.0,0.0,6.8,11.1,0.0,,,6.0,100.0,100.0,100.0,100.0,98.2,97.0,100.0,100.0,100.0,99.2,99.6,99.4,88.1,86.1,100.0,,,91.0,0.0,0.0,0.0,0.0,1.8,3.0,0.0,0.0,0.0,0.8,0.4,0.6,5.1,2.8,0.0,,,3.0
2025,Nordeste,PB,2502052,Bernardino Batista,Rural,Total,0.0,0.0,0.0,0.0,0.0,,,,,,0.0,0.0,,,,,,,100.0,100.0,100.0,95.2,90.0,,,,,,97.3,97.3,,,,,,,0.0,0.0,0.0,4.8,10.0,,,,,,2.7,2.7,,,,,,
2025,Nordeste,PB,2502052,Bernardino Batista,Total,Estadual,,,,,,,,,,,,,6.8,11.1,0.0,,,6.0,,,,,,,,,,,,,88.1,86.1,100.0,,,91.0,,,,,,,,,,,,,5.1,2.8,0.0,,,3.0
2025,Nordeste,PB,2502052,Bernardino Batista,Urbana,Estadual,,,,,,,,,,,,,6.8,11.1,0.0,,,6.0,,,,,,,,,,,,,88.1,86.1,100.0,,,91.0,,,,,,,,,,,,,5.1,2.8,0.0,,,3.0
2025,Nordeste,PB,2502052,Bernardino Batista,Total,Municipal,0.0,0.0,0.0,0.0,0.0,0.0,0.0,0.0,0.0,0.0,0.0,0.0,,,,,,,100.0,100.0,100.0,98.5,97.0,97.0,100.0,100.0,100.0,99.2,99.0,99.1,,,,,,,0.0,0.0,0.0,1.5,3.0,3.0,0.0,0.0,0.0,0.8,1.0,0.9,,,,,,
2025,Nordeste,PB,2502052,Bernardino Batista,Urbana,Municipal,0.0,0.0,0.0,0.0,0.0,0.0,0.0,0.0,0.0,0.0,0.0,0.0,,,,,,,100.0,100.0,100.0,100.0,98.2,97.0,100.0,100.0,100.0,99.2,99.6,99.4,,,,,,,0.0,0.0,0.0,0.0,1.8,3.0,0.0,0.0,0.0,0.8,0.4,0.6,,,,,,
2025,Nordeste,PB,2502052,Bernardino Batista,Rural,Municipal,0.0,0.0,0.0,0.0,0.0,,,,,,0.0,0.0,,,,,,,100.0,100.0,100.0,95.2,90.0,,,,,,97.3,97.3,,,,,,,0.0,0.0,0.0,4.8,10.0,,,,,,2.7,2.7,,,,,,
2025,Nordeste,PB,2502052,Bernardino Batista,Total,Pública,0.0,0.0,0.0,0.0,0.0,0.0,0.0,0.0,0.0,0.0,0.0,0.0,6.8,11.1,0.0,,,6.0,100.0,100.0,100.0,98.5,97.0,97.0,100.0,100.0,100.0,99.2,99.0,99.1,88.1,86.1,100.0,,,91.0,0.0,0.0,0.0,1.5,3.0,3.0,0.0,0.0,0.0,0.8,1.0,0.9,5.1,2.8,0.0,,,3.0
2025,Nordeste,PB,2502052,Bernardino Batista,Urbana,Pública,0.0,0.0,0.0,0.0,0.0,0.0,0.0,0.0,0.0,0.0,0.0,0.0,6.8,11.1,0.0,,,6.0,100.0,100.0,100.0,100.0,98.2,97.0,100.0,100.0,100.0,99.2,99.6,99.4,88.1,86.1,100.0,,,91.0,0.0,0.0,0.0,0.0,1.8,3.0,0.0,0.0,0.0,0.8,0.4,0.6,5.1,2.8,0.0,,,3.0
2025,Nordeste,PB,2502052,Bernardino Batista,Rural,Pública,0.0,0.0,0.0,0.0,0.0,,,,,,0.0,0.0,,,,,,,100.0,100.0,100.0,95.2,90.0,,,,,,97.3,97.3,,,,,,,0.0,0.0,0.0,4.8,10.0,,,,,,2.7,2.7,,,,,,
2025,Nordeste,PB,2502102,Boa Ventura,Total,Total,0.0,0.0,0.0,0.0,0.0,0.0,0.0,1.7,0.0,0.5,0.0,0.2,10.9,6.4,0.0,,,6.6,100.0,98.7,100.0,98.1,98.6,93.9,97.9,93.4,98.0,95.7,99.1,97.8,89.1,93.6,100.0,,,93.4,0.0,1.3,0.0,1.9,1.4,6.1,2.1,4.9,2.0,3.8,0.9,2.0,0.0,0.0,0.0,,,0.0
2025,Nordeste,PB,2502102,Boa Ventura,Urbana,Total,0.0,0.0,0.0,0.0,0.0,0.0,0.0,1.7,0.0,0.5,0.0,0.2,10.9,6.4,0.0,,,6.6,100.0,98.5,100.0,97.6,98.3,93.9,97.9,93.4,98.0,95.7,99.0,97.6,89.1,93.6,100.0,,,93.4,0.0,1.5,0.0,2.4,1.7,6.1,2.1,4.9,2.0,3.8,1.0,2.2,0.0,0.0,0.0,,,0.0
2025,Nordeste,PB,2502102,Boa Ventura,Rural,Total,0.0,0.0,0.0,0.0,0.0,,,,,,0.0,0.0,,,,,,,100.0,100.0,100.0,100.0,100.0,,,,,,100.0,100.0,,,,,,,0.0,0.0,0.0,0.0,0.0,,,,,,0.0,0.0,,,,,,
2025,Nordeste,PB,2502102,Boa Ventura,Total,Estadual,,,,,,,,,,,,,10.9,6.4,0.0,,,6.6,,,,,,,,,,,,,89.1,93.6,100.0,,,93.4,,,,,,,,,,,,,0.0,0.0,0.0,,,0.0
2025,Nordeste,PB,2502102,Boa Ventura,Urbana,Estadual,,,,,,,,,,,,,10.9,6.4,0.0,,,6.6,,,,,,,,,,,,,89.1,93.6,100.0,,,93.4,,,,,,,,,,,,,0.0,0.0,0.0,,,0.0
2025,Nordeste,PB,2502102,Boa Ventura,Total,Municipal,0.0,0.0,0.0,0.0,0.0,0.0,0.0,1.7,0.0,0.5,0.0,0.2,,,,,,,100.0,98.4,100.0,97.8,98.3,93.9,97.9,93.4,98.0,95.7,99.0,97.6,,,,,,,0.0,1.6,0.0,2.2,1.7,6.1,2.1,4.9,2.0,3.8,1.0,2.2,,,,,,
2025,Nordeste,PB,2502102,Boa Ventura,Urbana,Municipal,0.0,0.0,0.0,0.0,0.0,0.0,0.0,1.7,0.0,0.5,0.0,0.2,,,,,,,100.0,98.1,100.0,97.1,97.8,93.9,97.9,93.4,98.0,95.7,98.7,97.3,,,,,,,0.0,1.9,0.0,2.9,2.2,6.1,2.1,4.9,2.0,3.8,1.3,2.5,,,,,,
2025,Nordeste,PB,2502102,Boa Ventura,Rural,Municipal,0.0,0.0,0.0,0.0,0.0,,,,,,0.0,0.0,,,,,,,100.0,100.0,100.0,100.0,100.0,,,,,,100.0,100.0,,,,,,,0.0,0.0,0.0,0.0,0.0,,,,,,0.0,0.0,,,,,,
2025,Nordeste,PB,2502102,Boa Ventura,Total,Privada,0.0,0.0,0.0,0.0,0.0,,,,,,0.0,0.0,,,,,,,100.0,100.0,100.0,100.0,100.0,,,,,,100.0,100.0,,,,,,,0.0,0.0,0.0,0.0,0.0,,,,,,0.0,0.0,,,,,,
2025,Nordeste,PB,2502102,Boa Ventura,Urbana,Privada,0.0,0.0,0.0,0.0,0.0,,,,,,0.0,0.0,,,,,,,100.0,100.0,100.0,100.0,100.0,,,,,,100.0,100.0,,,,,,,0.0,0.0,0.0,0.0,0.0,,,,,,0.0,0.0,,,,,,
2025,Nordeste,PB,2502102,Boa Ventura,Total,Pública,0.0,0.0,0.0,0.0,0.0,0.0,0.0,1.7,0.0,0.5,0.0,0.2,10.9,6.4,0.0,,,6.6,100.0,98.4,100.0,97.8,98.3,93.9,97.9,93.4,98.0,95.7,99.0,97.6,89.1,93.6,100.0,,,93.4,0.0,1.6,0.0,2.2,1.7,6.1,2.1,4.9,2.0,3.8,1.0,2.2,0.0,0.0,0.0,,,0.0
2025,Nordeste,PB,2502102,Boa Ventura,Urbana,Pública,0.0,0.0,0.0,0.0,0.0,0.0,0.0,1.7,0.0,0.5,0.0,0.2,10.9,6.4,0.0,,,6.6,100.0,98.1,100.0,97.1,97.8,93.9,97.9,93.4,98.0,95.7,98.7,97.3,89.1,93.6,100.0,,,93.4,0.0,1.9,0.0,2.9,2.2,6.1,2.1,4.9,2.0,3.8,1.3,2.5,0.0,0.0,0.0,,,0.0
2025,Nordeste,PB,2502102,Boa Ventura,Rural,Pública,0.0,0.0,0.0,0.0,0.0,,,,,,0.0,0.0,,,,,,,100.0,100.0,100.0,100.0,100.0,,,,,,100.0,100.0,,,,,,,0.0,0.0,0.0,0.0,0.0,,,,,,0.0,0.0,,,,,,
2025,Nordeste,PB,2502151,Boa Vista,Total,Total,0.0,0.0,0.0,0.0,0.0,0.0,0.0,2.6,1.1,0.9,0.0,0.4,3.2,1.7,0.0,,,1.9,99.0,95.0,91.7,97.2,98.1,90.1,94.6,88.6,98.9,92.7,96.2,94.7,96.8,98.3,100.0,,,98.1,1.0,5.0,8.3,2.8,1.9,9.9,5.4,8.8,0.0,6.4,3.8,4.9,0.0,0.0,0.0,,,0.0
2025,Nordeste,PB,2502151,Boa Vista,Urbana,Total,0.0,0.0,0.0,0.0,0.0,0.0,0.0,2.6,1.1,0.9,0.0,0.6,3.2,1.7,0.0,,,1.9,98.6,95.0,88.1,98.6,100.0,90.1,94.6,88.6,98.9,92.7,96.3,94.3,96.8,98.3,100.0,,,98.1,1.4,5.0,11.9,1.4,0.0,9.9,5.4,8.8,0.0,6.4,3.7,5.1,0.0,0.0,0.0,,,0.0
2025,Nordeste,PB,2502151,Boa Vista,Rural,Total,0.0,0.0,0.0,0.0,0.0,,,,,,0.0,0.0,,,,,,,100.0,95.1,97.3,94.3,94.7,,,,,,96.2,96.2,,,,,,,0.0,4.9,2.7,5.7,5.3,,,,,,3.8,3.8,,,,,,
2025,Nordeste,PB,2502151,Boa Vista,Total,Estadual,,,,,,,,,,,,,3.2,1.7,0.0,,,1.9,,,,,,,,,,,,,96.8,98.3,100.0,,,98.1,,,,,,,,,,,,,0.0,0.0,0.0,,,0.0
2025,Nordeste,PB,2502151,Boa Vista,Urbana,Estadual,,,,,,,,,,,,,3.2,1.7,0.0,,,1.9,,,,,,,,,,,,,96.8,98.3,100.0,,,98.1,,,,,,,,,,,,,0.0,0.0,0.0,,,0.0
2025,Nordeste,PB,2502151,Boa Vista,Total,Municipal,0.0,0.0,0.0,0.0,0.0,0.0,0.0,2.6,1.1,0.9,0.0,0.4,,,,,,,99.0,95.0,91.7,97.2,98.1,90.1,94.6,88.6,98.9,92.7,96.2,94.7,,,,,,,1.0,5.0,8.3,2.8,1.9,9.9,5.4,8.8,0.0,6.4,3.8,4.9,,,,,,
2025,Nordeste,PB,2502151,Boa Vista,Urbana,Municipal,0.0,0.0,0.0,0.0,0.0,0.0,0.0,2.6,1.1,0.9,0.0,0.6,,,,,,,98.6,95.0,88.1,98.6,100.0,90.1,94.6,88.6,98.9,92.7,96.3,94.3,,,,,,,1.4,5.0,11.9,1.4,0.0,9.9,5.4,8.8,0.0,6.4,3.7,5.1,,,,,,
2025,Nordeste,PB,2502151,Boa Vista,Rural,Municipal,0.0,0.0,0.0,0.0,0.0,,,,,,0.0,0.0,,,,,,,100.0,95.1,97.3,94.3,94.7,,,,,,96.2,96.2,,,,,,,0.0,4.9,2.7,5.7,5.3,,,,,,3.8,3.8,,,,,,
2025,Nordeste,PB,2502151,Boa Vista,Total,Pública,0.0,0.0,0.0,0.0,0.0,0.0,0.0,2.6,1.1,0.9,0.0,0.4,3.2,1.7,0.0,,,1.9,99.0,95.0,91.7,97.2,98.1,90.1,94.6,88.6,98.9,92.7,96.2,94.7,96.8,98.3,100.0,,,98.1,1.0,5.0,8.3,2.8,1.9,9.9,5.4,8.8,0.0,6.4,3.8,4.9,0.0,0.0,0.0,,,0.0
2025,Nordeste,PB,2502151,Boa Vista,Urbana,Pública,0.0,0.0,0.0,0.0,0.0,0.0,0.0,2.6,1.1,0.9,0.0,0.6,3.2,1.7,0.0,,,1.9,98.6,95.0,88.1,98.6,100.0,90.1,94.6,88.6,98.9,92.7,96.3,94.3,96.8,98.3,100.0,,,98.1,1.4,5.0,11.9,1.4,0.0,9.9,5.4,8.8,0.0,6.4,3.7,5.1,0.0,0.0,0.0,,,0.0
2025,Nordeste,PB,2502151,Boa Vista,Rural,Pública,0.0,0.0,0.0,0.0,0.0,,,,,,0.0,0.0,,,,,,,100.0,95.1,97.3,94.3,94.7,,,,,,96.2,96.2,,,,,,,0.0,4.9,2.7,5.7,5.3,,,,,,3.8,3.8,,,,,,
2025,Nordeste,PB,2502201,Bom Jesus,Total,Total,0.0,0.0,0.0,0.0,0.0,0.0,0.0,0.0,0.0,0.0,0.0,0.0,3.9,0.0,0.0,,,1.8,100.0,100.0,100.0,100.0,100.0,100.0,100.0,100.0,100.0,100.0,100.0,100.0,96.1,100.0,100.0,,,98.2,0.0,0.0,0.0,0.0,0.0,0.0,0.0,0.0,0.0,0.0,0.0,0.0,0.0,0.0,0.0,,,0.0
2025,Nordeste,PB,2502201,Bom Jesus,Urbana,Total,0.0,0.0,0.0,0.0,0.0,0.0,0.0,0.0,0.0,0.0,0.0,0.0,3.9,0.0,0.0,,,1.8,100.0,100.0,100.0,100.0,100.0,100.0,100.0,100.0,100.0,100.0,100.0,100.0,96.1,100.0,100.0,,,98.2,0.0,0.0,0.0,0.0,0.0,0.0,0.0,0.0,0.0,0.0,0.0,0.0,0.0,0.0,0.0,,,0.0
2025,Nordeste,PB,2502201,Bom Jesus,Rural,Total,0.0,0.0,0.0,0.0,0.0,,,,,,0.0,0.0,,,,,,,100.0,100.0,100.0,100.0,100.0,,,,,,100.0,100.0,,,,,,,0.0,0.0,0.0,0.0,0.0,,,,,,0.0,0.0,,,,,,
2025,Nordeste,PB,2502201,Bom Jesus,Total,Estadual,,,,,,,,,,,,,3.9,0.0,0.0,,,1.8,,,,,,,,,,,,,96.1,100.0,100.0,,,98.2,,,,,,,,,,,,,0.0,0.0,0.0,,,0.0
2025,Nordeste,PB,2502201,Bom Jesus,Urbana,Estadual,,,,,,,,,,,,,3.9,0.0,0.0,,,1.8,,,,,,,,,,,,,96.1,100.0,100.0,,,98.2,,,,,,,,,,,,,0.0,0.0,0.0,,,0.0
2025,Nordeste,PB,2502201,Bom Jesus,Total,Municipal,0.0,0.0,0.0,0.0,0.0,0.0,0.0,0.0,0.0,0.0,0.0,0.0,,,,,,,100.0,100.0,100.0,100.0,100.0,100.0,100.0,100.0,100.0,100.0,100.0,100.0,,,,,,,0.0,0.0,0.0,0.0,0.0,0.0,0.0,0.0,0.0,0.0,0.0,0.0,,,,,,
2025,Nordeste,PB,2502201,Bom Jesus,Urbana,Municipal,0.0,0.0,0.0,0.0,0.0,0.0,0.0,0.0,0.0,0.0,0.0,0.0,,,,,,,100.0,100.0,100.0,100.0,100.0,100.0,100.0,100.0,100.0,100.0,100.0,100.0,,,,,,,0.0,0.0,0.0,0.0,0.0,0.0,0.0,0.0,0.0,0.0,0.0,0.0,,,,,,
2025,Nordeste,PB,2502201,Bom Jesus,Rural,Municipal,0.0,0.0,0.0,0.0,0.0,,,,,,0.0,0.0,,,,,,,100.0,100.0,100.0,100.0,100.0,,,,,,100.0,100.0,,,,,,,0.0,0.0,0.0,0.0,0.0,,,,,,0.0,0.0,,,,,,
2025,Nordeste,PB,2502201,Bom Jesus,Total,Pública,0.0,0.0,0.0,0.0,0.0,0.0,0.0,0.0,0.0,0.0,0.0,0.0,3.9,0.0,0.0,,,1.8,100.0,100.0,100.0,100.0,100.0,100.0,100.0,100.0,100.0,100.0,100.0,100.0,96.1,100.0,100.0,,,98.2,0.0,0.0,0.0,0.0,0.0,0.0,0.0,0.0,0.0,0.0,0.0,0.0,0.0,0.0,0.0,,,0.0
2025,Nordeste,PB,2502201,Bom Jesus,Urbana,Pública,0.0,0.0,0.0,0.0,0.0,0.0,0.0,0.0,0.0,0.0,0.0,0.0,3.9,0.0,0.0,,,1.8,100.0,100.0,100.0,100.0,100.0,100.0,100.0,100.0,100.0,100.0,100.0,100.0,96.1,100.0,100.0,,,98.2,0.0,0.0,0.0,0.0,0.0,0.0,0.0,0.0,0.0,0.0,0.0,0.0,0.0,0.0,0.0,,,0.0
2025,Nordeste,PB,2502201,Bom Jesus,Rural,Pública,0.0,0.0,0.0,0.0,0.0,,,,,,0.0,0.0,,,,,,,100.0,100.0,100.0,100.0,100.0,,,,,,100.0,100.0,,,,,,,0.0,0.0,0.0,0.0,0.0,,,,,,0.0,0.0,,,,,,
2025,Nordeste,PB,2502300,Bom Sucesso,Total,Total,2.2,0.0,0.0,0.0,1.9,0.0,0.0,0.0,0.0,0.0,0.9,0.5,0.0,2.5,0.0,,,0.8,97.8,100.0,95.9,98.2,98.1,96.4,95.7,90.9,95.2,94.4,97.9,96.4,100.0,97.5,100.0,,,99.2,0.0,0.0,4.1,1.8,0.0,3.6,4.3,9.1,4.8,5.6,1.2,3.1,0.0,0.0,0.0,,,0.0
2025,Nordeste,PB,2502300,Bom Sucesso,Urbana,Total,3.1,0.0,0.0,0.0,2.6,0.0,0.0,0.0,0.0,0.0,1.2,0.7,0.0,2.5,0.0,,,0.8,96.9,100.0,94.6,97.3,97.4,94.7,94.3,81.8,92.3,91.3,97.0,94.7,100.0,97.5,100.0,,,99.2,0.0,0.0,5.4,2.7,0.0,5.3,5.7,18.2,7.7,8.7,1.8,4.6,0.0,0.0,0.0,,,0.0
2025,Nordeste,PB,2502300,Bom Sucesso,Rural,Total,0.0,0.0,0.0,0.0,0.0,0.0,0.0,0.0,0.0,0.0,0.0,0.0,,,,,,,100.0,100.0,100.0,100.0,100.0,100.0,100.0,100.0,100.0,100.0,100.0,100.0,,,,,,,0.0,0.0,0.0,0.0,0.0,0.0,0.0,0.0,0.0,0.0,0.0,0.0,,,,,,
2025,Nordeste,PB,2502300,Bom Sucesso,Total,Estadual,,,,,,,,,,,,,0.0,2.5,0.0,,,0.8,,,,,,,,,,,,,100.0,97.5,100.0,,,99.2,,,,,,,,,,,,,0.0,0.0,0.0,,,0.0
2025,Nordeste,PB,2502300,Bom Sucesso,Urbana,Estadual,,,,,,,,,,,,,0.0,2.5,0.0,,,0.8,,,,,,,,,,,,,100.0,97.5,100.0,,,99.2,,,,,,,,,,,,,0.0,0.0,0.0,,,0.0
2025,Nordeste,PB,2502300,Bom Sucesso,Total,Municipal,2.6,0.0,0.0,0.0,2.3,0.0,0.0,0.0,0.0,0.0,1.0,0.5,,,,,,,97.4,100.0,95.2,98.0,97.7,96.4,95.7,90.9,95.2,94.4,97.6,96.2,,,,,,,0.0,0.0,4.8,2.0,0.0,3.6,4.3,9.1,4.8,5.6,1.4,3.3,,,,,,
2025,Nordeste,PB,2502300,Bom Sucesso,Urbana,Municipal,4.0,0.0,0.0,0.0,3.3,0.0,0.0,0.0,0.0,0.0,1.4,0.8,,,,,,,96.0,100.0,93.3,96.9,96.7,94.7,94.3,81.8,92.3,91.3,96.4,94.0,,,,,,,0.0,0.0,6.7,3.1,0.0,5.3,5.7,18.2,7.7,8.7,2.2,5.2,,,,,,
2025,Nordeste,PB,2502300,Bom Sucesso,Rural,Municipal,0.0,0.0,0.0,0.0,0.0,0.0,0.0,0.0,0.0,0.0,0.0,0.0,,,,,,,100.0,100.0,100.0,100.0,100.0,100.0,100.0,100.0,100.0,100.0,100.0,100.0,,,,,,,0.0,0.0,0.0,0.0,0.0,0.0,0.0,0.0,0.0,0.0,0.0,0.0,,,,,,
2025,Nordeste,PB,2502300,Bom Sucesso,Total,Privada,0.0,0.0,0.0,0.0,0.0,,,,,,0.0,0.0,,,,,,,100.0,100.0,100.0,100.0,100.0,,,,,,100.0,100.0,,,,,,,0.0,0.0,0.0,0.0,0.0,,,,,,0.0,0.0,,,,,,
2025,Nordeste,PB,2502300,Bom Sucesso,Urbana,Privada,0.0,0.0,0.0,0.0,0.0,,,,,,0.0,0.0,,,,,,,100.0,100.0,100.0,100.0,100.0,,,,,,100.0,100.0,,,,,,,0.0,0.0,0.0,0.0,0.0,,,,,,0.0,0.0,,,,,,
2025,Nordeste,PB,2502300,Bom Sucesso,Total,Pública,2.6,0.0,0.0,0.0,2.3,0.0,0.0,0.0,0.0,0.0,1.0,0.5,0.0,2.5,0.0,,,0.8,97.4,100.0,95.2,98.0,97.7,96.4,95.7,90.9,95.2,94.4,97.6,96.2,100.0,97.5,100.0,,,99.2,0.0,0.0,4.8,2.0,0.0,3.6,4.3,9.1,4.8,5.6,1.4,3.3,0.0,0.0,0.0,,,0.0
2025,Nordeste,PB,2502300,Bom Sucesso,Urbana,Pública,4.0,0.0,0.0,0.0,3.3,0.0,0.0,0.0,0.0,0.0,1.4,0.8,0.0,2.5,0.0,,,0.8,96.0,100.0,93.3,96.9,96.7,94.7,94.3,81.8,92.3,91.3,96.4,94.0,100.0,97.5,100.0,,,99.2,0.0,0.0,6.7,3.1,0.0,5.3,5.7,18.2,7.7,8.7,2.2,5.2,0.0,0.0,0.0,,,0.0
2025,Nordeste,PB,2502300,Bom Sucesso,Rural,Pública,0.0,0.0,0.0,0.0,0.0,0.0,0.0,0.0,0.0,0.0,0.0,0.0,,,,,,,100.0,100.0,100.0,100.0,100.0,100.0,100.0,100.0,100.0,100.0,100.0,100.0,,,,,,,0.0,0.0,0.0,0.0,0.0,0.0,0.0,0.0,0.0,0.0,0.0,0.0,,,,,,
2025,Nordeste,PB,2502409,Bonito de Santa Fé,Total,Total,0.8,0.0,0.0,0.0,0.0,0.0,0.0,0.0,0.0,0.0,0.2,0.1,1.4,0.0,0.0,,,0.6,99.2,100.0,100.0,99.3,98.7,100.0,97.6,97.6,98.7,98.4,99.4,98.9,98.6,100.0,100.0,,,99.4,0.0,0.0,0.0,0.7,1.3,0.0,2.4,2.4,1.3,1.6,0.4,1.0,0.0,0.0,0.0,,,0.0
2025,Nordeste,PB,2502409,Bonito de Santa Fé,Urbana,Total,1.1,0.0,0.0,0.0,0.0,0.0,0.0,0.0,0.0,0.0,0.2,0.1,1.4,0.0,0.0,,,0.6,98.9,100.0,100.0,100.0,100.0,100.0,97.4,97.5,98.6,98.3,99.8,99.0,98.6,100.0,100.0,,,99.4,0.0,0.0,0.0,0.0,0.0,0.0,2.6,2.5,1.4,1.7,0.0,0.9,0.0,0.0,0.0,,,0.0
2025,Nordeste,PB,2502409,Bonito de Santa Fé,Rural,Total,0.0,0.0,0.0,0.0,0.0,0.0,0.0,0.0,0.0,0.0,0.0,0.0,,,,,,,100.0,100.0,100.0,97.3,94.4,100.0,100.0,100.0,100.0,100.0,98.0,98.5,,,,,,,0.0,0.0,0.0,2.7,5.6,0.0,0.0,0.0,0.0,0.0,2.0,1.5,,,,,,
2025,Nordeste,PB,2502409,Bonito de Santa Fé,Total,Estadual,,,,,,,,0.0,0.0,0.0,,0.0,1.4,0.0,0.0,,,0.6,,,,,,,,100.0,100.0,100.0,,100.0,98.6,100.0,100.0,,,99.4,,,,,,,,0.0,0.0,0.0,,0.0,0.0,0.0,0.0,,,0.0
2025,Nordeste,PB,2502409,Bonito de Santa Fé,Urbana,Estadual,,,,,,,,0.0,0.0,0.0,,0.0,1.4,0.0,0.0,,,0.6,,,,,,,,100.0,100.0,100.0,,100.0,98.6,100.0,100.0,,,99.4,,,,,,,,0.0,0.0,0.0,,0.0,0.0,0.0,0.0,,,0.0
2025,Nordeste,PB,2502409,Bonito de Santa Fé,Total,Municipal,1.0,0.0,0.0,0.0,0.0,0.0,0.0,0.0,0.0,0.0,0.2,0.0,,,,,,,99.0,100.0,100.0,99.2,98.6,100.0,97.3,97.0,98.4,98.1,99.3,98.8,,,,,,,0.0,0.0,0.0,0.8,1.4,0.0,2.7,3.0,1.6,1.9,0.5,1.2,,,,,,
2025,Nordeste,PB,2502409,Bonito de Santa Fé,Urbana,Municipal,1.4,0.0,0.0,0.0,0.0,0.0,0.0,0.0,0.0,0.0,0.2,0.1,,,,,,,98.6,100.0,100.0,100.0,100.0,100.0,97.1,96.7,98.2,97.9,99.8,98.8,,,,,,,0.0,0.0,0.0,0.0,0.0,0.0,2.9,3.3,1.8,2.1,0.0,1.1,,,,,,
2025,Nordeste,PB,2502409,Bonito de Santa Fé,Rural,Municipal,0.0,0.0,0.0,0.0,0.0,0.0,0.0,0.0,0.0,0.0,0.0,0.0,,,,,,,100.0,100.0,100.0,97.3,94.4,100.0,100.0,100.0,100.0,100.0,98.0,98.5,,,,,,,0.0,0.0,0.0,2.7,5.6,0.0,0.0,0.0,0.0,0.0,2.0,1.5,,,,,,
2025,Nordeste,PB,2502409,Bonito de Santa Fé,Total,Privada,0.0,0.0,0.0,0.0,0.0,0.0,0.0,0.0,0.0,0.0,0.0,0.0,,,,,,,100.0,100.0,100.0,100.0,100.0,100.0,100.0,100.0,100.0,100.0,100.0,100.0,,,,,,,0.0,0.0,0.0,0.0,0.0,0.0,0.0,0.0,0.0,0.0,0.0,0.0,,,,,,
2025,Nordeste,PB,2502409,Bonito de Santa Fé,Urbana,Privada,0.0,0.0,0.0,0.0,0.0,0.0,0.0,0.0,0.0,0.0,0.0,0.0,,,,,,,100.0,100.0,100.0,100.0,100.0,100.0,100.0,100.0,100.0,100.0,100.0,100.0,,,,,,,0.0,0.0,0.0,0.0,0.0,0.0,0.0,0.0,0.0,0.0,0.0,0.0,,,,,,
2025,Nordeste,PB,2502409,Bonito de Santa Fé,Total,Pública,1.0,0.0,0.0,0.0,0.0,0.0,0.0,0.0,0.0,0.0,0.2,0.1,1.4,0.0,0.0,,,0.6,99.0,100.0,100.0,99.2,98.6,100.0,97.3,97.5,98.6,98.3,99.3,98.8,98.6,100.0,100.0,,,99.4,0.0,0.0,0.0,0.8,1.4,0.0,2.7,2.5,1.4,1.7,0.5,1.1,0.0,0.0,0.0,,,0.0
2025,Nordeste,PB,2502409,Bonito de Santa Fé,Urbana,Pública,1.4,0.0,0.0,0.0,0.0,0.0,0.0,0.0,0.0,0.0,0.2,0.1,1.4,0.0,0.0,,,0.6,98.6,100.0,100.0,100.0,100.0,100.0,97.1,97.2,98.5,98.1,99.8,98.9,98.6,100.0,100.0,,,99.4,0.0,0.0,0.0,0.0,0.0,0.0,2.9,2.8,1.5,1.9,0.0,1.0,0.0,0.0,0.0,,,0.0
2025,Nordeste,PB,2502409,Bonito de Santa Fé,Rural,Pública,0.0,0.0,0.0,0.0,0.0,0.0,0.0,0.0,0.0,0.0,0.0,0.0,,,,,,,100.0,100.0,100.0,97.3,94.4,100.0,100.0,100.0,100.0,100.0,98.0,98.5,,,,,,,0.0,0.0,0.0,2.7,5.6,0.0,0.0,0.0,0.0,0.0,2.0,1.5,,,,,,
2025,Nordeste,PB,2502508,Boqueirão,Total,Total,0.0,0.0,0.0,0.4,0.0,3.8,5.6,8.2,2.2,5.0,0.1,2.3,9.0,2.1,2.7,,,5.1,98.9,99.6,91.8,95.1,98.5,83.5,85.8,90.0,95.7,88.3,96.7,92.9,89.6,95.7,95.2,,,93.1,1.1,0.4,8.2,4.5,1.5,12.7,8.6,1.8,2.1,6.7,3.2,4.8,1.4,2.2,2.1,,,1.8
2025,Nordeste,PB,2502508,Boqueirão,Urbana,Total,0.0,0.0,0.0,0.4,0.0,3.9,5.9,8.1,2.3,5.2,0.0,2.6,9.0,2.1,2.7,,,5.1,100.0,99.5,91.2,95.6,99.2,84.5,85.9,90.1,95.5,88.5,97.2,92.8,89.6,95.7,95.2,,,93.1,0.0,0.5,8.8,4.0,0.8,11.6,8.2,1.8,2.2,6.3,2.8,4.6,1.4,2.2,2.1,,,1.8
2025,Nordeste,PB,2502508,Boqueirão,Rural,Total,0.0,0.0,0.0,0.0,0.0,0.0,0.0,12.5,0.0,2.3,0.0,0.3,,,,,,,95.7,100.0,93.3,93.2,93.8,61.5,81.8,87.5,100.0,81.4,95.3,93.5,,,,,,,4.3,0.0,6.7,6.8,6.2,38.5,18.2,0.0,0.0,16.3,4.7,6.2,,,,,,
2025,Nordeste,PB,2502508,Boqueirão,Total,Estadual,,,,,,,24.0,6.7,3.5,7.5,,7.5,9.4,2.3,3.0,,,5.4,,,,,,,64.0,89.9,96.5,89.5,,89.5,89.2,95.4,94.8,,,92.7,,,,,,,12.0,3.4,0.0,3.0,,3.0,1.4,2.3,2.2,,,1.9
2025,Nordeste,PB,2502508,Boqueirão,Urbana,Estadual,,,,,,,24.0,6.7,3.5,7.5,,7.5,9.4,2.3,3.0,,,5.4,,,,,,,64.0,89.9,96.5,89.5,,89.5,89.2,95.4,94.8,,,92.7,,,,,,,12.0,3.4,0.0,3.0,,3.0,1.4,2.3,2.2,,,1.9
2025,Nordeste,PB,2502508,Boqueirão,Total,Municipal,0.0,0.0,0.0,0.0,0.0,4.6,5.1,10.9,1.7,5.7,0.0,2.3,,,,,,,98.3,100.0,90.0,94.3,98.1,80.9,84.7,87.8,94.0,85.4,95.9,91.5,,,,,,,1.7,0.0,10.0,5.7,1.9,14.5,10.2,1.3,4.3,8.9,4.1,6.2,,,,,,
2025,Nordeste,PB,2502508,Boqueirão,Urbana,Municipal,0.0,0.0,0.0,0.0,0.0,4.8,5.4,10.8,1.9,5.8,0.0,2.9,,,,,,,100.0,100.0,88.1,94.6,98.9,81.9,84.8,87.8,93.3,85.7,96.2,91.0,,,,,,,0.0,0.0,11.9,5.4,1.1,13.3,9.8,1.4,4.8,8.5,3.8,6.1,,,,,,
2025,Nordeste,PB,2502508,Boqueirão,Rural,Municipal,0.0,0.0,0.0,0.0,0.0,0.0,0.0,12.5,0.0,2.3,0.0,0.3,,,,,,,95.7,100.0,93.3,93.2,93.8,61.5,81.8,87.5,100.0,81.4,95.3,93.5,,,,,,,4.3,0.0,6.7,6.8,6.2,38.5,18.2,0.0,0.0,16.3,4.7,6.2,,,,,,
2025,Nordeste,PB,2502508,Boqueirão,Total,Privada,0.0,0.0,0.0,1.7,0.0,0.0,0.0,0.0,0.0,0.0,0.3,0.1,0.0,0.0,0.0,,,0.0,100.0,98.6,98.3,98.3,100.0,96.3,98.4,100.0,100.0,98.4,99.1,98.9,100.0,100.0,100.0,,,100.0,0.0,1.4,1.7,0.0,0.0,3.7,1.6,0.0,0.0,1.6,0.6,1.0,0.0,0.0,0.0,,,0.0
2025,Nordeste,PB,2502508,Boqueirão,Urbana,Privada,0.0,0.0,0.0,1.7,0.0,0.0,0.0,0.0,0.0,0.0,0.3,0.1,0.0,0.0,0.0,,,0.0,100.0,98.6,98.3,98.3,100.0,96.3,98.4,100.0,100.0,98.4,99.1,98.9,100.0,100.0,100.0,,,100.0,0.0,1.4,1.7,0.0,0.0,3.7,1.6,0.0,0.0,1.6,0.6,1.0,0.0,0.0,0.0,,,0.0
2025,Nordeste,PB,2502508,Boqueirão,Total,Pública,0.0,0.0,0.0,0.0,0.0,4.6,7.1,9.4,2.5,6.0,0.0,2.9,9.4,2.3,3.0,,,5.4,98.3,100.0,90.0,94.3,98.1,80.9,82.5,88.6,95.0,86.3,95.9,91.3,89.2,95.4,94.8,,,92.7,1.7,0.0,10.0,5.7,1.9,14.5,10.4,2.0,2.5,7.7,4.1,5.8,1.4,2.3,2.2,,,1.9
2025,Nordeste,PB,2502508,Boqueirão,Urbana,Pública,0.0,0.0,0.0,0.0,0.0,4.8,7.5,9.3,2.6,6.2,0.0,3.4,9.4,2.3,3.0,,,5.4,100.0,100.0,88.1,94.6,98.9,81.9,82.5,88.6,94.8,86.5,96.2,90.8,89.2,95.4,94.8,,,92.7,0.0,0.0,11.9,5.4,1.1,13.3,10.0,2.1,2.6,7.3,3.8,5.8,1.4,2.3,2.2,,,1.9
2025,Nordeste,PB,2502508,Boqueirão,Rural,Pública,0.0,0.0,0.0,0.0,0.0,0.0,0.0,12.5,0.0,2.3,0.0,0.3,,,,,,,95.7,100.0,93.3,93.2,93.8,61.5,81.8,87.5,100.0,81.4,95.3,93.5,,,,,,,4.3,0.0,6.7,6.8,6.2,38.5,18.2,0.0,0.0,16.3,4.7,6.2,,,,,,
2025,Nordeste,PB,2502607,Igaracy,Total,Total,0.0,0.0,0.0,0.0,1.1,2.5,0.0,1.3,1.2,1.3,0.3,0.6,1.4,2.6,0.0,,,1.3,100.0,100.0,100.0,96.8,98.9,97.5,100.0,97.4,98.8,98.4,99.0,98.8,93.0,97.4,100.0,,,96.8,0.0,0.0,0.0,3.2,0.0,0.0,0.0,1.3,0.0,0.3,0.7,0.6,5.6,0.0,0.0,,,1.9
2025,Nordeste,PB,2502607,Igaracy,Urbana,Total,0.0,0.0,0.0,0.0,1.1,2.5,0.0,1.3,1.2,1.3,0.3,0.6,1.4,2.6,0.0,,,1.3,100.0,100.0,100.0,96.8,98.9,97.5,100.0,97.4,98.8,98.4,99.0,98.8,93.0,97.4,100.0,,,96.8,0.0,0.0,0.0,3.2,0.0,0.0,0.0,1.3,0.0,0.3,0.7,0.6,5.6,0.0,0.0,,,1.9
2025,Nordeste,PB,2502607,Igaracy,Total,Estadual,,,,,,,0.0,0.0,0.0,0.0,,0.0,1.4,2.6,0.0,,,1.3,,,,,,,100.0,100.0,100.0,100.0,,100.0,93.0,97.4,100.0,,,96.8,,,,,,,0.0,0.0,0.0,0.0,,0.0,5.6,0.0,0.0,,,1.9
2025,Nordeste,PB,2502607,Igaracy,Urbana,Estadual,,,,,,,0.0,0.0,0.0,0.0,,0.0,1.4,2.6,0.0,,,1.3,,,,,,,100.0,100.0,100.0,100.0,,100.0,93.0,97.4,100.0,,,96.8,,,,,,,0.0,0.0,0.0,0.0,,0.0,5.6,0.0,0.0,,,1.9
2025,Nordeste,PB,2502607,Igaracy,Total,Municipal,0.0,0.0,0.0,0.0,1.2,2.5,0.0,1.9,2.0,1.7,0.3,0.8,,,,,,,100.0,100.0,100.0,96.5,98.8,97.5,100.0,96.1,98.0,97.9,98.9,98.5,,,,,,,0.0,0.0,0.0,3.5,0.0,0.0,0.0,2.0,0.0,0.4,0.8,0.7,,,,,,
2025,Nordeste,PB,2502607,Igaracy,Urbana,Municipal,0.0,0.0,0.0,0.0,1.2,2.5,0.0,1.9,2.0,1.7,0.3,0.8,,,,,,,100.0,100.0,100.0,96.5,98.8,97.5,100.0,96.1,98.0,97.9,98.9,98.5,,,,,,,0.0,0.0,0.0,3.5,0.0,0.0,0.0,2.0,0.0,0.4,0.8,0.7,,,,,,
2025,Nordeste,PB,2502607,Igaracy,Total,Privada,0.0,0.0,0.0,0.0,0.0,,,,,,0.0,0.0,,,,,,,100.0,100.0,100.0,100.0,100.0,,,,,,100.0,100.0,,,,,,,0.0,0.0,0.0,0.0,0.0,,,,,,0.0,0.0,,,,,,
2025,Nordeste,PB,2502607,Igaracy,Urbana,Privada,0.0,0.0,0.0,0.0,0.0,,,,,,0.0,0.0,,,,,,,100.0,100.0,100.0,100.0,100.0,,,,,,100.0,100.0,,,,,,,0.0,0.0,0.0,0.0,0.0,,,,,,0.0,0.0,,,,,,
2025,Nordeste,PB,2502607,Igaracy,Total,Pública,0.0,0.0,0.0,0.0,1.2,2.5,0.0,1.3,1.2,1.3,0.3,0.7,1.4,2.6,0.0,,,1.3,100.0,100.0,100.0,96.5,98.8,97.5,100.0,97.4,98.8,98.4,98.9,98.7,93.0,97.4,100.0,,,96.8,0.0,0.0,0.0,3.5,0.0,0.0,0.0,1.3,0.0,0.3,0.8,0.6,5.6,0.0,0.0,,,1.9
2025,Nordeste,PB,2502607,Igaracy,Urbana,Pública,0.0,0.0,0.0,0.0,1.2,2.5,0.0,1.3,1.2,1.3,0.3,0.7,1.4,2.6,0.0,,,1.3,100.0,100.0,100.0,96.5,98.8,97.5,100.0,97.4,98.8,98.4,98.9,98.7,93.0,97.4,100.0,,,96.8,0.0,0.0,0.0,3.5,0.0,0.0,0.0,1.3,0.0,0.3,0.8,0.6,5.6,0.0,0.0,,,1.9
2025,Nordeste,PB,2502706,Borborema,Total,Total,1.5,1.6,0.0,0.0,0.0,3.9,3.6,1.4,4.1,3.3,0.6,1.9,3.2,2.2,0.0,,,2.0,96.9,98.4,91.2,83.8,91.0,79.2,71.4,92.9,91.8,83.2,92.1,87.9,95.2,95.5,100.0,,,96.6,1.6,0.0,8.8,16.2,9.0,16.9,25.0,5.7,4.1,13.5,7.3,10.2,1.6,2.3,0.0,,,1.4
2025,Nordeste,PB,2502706,Borborema,Urbana,Total,1.8,2.0,0.0,0.0,0.0,3.9,3.6,1.4,4.1,3.3,0.7,2.0,3.2,2.2,0.0,,,2.0,96.4,98.0,89.8,81.4,89.6,79.2,71.4,92.9,91.8,83.2,90.7,86.9,95.2,95.5,100.0,,,96.6,1.8,0.0,10.2,18.6,10.4,16.9,25.0,5.7,4.1,13.5,8.6,11.1,1.6,2.3,0.0,,,1.4
2025,Nordeste,PB,2502706,Borborema,Rural,Total,0.0,0.0,0.0,0.0,0.0,,,,,,0.0,0.0,,,,,,,100.0,100.0,100.0,100.0,100.0,,,,,,100.0,100.0,,,,,,,0.0,0.0,0.0,0.0,0.0,,,,,,0.0,0.0,,,,,,
2025,Nordeste,PB,2502706,Borborema,Total,Estadual,,,,,,,0.0,0.0,0.0,0.0,,0.0,3.2,2.2,0.0,,,2.0,,,,,,,92.9,100.0,100.0,98.3,,98.3,95.2,95.5,100.0,,,96.6,,,,,,,7.1,0.0,0.0,1.7,,1.7,1.6,2.3,0.0,,,1.4
2025,Nordeste,PB,2502706,Borborema,Urbana,Estadual,,,,,,,0.0,0.0,0.0,0.0,,0.0,3.2,2.2,0.0,,,2.0,,,,,,,92.9,100.0,100.0,98.3,,98.3,95.2,95.5,100.0,,,96.6,,,,,,,7.1,0.0,0.0,1.7,,1.7,1.6,2.3,0.0,,,1.4
2025,Nordeste,PB,2502706,Borborema,Total,Municipal,0.0,1.9,0.0,0.0,0.0,4.4,4.5,2.2,6.5,4.4,0.3,2.1,,,,,,,100.0,98.1,89.8,82.3,89.1,76.8,65.2,88.9,87.0,77.9,91.4,85.5,,,,,,,0.0,0.0,10.2,17.7,10.9,18.8,30.3,8.9,6.5,17.7,8.3,12.4,,,,,,
2025,Nordeste,PB,2502706,Borborema,Urbana,Municipal,0.0,2.7,0.0,0.0,0.0,4.4,4.5,2.2,6.5,4.4,0.4,2.4,,,,,,,100.0,97.3,88.0,79.2,86.8,76.8,65.2,88.9,87.0,77.9,89.5,83.8,,,,,,,0.0,0.0,12.0,20.8,13.2,18.8,30.3,8.9,6.5,17.7,10.1,13.8,,,,,,
2025,Nordeste,PB,2502706,Borborema,Rural,Municipal,0.0,0.0,0.0,0.0,0.0,,,,,,0.0,0.0,,,,,,,100.0,100.0,100.0,100.0,100.0,,,,,,100.0,100.0,,,,,,,0.0,0.0,0.0,0.0,0.0,,,,,,0.0,0.0,,,,,,
2025,Nordeste,PB,2502706,Borborema,Total,Privada,9.1,0.0,0.0,0.0,0.0,0.0,0.0,0.0,,0.0,1.9,1.4,,,,,,,81.8,100.0,100.0,100.0,100.0,100.0,100.0,100.0,,100.0,96.2,97.2,,,,,,,9.1,0.0,0.0,0.0,0.0,0.0,0.0,0.0,,0.0,1.9,1.4,,,,,,
2025,Nordeste,PB,2502706,Borborema,Urbana,Privada,9.1,0.0,0.0,0.0,0.0,0.0,0.0,0.0,,0.0,1.9,1.4,,,,,,,81.8,100.0,100.0,100.0,100.0,100.0,100.0,100.0,,100.0,96.2,97.2,,,,,,,9.1,0.0,0.0,0.0,0.0,0.0,0.0,0.0,,0.0,1.9,1.4,,,,,,
2025,Nordeste,PB,2502706,Borborema,Total,Pública,0.0,1.9,0.0,0.0,0.0,4.4,3.7,1.6,4.1,3.6,0.3,1.9,3.2,2.2,0.0,,,2.0,100.0,98.1,89.8,82.3,89.1,76.8,70.0,91.9,91.8,82.0,91.4,86.8,95.2,95.5,100.0,,,96.6,0.0,0.0,10.2,17.7,10.9,18.8,26.3,6.5,4.1,14.4,8.3,11.3,1.6,2.3,0.0,,,1.4
2025,Nordeste,PB,2502706,Borborema,Urbana,Pública,0.0,2.7,0.0,0.0,0.0,4.4,3.7,1.6,4.1,3.6,0.4,2.1,3.2,2.2,0.0,,,2.0,100.0,97.3,88.0,79.2,86.8,76.8,70.0,91.9,91.8,82.0,89.5,85.4,95.2,95.5,100.0,,,96.6,0.0,0.0,12.0,20.8,13.2,18.8,26.3,6.5,4.1,14.4,10.1,12.5,1.6,2.3,0.0,,,1.4
2025,Nordeste,PB,2502706,Borborema,Rural,Pública,0.0,0.0,0.0,0.0,0.0,,,,,,0.0,0.0,,,,,,,100.0,100.0,100.0,100.0,100.0,,,,,,100.0,100.0,,,,,,,0.0,0.0,0.0,0.0,0.0,,,,,,0.0,0.0,,,,,,
2025,Nordeste,PB,2502805,Brejo do Cruz,Total,Total,0.0,0.0,0.0,0.0,0.0,0.0,0.0,0.6,0.0,0.1,0.0,0.0,0.0,1.2,0.0,,,0.5,100.0,100.0,98.7,99.5,100.0,94.6,98.0,98.2,99.4,97.6,99.7,98.8,93.5,96.2,100.0,,,96.1,0.0,0.0,1.3,0.5,0.0,5.4,2.0,1.2,0.6,2.3,0.3,1.2,6.5,2.6,0.0,,,3.4
2025,Nordeste,PB,2502805,Brejo do Cruz,Urbana,Total,0.0,0.0,0.0,0.0,0.0,0.0,0.0,0.6,0.0,0.1,0.0,0.1,0.0,1.2,0.0,,,0.5,100.0,100.0,98.6,99.4,100.0,94.6,98.0,98.2,99.4,97.6,99.6,98.7,93.5,96.2,100.0,,,96.1,0.0,0.0,1.4,0.6,0.0,5.4,2.0,1.2,0.6,2.3,0.4,1.2,6.5,2.6,0.0,,,3.4
2025,Nordeste,PB,2502805,Brejo do Cruz,Rural,Total,0.0,0.0,0.0,0.0,0.0,,,,,,0.0,0.0,,,,,,,100.0,100.0,100.0,100.0,100.0,,,,,,100.0,100.0,,,,,,,0.0,0.0,0.0,0.0,0.0,,,,,,0.0,0.0,,,,,,
2025,Nordeste,PB,2502805,Brejo do Cruz,Total,Estadual,,,,,,,,,,,,,0.0,0.7,0.0,,,0.3,,,,,,,,,,,,,92.7,96.4,100.0,,,95.7,,,,,,,,,,,,,7.3,2.9,0.0,,,4.0
2025,Nordeste,PB,2502805,Brejo do Cruz,Urbana,Estadual,,,,,,,,,,,,,0.0,0.7,0.0,,,0.3,,,,,,,,,,,,,92.7,96.4,100.0,,,95.7,,,,,,,,,,,,,7.3,2.9,0.0,,,4.0
2025,Nordeste,PB,2502805,Brejo do Cruz,Total,Municipal,0.0,0.0,0.0,0.0,0.0,0.0,0.0,0.7,0.0,0.2,0.0,0.1,,,,,,,100.0,100.0,98.6,99.4,100.0,94.6,97.8,98.0,100.0,97.6,99.6,98.7,,,,,,,0.0,0.0,1.4,0.6,0.0,5.4,2.2,1.3,0.0,2.2,0.4,1.2,,,,,,
2025,Nordeste,PB,2502805,Brejo do Cruz,Urbana,Municipal,0.0,0.0,0.0,0.0,0.0,0.0,0.0,0.7,0.0,0.2,0.0,0.1,,,,,,,100.0,100.0,98.4,99.3,100.0,94.6,97.8,98.0,100.0,97.6,99.6,98.6,,,,,,,0.0,0.0,1.6,0.7,0.0,5.4,2.2,1.3,0.0,2.2,0.4,1.3,,,,,,
2025,Nordeste,PB,2502805,Brejo do Cruz,Rural,Municipal,0.0,0.0,0.0,0.0,0.0,,,,,,0.0,0.0,,,,,,,100.0,100.0,100.0,100.0,100.0,,,,,,100.0,100.0,,,,,,,0.0,0.0,0.0,0.0,0.0,,,,,,0.0,0.0,,,,,,
2025,Nordeste,PB,2502805,Brejo do Cruz,Total,Privada,0.0,0.0,0.0,0.0,0.0,0.0,0.0,0.0,0.0,0.0,0.0,0.0,0.0,5.3,0.0,,,1.6,100.0,100.0,100.0,100.0,100.0,94.7,100.0,100.0,95.7,97.3,100.0,99.0,100.0,94.7,100.0,,,98.4,0.0,0.0,0.0,0.0,0.0,5.3,0.0,0.0,4.3,2.7,0.0,1.0,0.0,0.0,0.0,,,0.0
2025,Nordeste,PB,2502805,Brejo do Cruz,Urbana,Privada,0.0,0.0,0.0,0.0,0.0,0.0,0.0,0.0,0.0,0.0,0.0,0.0,0.0,5.3,0.0,,,1.6,100.0,100.0,100.0,100.0,100.0,94.7,100.0,100.0,95.7,97.3,100.0,99.0,100.0,94.7,100.0,,,98.4,0.0,0.0,0.0,0.0,0.0,5.3,0.0,0.0,4.3,2.7,0.0,1.0,0.0,0.0,0.0,,,0.0
2025,Nordeste,PB,2502805,Brejo do Cruz,Total,Pública,0.0,0.0,0.0,0.0,0.0,0.0,0.0,0.7,0.0,0.2,0.0,0.1,0.0,0.7,0.0,,,0.3,100.0,100.0,98.6,99.4,100.0,94.6,97.8,98.0,100.0,97.6,99.6,98.7,92.7,96.4,100.0,,,95.7,0.0,0.0,1.4,0.6,0.0,5.4,2.2,1.3,0.0,2.2,0.4,1.2,7.3,2.9,0.0,,,4.0
2025,Nordeste,PB,2502805,Brejo do Cruz,Urbana,Pública,0.0,0.0,0.0,0.0,0.0,0.0,0.0,0.7,0.0,0.2,0.0,0.1,0.0,0.7,0.0,,,0.3,100.0,100.0,98.4,99.3,100.0,94.6,97.8,98.0,100.0,97.6,99.6,98.6,92.7,96.4,100.0,,,95.7,0.0,0.0,1.6,0.7,0.0,5.4,2.2,1.3,0.0,2.2,0.4,1.3,7.3,2.9,0.0,,,4.0
2025,Nordeste,PB,2502805,Brejo do Cruz,Rural,Pública,0.0,0.0,0.0,0.0,0.0,,,,,,0.0,0.0,,,,,,,100.0,100.0,100.0,100.0,100.0,,,,,,100.0,100.0,,,,,,,0.0,0.0,0.0,0.0,0.0,,,,,,0.0,0.0,,,,,,
2025,Nordeste,PB,2502904,Brejo dos Santos,Total,Total,0.0,0.0,0.0,0.0,0.0,3.2,1.1,4.4,3.1,2.8,0.0,1.3,4.8,5.4,0.0,,,3.8,100.0,97.6,94.7,94.8,100.0,83.9,96.6,91.3,93.7,91.1,96.9,94.3,95.2,94.6,100.0,,,96.2,0.0,2.4,5.3,5.2,0.0,12.9,2.3,4.3,3.2,6.1,3.1,4.4,0.0,0.0,0.0,,,0.0
2025,Nordeste,PB,2502904,Brejo dos Santos,Urbana,Total,0.0,0.0,0.0,0.0,0.0,3.2,1.1,4.4,3.1,2.8,0.0,1.4,4.8,5.4,0.0,,,3.8,100.0,97.3,94.4,94.5,100.0,83.9,96.6,91.3,93.7,91.1,96.6,94.0,95.2,94.6,100.0,,,96.2,0.0,2.7,5.6,5.5,0.0,12.9,2.3,4.3,3.2,6.1,3.4,4.6,0.0,0.0,0.0,,,0.0
2025,Nordeste,PB,2502904,Brejo dos Santos,Rural,Total,0.0,0.0,0.0,0.0,0.0,,,,,,0.0,0.0,,,,,,,100.0,100.0,100.0,100.0,100.0,,,,,,100.0,100.0,,,,,,,0.0,0.0,0.0,0.0,0.0,,,,,,0.0,0.0,,,,,,
2025,Nordeste,PB,2502904,Brejo dos Santos,Total,Estadual,,,,,,,,,,,,,4.8,5.4,0.0,,,3.8,,,,,,,,,,,,,95.2,94.6,100.0,,,96.2,,,,,,,,,,,,,0.0,0.0,0.0,,,0.0
2025,Nordeste,PB,2502904,Brejo dos Santos,Urbana,Estadual,,,,,,,,,,,,,4.8,5.4,0.0,,,3.8,,,,,,,,,,,,,95.2,94.6,100.0,,,96.2,,,,,,,,,,,,,0.0,0.0,0.0,,,0.0
2025,Nordeste,PB,2502904,Brejo dos Santos,Total,Municipal,0.0,0.0,0.0,0.0,0.0,3.8,1.3,5.3,3.9,3.4,0.0,1.6,,,,,,,100.0,96.6,93.0,93.7,100.0,80.8,96.1,89.3,92.2,89.3,95.8,92.7,,,,,,,0.0,3.4,7.0,6.3,0.0,15.4,2.6,5.4,3.9,7.3,4.2,5.7,,,,,,
2025,Nordeste,PB,2502904,Brejo dos Santos,Urbana,Municipal,0.0,0.0,0.0,0.0,0.0,3.8,1.3,5.3,3.9,3.4,0.0,1.7,,,,,,,100.0,95.7,92.3,93.3,100.0,80.8,96.1,89.3,92.2,89.3,95.2,92.2,,,,,,,0.0,4.3,7.7,6.7,0.0,15.4,2.6,5.4,3.9,7.3,4.8,6.1,,,,,,
2025,Nordeste,PB,2502904,Brejo dos Santos,Rural,Municipal,0.0,0.0,0.0,0.0,0.0,,,,,,0.0,0.0,,,,,,,100.0,100.0,100.0,100.0,100.0,,,,,,100.0,100.0,,,,,,,0.0,0.0,0.0,0.0,0.0,,,,,,0.0,0.0,,,,,,
2025,Nordeste,PB,2502904,Brejo dos Santos,Total,Privada,0.0,0.0,0.0,0.0,0.0,0.0,0.0,0.0,0.0,0.0,0.0,0.0,,,,,,,100.0,100.0,100.0,100.0,100.0,100.0,100.0,100.0,100.0,100.0,100.0,100.0,,,,,,,0.0,0.0,0.0,0.0,0.0,0.0,0.0,0.0,0.0,0.0,0.0,0.0,,,,,,
2025,Nordeste,PB,2502904,Brejo dos Santos,Urbana,Privada,0.0,0.0,0.0,0.0,0.0,0.0,0.0,0.0,0.0,0.0,0.0,0.0,,,,,,,100.0,100.0,100.0,100.0,100.0,100.0,100.0,100.0,100.0,100.0,100.0,100.0,,,,,,,0.0,0.0,0.0,0.0,0.0,0.0,0.0,0.0,0.0,0.0,0.0,0.0,,,,,,
2025,Nordeste,PB,2502904,Brejo dos Santos,Total,Pública,0.0,0.0,0.0,0.0,0.0,3.8,1.3,5.3,3.9,3.4,0.0,1.6,4.8,5.4,0.0,,,3.8,100.0,96.6,93.0,93.7,100.0,80.8,96.1,89.3,92.2,89.3,95.8,92.7,95.2,94.6,100.0,,,96.2,0.0,3.4,7.0,6.3,0.0,15.4,2.6,5.4,3.9,7.3,4.2,5.7,0.0,0.0,0.0,,,0.0
2025,Nordeste,PB,2502904,Brejo dos Santos,Urbana,Pública,0.0,0.0,0.0,0.0,0.0,3.8,1.3,5.3,3.9,3.4,0.0,1.7,4.8,5.4,0.0,,,3.8,100.0,95.7,92.3,93.3,100.0,80.8,96.1,89.3,92.2,89.3,95.2,92.2,95.2,94.6,100.0,,,96.2,0.0,4.3,7.7,6.7,0.0,15.4,2.6,5.4,3.9,7.3,4.8,6.1,0.0,0.0,0.0,,,0.0
2025,Nordeste,PB,2502904,Brejo dos Santos,Rural,Pública,0.0,0.0,0.0,0.0,0.0,,,,,,0.0,0.0,,,,,,,100.0,100.0,100.0,100.0,100.0,,,,,,100.0,100.0,,,,,,,0.0,0.0,0.0,0.0,0.0,,,,,,0.0,0.0,,,,,,
2025,Nordeste,PB,2503001,Caaporã,Total,Total,0.3,0.0,0.0,0.2,0.5,2.7,3.2,2.8,3.3,3.0,0.2,1.3,9.4,8.0,6.7,,,8.1,99.7,99.7,92.8,91.8,93.9,84.7,90.3,92.3,94.1,90.0,95.3,93.1,84.7,87.3,90.6,,,87.4,0.0,0.3,7.2,8.0,5.6,12.6,6.5,4.9,2.6,7.0,4.5,5.6,5.9,4.7,2.7,,,4.5
2025,Nordeste,PB,2503001,Caaporã,Urbana,Total,0.4,0.0,0.0,0.0,0.8,2.6,2.8,3.0,2.0,2.6,0.2,1.3,9.4,8.0,6.7,,,8.1,99.6,99.6,92.5,91.1,92.3,83.3,91.3,93.7,94.7,90.3,94.8,92.7,84.7,87.3,90.6,,,87.4,0.0,0.4,7.5,8.9,6.9,14.1,5.9,3.3,3.3,7.1,5.0,6.0,5.9,4.7,2.7,,,4.5
2025,Nordeste,PB,2503001,Caaporã,Rural,Total,0.0,0.0,0.0,0.7,0.0,3.4,6.0,1.5,8.5,4.8,0.2,1.5,,,,,,,100.0,100.0,93.5,93.2,97.5,93.2,84.0,86.2,91.5,88.8,96.4,94.2,,,,,,,0.0,0.0,6.5,6.1,2.5,3.4,10.0,12.3,0.0,6.4,3.4,4.3,,,,,,
2025,Nordeste,PB,2503001,Caaporã,Total,Estadual,,,,,,,,,,,,,9.4,8.0,6.7,,,8.1,,,,,,,,,,,,,84.7,87.3,90.6,,,87.4,,,,,,,,,,,,,5.9,4.7,2.7,,,4.5
2025,Nordeste,PB,2503001,Caaporã,Urbana,Estadual,,,,,,,,,,,,,9.4,8.0,6.7,,,8.1,,,,,,,,,,,,,84.7,87.3,90.6,,,87.4,,,,,,,,,,,,,5.9,4.7,2.7,,,4.5
2025,Nordeste,PB,2503001,Caaporã,Total,Municipal,0.4,0.0,0.0,0.2,0.6,3.1,3.8,3.2,3.8,3.4,0.2,1.6,,,,,,,99.6,99.6,91.8,90.5,92.7,82.9,90.0,91.4,93.2,89.0,94.2,91.9,,,,,,,0.0,0.4,8.2,9.3,6.7,14.0,6.2,5.4,3.0,7.6,5.6,6.5,,,,,,
2025,Nordeste,PB,2503001,Caaporã,Urbana,Municipal,0.6,0.0,0.0,0.0,0.9,3.0,3.4,3.6,2.4,3.1,0.3,1.7,,,,,,,99.4,99.4,90.8,88.9,90.0,80.8,91.1,92.8,93.7,89.1,92.9,91.0,,,,,,,0.0,0.6,9.2,11.1,9.1,16.2,5.5,3.6,3.9,7.8,6.8,7.3,,,,,,
2025,Nordeste,PB,2503001,Caaporã,Rural,Municipal,0.0,0.0,0.0,0.7,0.0,3.4,6.0,1.5,8.5,4.8,0.2,1.5,,,,,,,100.0,100.0,93.5,93.2,97.5,93.2,84.0,86.2,91.5,88.8,96.4,94.2,,,,,,,0.0,0.0,6.5,6.1,2.5,3.4,10.0,12.3,0.0,6.4,3.4,4.3,,,,,,
2025,Nordeste,PB,2503001,Caaporã,Total,Privada,0.0,0.0,0.0,0.0,0.0,0.0,0.0,0.0,0.0,0.0,0.0,0.0,,,,,,,100.0,100.0,96.7,100.0,100.0,98.0,91.8,98.0,100.0,96.8,99.3,98.5,,,,,,,0.0,0.0,3.3,0.0,0.0,2.0,8.2,2.0,0.0,3.2,0.7,1.5,,,,,,
2025,Nordeste,PB,2503001,Caaporã,Urbana,Privada,0.0,0.0,0.0,0.0,0.0,0.0,0.0,0.0,0.0,0.0,0.0,0.0,,,,,,,100.0,100.0,96.7,100.0,100.0,98.0,91.8,98.0,100.0,96.8,99.3,98.5,,,,,,,0.0,0.0,3.3,0.0,0.0,2.0,8.2,2.0,0.0,3.2,0.7,1.5,,,,,,
2025,Nordeste,PB,2503001,Caaporã,Total,Pública,0.4,0.0,0.0,0.2,0.6,3.1,3.8,3.2,3.8,3.4,0.2,1.6,9.4,8.0,6.7,,,8.1,99.6,99.6,91.8,90.5,92.7,82.9,90.0,91.4,93.2,89.0,94.2,91.9,84.7,87.3,90.6,,,87.4,0.0,0.4,8.2,9.3,6.7,14.0,6.2,5.4,3.0,7.6,5.6,6.5,5.9,4.7,2.7,,,4.5
2025,Nordeste,PB,2503001,Caaporã,Urbana,Pública,0.6,0.0,0.0,0.0,0.9,3.0,3.4,3.6,2.4,3.1,0.3,1.7,9.4,8.0,6.7,,,8.1,99.4,99.4,90.8,88.9,90.0,80.8,91.1,92.8,93.7,89.1,92.9,91.0,84.7,87.3,90.6,,,87.4,0.0,0.6,9.2,11.1,9.1,16.2,5.5,3.6,3.9,7.8,6.8,7.3,5.9,4.7,2.7,,,4.5
2025,Nordeste,PB,2503001,Caaporã,Rural,Pública,0.0,0.0,0.0,0.7,0.0,3.4,6.0,1.5,8.5,4.8,0.2,1.5,,,,,,,100.0,100.0,93.5,93.2,97.5,93.2,84.0,86.2,91.5,88.8,96.4,94.2,,,,,,,0.0,0.0,6.5,6.1,2.5,3.4,10.0,12.3,0.0,6.4,3.4,4.3,,,,,,
2025,Nordeste,PB,2503100,Cabaceiras,Total,Total,0.0,0.0,0.0,0.0,0.0,0.0,1.3,1.1,1.3,0.9,0.0,0.5,0.0,0.0,0.0,,,0.0,100.0,100.0,100.0,100.0,100.0,100.0,98.7,97.8,98.7,98.8,100.0,99.4,100.0,100.0,100.0,,,100.0,0.0,0.0,0.0,0.0,0.0,0.0,0.0,1.1,0.0,0.3,0.0,0.1,0.0,0.0,0.0,,,0.0
2025,Nordeste,PB,2503100,Cabaceiras,Urbana,Total,0.0,0.0,0.0,0.0,0.0,0.0,1.6,1.3,1.8,1.1,0.0,0.6,0.0,0.0,0.0,,,0.0,100.0,100.0,100.0,100.0,100.0,100.0,98.4,97.5,98.2,98.5,100.0,99.2,100.0,100.0,100.0,,,100.0,0.0,0.0,0.0,0.0,0.0,0.0,0.0,1.2,0.0,0.4,0.0,0.2,0.0,0.0,0.0,,,0.0
2025,Nordeste,PB,2503100,Cabaceiras,Rural,Total,0.0,0.0,0.0,0.0,0.0,0.0,0.0,0.0,0.0,0.0,0.0,0.0,0.0,0.0,0.0,,,0.0,100.0,100.0,100.0,100.0,100.0,100.0,100.0,100.0,100.0,100.0,100.0,100.0,100.0,100.0,100.0,,,100.0,0.0,0.0,0.0,0.0,0.0,0.0,0.0,0.0,0.0,0.0,0.0,0.0,0.0,0.0,0.0,,,0.0
2025,Nordeste,PB,2503100,Cabaceiras,Total,Estadual,,,,,,0.0,0.0,0.0,0.0,0.0,,0.0,0.0,0.0,0.0,,,0.0,,,,,,100.0,100.0,100.0,100.0,100.0,,100.0,100.0,100.0,100.0,,,100.0,,,,,,0.0,0.0,0.0,0.0,0.0,,0.0,0.0,0.0,0.0,,,0.0
2025,Nordeste,PB,2503100,Cabaceiras,Urbana,Estadual,,,,,,,,,,,,,0.0,0.0,0.0,,,0.0,,,,,,,,,,,,,100.0,100.0,100.0,,,100.0,,,,,,,,,,,,,0.0,0.0,0.0,,,0.0
2025,Nordeste,PB,2503100,Cabaceiras,Rural,Estadual,,,,,,0.0,0.0,0.0,0.0,0.0,,0.0,0.0,0.0,0.0,,,0.0,,,,,,100.0,100.0,100.0,100.0,100.0,,100.0,100.0,100.0,100.0,,,100.0,,,,,,0.0,0.0,0.0,0.0,0.0,,0.0,0.0,0.0,0.0,,,0.0
2025,Nordeste,PB,2503100,Cabaceiras,Total,Municipal,0.0,0.0,0.0,0.0,0.0,0.0,1.6,1.3,1.8,1.1,0.0,0.4,,,,,,,100.0,100.0,100.0,100.0,100.0,100.0,98.4,97.5,98.2,98.5,100.0,99.4,,,,,,,0.0,0.0,0.0,0.0,0.0,0.0,0.0,1.2,0.0,0.4,0.0,0.2,,,,,,
2025,Nordeste,PB,2503100,Cabaceiras,Urbana,Municipal,0.0,0.0,0.0,0.0,0.0,0.0,1.6,1.3,1.8,1.1,0.0,0.6,,,,,,,100.0,100.0,100.0,100.0,100.0,100.0,98.4,97.5,98.2,98.5,100.0,99.2,,,,,,,0.0,0.0,0.0,0.0,0.0,0.0,0.0,1.2,0.0,0.4,0.0,0.2,,,,,,
2025,Nordeste,PB,2503100,Cabaceiras,Rural,Municipal,0.0,0.0,0.0,0.0,0.0,,,,,,0.0,0.0,,,,,,,100.0,100.0,100.0,100.0,100.0,,,,,,100.0,100.0,,,,,,,0.0,0.0,0.0,0.0,0.0,,,,,,0.0,0.0,,,,,,
2025,Nordeste,PB,2503100,Cabaceiras,Total,Pública,0.0,0.0,0.0,0.0,0.0,0.0,1.3,1.1,1.3,0.9,0.0,0.5,0.0,0.0,0.0,,,0.0,100.0,100.0,100.0,100.0,100.0,100.0,98.7,97.8,98.7,98.8,100.0,99.4,100.0,100.0,100.0,,,100.0,0.0,0.0,0.0,0.0,0.0,0.0,0.0,1.1,0.0,0.3,0.0,0.1,0.0,0.0,0.0,,,0.0
2025,Nordeste,PB,2503100,Cabaceiras,Urbana,Pública,0.0,0.0,0.0,0.0,0.0,0.0,1.6,1.3,1.8,1.1,0.0,0.6,0.0,0.0,0.0,,,0.0,100.0,100.0,100.0,100.0,100.0,100.0,98.4,97.5,98.2,98.5,100.0,99.2,100.0,100.0,100.0,,,100.0,0.0,0.0,0.0,0.0,0.0,0.0,0.0,1.2,0.0,0.4,0.0,0.2,0.0,0.0,0.0,,,0.0
2025,Nordeste,PB,2503100,Cabaceiras,Rural,Pública,0.0,0.0,0.0,0.0,0.0,0.0,0.0,0.0,0.0,0.0,0.0,0.0,0.0,0.0,0.0,,,0.0,100.0,100.0,100.0,100.0,100.0,100.0,100.0,100.0,100.0,100.0,100.0,100.0,100.0,100.0,100.0,,,100.0,0.0,0.0,0.0,0.0,0.0,0.0,0.0,0.0,0.0,0.0,0.0,0.0,0.0,0.0,0.0,,,0.0
2025,Nordeste,PB,2503209,Cabedelo,Total,Total,0.0,0.2,0.1,0.1,0.1,1.8,0.9,1.2,0.3,1.1,0.1,0.6,2.9,1.0,1.1,,,1.7,99.6,99.7,98.5,98.7,99.4,87.8,92.1,92.8,98.5,92.5,99.2,96.1,89.8,89.3,92.7,,,90.5,0.4,0.1,1.4,1.2,0.5,10.4,7.0,6.0,1.2,6.4,0.7,3.3,7.3,9.7,6.2,,,7.8
2025,Nordeste,PB,2503209,Cabedelo,Urbana,Total,0.0,0.2,0.1,0.1,0.1,1.8,0.9,1.2,0.3,1.1,0.1,0.6,2.9,1.0,1.1,,,1.7,99.6,99.7,98.5,98.7,99.4,87.8,92.1,92.8,98.5,92.5,99.2,96.1,89.8,89.3,92.7,,,90.5,0.4,0.1,1.4,1.2,0.5,10.4,7.0,6.0,1.2,6.4,0.7,3.3,7.3,9.7,6.2,,,7.8
2025,Nordeste,PB,2503209,Cabedelo,Total,Federal,,,,,,,,,,,,,1.0,0.6,0.6,,,0.7,,,,,,,,,,,,,97.5,95.8,96.0,,,96.5,,,,,,,,,,,,,1.5,3.6,3.4,,,2.8
2025,Nordeste,PB,2503209,Cabedelo,Urbana,Federal,,,,,,,,,,,,,1.0,0.6,0.6,,,0.7,,,,,,,,,,,,,97.5,95.8,96.0,,,96.5,,,,,,,,,,,,,1.5,3.6,3.4,,,2.8
2025,Nordeste,PB,2503209,Cabedelo,Total,Estadual,,5.0,0.0,7.7,5.0,11.9,7.8,4.3,2.7,5.9,4.2,5.5,4.0,1.2,1.8,,,2.5,,90.0,100.0,84.6,95.0,83.3,90.2,91.5,91.9,89.9,93.0,90.6,85.9,86.4,89.3,,,86.9,,5.0,0.0,7.7,0.0,4.8,2.0,4.2,5.4,4.2,2.8,3.9,10.1,12.4,8.9,,,10.6
2025,Nordeste,PB,2503209,Cabedelo,Urbana,Estadual,,5.0,0.0,7.7,5.0,11.9,7.8,4.3,2.7,5.9,4.2,5.5,4.0,1.2,1.8,,,2.5,,90.0,100.0,84.6,95.0,83.3,90.2,91.5,91.9,89.9,93.0,90.6,85.9,86.4,89.3,,,86.9,,5.0,0.0,7.7,0.0,4.8,2.0,4.2,5.4,4.2,2.8,3.9,10.1,12.4,8.9,,,10.6
2025,Nordeste,PB,2503209,Cabedelo,Total,Municipal,0.0,0.0,0.1,0.0,0.0,1.2,0.5,1.0,0.0,0.7,0.0,0.3,,,,,,,99.8,100.0,98.1,98.7,99.4,86.5,91.0,92.5,99.6,91.8,99.2,95.9,,,,,,,0.2,0.0,1.8,1.3,0.6,12.3,8.5,6.5,0.4,7.5,0.8,3.8,,,,,,
2025,Nordeste,PB,2503209,Cabedelo,Urbana,Municipal,0.0,0.0,0.1,0.0,0.0,1.2,0.5,1.0,0.0,0.7,0.0,0.3,,,,,,,99.8,100.0,98.1,98.7,99.4,86.5,91.0,92.5,99.6,91.8,99.2,95.9,,,,,,,0.2,0.0,1.8,1.3,0.6,12.3,8.5,6.5,0.4,7.5,0.8,3.8,,,,,,
2025,Nordeste,PB,2503209,Cabedelo,Total,Privada,0.0,0.0,0.0,0.0,0.0,2.3,0.0,0.0,0.0,0.6,0.0,0.3,0.0,0.0,0.0,,,0.0,98.6,100.0,100.0,100.0,100.0,96.1,99.1,95.9,98.3,97.4,99.7,98.8,96.0,91.4,98.6,,,95.5,1.4,0.0,0.0,0.0,0.0,1.6,0.9,4.1,1.7,2.0,0.3,0.9,4.0,8.6,1.4,,,4.5
2025,Nordeste,PB,2503209,Cabedelo,Urbana,Privada,0.0,0.0,0.0,0.0,0.0,2.3,0.0,0.0,0.0,0.6,0.0,0.3,0.0,0.0,0.0,,,0.0,98.6,100.0,100.0,100.0,100.0,96.1,99.1,95.9,98.3,97.4,99.7,98.8,96.0,91.4,98.6,,,95.5,1.4,0.0,0.0,0.0,0.0,1.6,0.9,4.1,1.7,2.0,0.3,0.9,4.0,8.6,1.4,,,4.5
2025,Nordeste,PB,2503209,Cabedelo,Total,Pública,0.0,0.1,0.2,0.2,0.1,1.8,1.0,1.3,0.3,1.1,0.2,0.6,3.1,1.1,1.3,,,2.0,99.8,99.7,98.1,98.4,99.3,86.3,91.0,92.4,98.6,91.7,99.0,95.6,89.3,89.1,91.8,,,89.9,0.2,0.2,1.7,1.4,0.6,11.9,8.0,6.3,1.1,7.2,0.8,3.8,7.6,9.8,6.9,,,8.1
2025,Nordeste,PB,2503209,Cabedelo,Urbana,Pública,0.0,0.1,0.2,0.2,0.1,1.8,1.0,1.3,0.3,1.1,0.2,0.6,3.1,1.1,1.3,,,2.0,99.8,99.7,98.1,98.4,99.3,86.3,91.0,92.4,98.6,91.7,99.0,95.6,89.3,89.1,91.8,,,89.9,0.2,0.2,1.7,1.4,0.6,11.9,8.0,6.3,1.1,7.2,0.8,3.8,7.6,9.8,6.9,,,8.1
2025,Nordeste,PB,2503308,Cachoeira dos Índios,Total,Total,0.0,0.0,0.0,1.6,0.0,4.5,3.7,0.0,0.9,2.5,0.3,1.3,2.6,3.4,1.6,,,2.6,100.0,100.0,100.0,96.1,100.0,82.2,86.7,90.7,89.8,87.0,99.1,93.4,96.5,96.6,93.9,,,95.9,0.0,0.0,0.0,2.3,0.0,13.3,9.6,9.3,9.3,10.5,0.6,5.3,0.9,0.0,4.5,,,1.5
2025,Nordeste,PB,2503308,Cachoeira dos Índios,Urbana,Total,0.0,0.0,0.0,2.1,0.0,4.8,4.4,0.0,1.0,2.8,0.5,1.7,2.6,3.4,1.6,,,2.6,100.0,100.0,100.0,94.9,100.0,80.8,84.2,89.4,88.8,85.4,98.8,91.9,96.5,96.6,93.9,,,95.9,0.0,0.0,0.0,3.0,0.0,14.4,11.4,10.6,10.2,11.8,0.7,6.4,0.9,0.0,4.5,,,1.5
2025,Nordeste,PB,2503308,Cachoeira dos Índios,Rural,Total,0.0,0.0,0.0,0.0,0.0,0.0,0.0,0.0,0.0,0.0,0.0,0.0,,,,,,,100.0,100.0,100.0,100.0,100.0,100.0,100.0,100.0,100.0,100.0,100.0,100.0,,,,,,,0.0,0.0,0.0,0.0,0.0,0.0,0.0,0.0,0.0,0.0,0.0,0.0,,,,,,
2025,Nordeste,PB,2503308,Cachoeira dos Índios,Total,Estadual,,,,,,,,,,,,,2.6,3.4,1.6,,,2.6,,,,,,,,,,,,,96.5,96.6,93.9,,,95.9,,,,,,,,,,,,,0.9,0.0,4.5,,,1.5
2025,Nordeste,PB,2503308,Cachoeira dos Índios,Urbana,Estadual,,,,,,,,,,,,,2.6,3.4,1.6,,,2.6,,,,,,,,,,,,,96.5,96.6,93.9,,,95.9,,,,,,,,,,,,,0.9,0.0,4.5,,,1.5
2025,Nordeste,PB,2503308,Cachoeira dos Índios,Total,Municipal,0.0,0.0,0.0,1.9,0.0,5.2,4.3,0.0,1.0,2.8,0.5,1.7,,,,,,,100.0,100.0,100.0,95.3,100.0,79.1,84.7,89.7,88.2,85.1,98.8,91.8,,,,,,,0.0,0.0,0.0,2.8,0.0,15.7,11.0,10.3,10.8,12.1,0.7,6.5,,,,,,
2025,Nordeste,PB,2503308,Cachoeira dos Índios,Urbana,Municipal,0.0,0.0,0.0,2.6,0.0,5.8,5.2,0.0,1.3,3.2,0.7,2.2,,,,,,,100.0,100.0,100.0,93.5,100.0,77.1,81.4,88.0,86.7,82.9,98.2,89.5,,,,,,,0.0,0.0,0.0,3.9,0.0,17.1,13.4,12.0,12.0,13.9,1.1,8.3,,,,,,
2025,Nordeste,PB,2503308,Cachoeira dos Índios,Rural,Municipal,0.0,0.0,0.0,0.0,0.0,0.0,0.0,0.0,0.0,0.0,0.0,0.0,,,,,,,100.0,100.0,100.0,100.0,100.0,100.0,100.0,100.0,100.0,100.0,100.0,100.0,,,,,,,0.0,0.0,0.0,0.0,0.0,0.0,0.0,0.0,0.0,0.0,0.0,0.0,,,,,,
2025,Nordeste,PB,2503308,Cachoeira dos Índios,Total,Privada,0.0,0.0,0.0,0.0,0.0,0.0,0.0,0.0,0.0,0.0,0.0,0.0,,,,,,,100.0,100.0,100.0,100.0,100.0,100.0,100.0,100.0,100.0,100.0,100.0,100.0,,,,,,,0.0,0.0,0.0,0.0,0.0,0.0,0.0,0.0,0.0,0.0,0.0,0.0,,,,,,
2025,Nordeste,PB,2503308,Cachoeira dos Índios,Urbana,Privada,0.0,0.0,0.0,0.0,0.0,0.0,0.0,0.0,0.0,0.0,0.0,0.0,,,,,,,100.0,100.0,100.0,100.0,100.0,100.0,100.0,100.0,100.0,100.0,100.0,100.0,,,,,,,0.0,0.0,0.0,0.0,0.0,0.0,0.0,0.0,0.0,0.0,0.0,0.0,,,,,,
2025,Nordeste,PB,2503308,Cachoeira dos Índios,Total,Pública,0.0,0.0,0.0,1.9,0.0,5.2,4.3,0.0,1.0,2.8,0.5,1.7,2.6,3.4,1.6,,,2.6,100.0,100.0,100.0,95.3,100.0,79.1,84.7,89.7,88.2,85.1,98.8,91.8,96.5,96.6,93.9,,,95.9,0.0,0.0,0.0,2.8,0.0,15.7,11.0,10.3,10.8,12.1,0.7,6.5,0.9,0.0,4.5,,,1.5
2025,Nordeste,PB,2503308,Cachoeira dos Índios,Urbana,Pública,0.0,0.0,0.0,2.6,0.0,5.8,5.2,0.0,1.3,3.2,0.7,2.2,2.6,3.4,1.6,,,2.6,100.0,100.0,100.0,93.5,100.0,77.1,81.4,88.0,86.7,82.9,98.2,89.5,96.5,96.6,93.9,,,95.9,0.0,0.0,0.0,3.9,0.0,17.1,13.4,12.0,12.0,13.9,1.1,8.3,0.9,0.0,4.5,,,1.5
2025,Nordeste,PB,2503308,Cachoeira dos Índios,Rural,Pública,0.0,0.0,0.0,0.0,0.0,0.0,0.0,0.0,0.0,0.0,0.0,0.0,,,,,,,100.0,100.0,100.0,100.0,100.0,100.0,100.0,100.0,100.0,100.0,100.0,100.0,,,,,,,0.0,0.0,0.0,0.0,0.0,0.0,0.0,0.0,0.0,0.0,0.0,0.0,,,,,,
2025,Nordeste,PB,2503407,Cacimba de Areia,Total,Total,0.0,0.0,0.0,0.0,0.0,0.0,0.0,0.0,0.0,0.0,0.0,0.0,0.0,0.0,0.0,,,0.0,100.0,100.0,100.0,100.0,100.0,100.0,89.5,100.0,100.0,97.5,100.0,99.0,100.0,100.0,100.0,,,100.0,0.0,0.0,0.0,0.0,0.0,0.0,10.5,0.0,0.0,2.5,0.0,1.0,0.0,0.0,0.0,,,0.0
2025,Nordeste,PB,2503407,Cacimba de Areia,Urbana,Total,0.0,0.0,0.0,0.0,0.0,0.0,0.0,0.0,0.0,0.0,0.0,0.0,0.0,0.0,0.0,,,0.0,100.0,100.0,100.0,100.0,100.0,100.0,89.5,100.0,100.0,97.5,100.0,98.9,100.0,100.0,100.0,,,100.0,0.0,0.0,0.0,0.0,0.0,0.0,10.5,0.0,0.0,2.5,0.0,1.1,0.0,0.0,0.0,,,0.0
2025,Nordeste,PB,2503407,Cacimba de Areia,Rural,Total,0.0,0.0,0.0,0.0,0.0,,,,,,0.0,0.0,,,,,,,100.0,100.0,100.0,100.0,100.0,,,,,,100.0,100.0,,,,,,,0.0,0.0,0.0,0.0,0.0,,,,,,0.0,0.0,,,,,,
2025,Nordeste,PB,2503407,Cacimba de Areia,Total,Estadual,,,,,,,,,,,,,0.0,0.0,0.0,,,0.0,,,,,,,,,,,,,100.0,100.0,100.0,,,100.0,,,,,,,,,,,,,0.0,0.0,0.0,,,0.0
2025,Nordeste,PB,2503407,Cacimba de Areia,Urbana,Estadual,,,,,,,,,,,,,0.0,0.0,0.0,,,0.0,,,,,,,,,,,,,100.0,100.0,100.0,,,100.0,,,,,,,,,,,,,0.0,0.0,0.0,,,0.0
2025,Nordeste,PB,2503407,Cacimba de Areia,Total,Municipal,0.0,0.0,0.0,0.0,0.0,0.0,0.0,0.0,0.0,0.0,0.0,0.0,,,,,,,100.0,100.0,100.0,100.0,100.0,100.0,89.5,100.0,100.0,97.5,100.0,99.0,,,,,,,0.0,0.0,0.0,0.0,0.0,0.0,10.5,0.0,0.0,2.5,0.0,1.0,,,,,,
2025,Nordeste,PB,2503407,Cacimba de Areia,Urbana,Municipal,0.0,0.0,0.0,0.0,0.0,0.0,0.0,0.0,0.0,0.0,0.0,0.0,,,,,,,100.0,100.0,100.0,100.0,100.0,100.0,89.5,100.0,100.0,97.5,100.0,98.9,,,,,,,0.0,0.0,0.0,0.0,0.0,0.0,10.5,0.0,0.0,2.5,0.0,1.1,,,,,,
2025,Nordeste,PB,2503407,Cacimba de Areia,Rural,Municipal,0.0,0.0,0.0,0.0,0.0,,,,,,0.0,0.0,,,,,,,100.0,100.0,100.0,100.0,100.0,,,,,,100.0,100.0,,,,,,,0.0,0.0,0.0,0.0,0.0,,,,,,0.0,0.0,,,,,,
2025,Nordeste,PB,2503407,Cacimba de Areia,Total,Pública,0.0,0.0,0.0,0.0,0.0,0.0,0.0,0.0,0.0,0.0,0.0,0.0,0.0,0.0,0.0,,,0.0,100.0,100.0,100.0,100.0,100.0,100.0,89.5,100.0,100.0,97.5,100.0,99.0,100.0,100.0,100.0,,,100.0,0.0,0.0,0.0,0.0,0.0,0.0,10.5,0.0,0.0,2.5,0.0,1.0,0.0,0.0,0.0,,,0.0
2025,Nordeste,PB,2503407,Cacimba de Areia,Urbana,Pública,0.0,0.0,0.0,0.0,0.0,0.0,0.0,0.0,0.0,0.0,0.0,0.0,0.0,0.0,0.0,,,0.0,100.0,100.0,100.0,100.0,100.0,100.0,89.5,100.0,100.0,97.5,100.0,98.9,100.0,100.0,100.0,,,100.0,0.0,0.0,0.0,0.0,0.0,0.0,10.5,0.0,0.0,2.5,0.0,1.1,0.0,0.0,0.0,,,0.0
2025,Nordeste,PB,2503407,Cacimba de Areia,Rural,Pública,0.0,0.0,0.0,0.0,0.0,,,,,,0.0,0.0,,,,,,,100.0,100.0,100.0,100.0,100.0,,,,,,100.0,100.0,,,,,,,0.0,0.0,0.0,0.0,0.0,,,,,,0.0,0.0,,,,,,
2025,Nordeste,PB,2503506,Cacimba de Dentro,Total,Total,0.5,0.0,0.0,0.0,0.0,0.4,0.0,0.0,0.0,0.1,0.1,0.1,9.3,7.4,0.6,,,6.3,99.5,99.1,95.7,98.1,99.1,96.3,98.3,96.3,98.7,97.3,98.3,97.9,85.8,92.1,99.4,,,91.6,0.0,0.9,4.3,1.9,0.9,3.3,1.7,3.7,1.3,2.6,1.6,2.0,4.9,0.5,0.0,,,2.1
2025,Nordeste,PB,2503506,Cacimba de Dentro,Urbana,Total,0.6,0.0,0.0,0.0,0.0,0.4,0.0,0.0,0.0,0.1,0.1,0.1,9.3,7.4,0.6,,,6.3,99.4,98.8,100.0,100.0,98.7,97.8,97.9,95.2,98.3,97.3,99.4,98.4,85.8,92.1,99.4,,,91.6,0.0,1.2,0.0,0.0,1.3,1.8,2.1,4.8,1.7,2.6,0.5,1.5,4.9,0.5,0.0,,,2.1
2025,Nordeste,PB,2503506,Cacimba de Dentro,Rural,Total,0.0,0.0,0.0,0.0,0.0,0.0,0.0,0.0,0.0,0.0,0.0,0.0,,,,,,,100.0,100.0,86.8,92.4,100.0,88.9,100.0,100.0,100.0,97.4,95.6,96.3,,,,,,,0.0,0.0,13.2,7.6,0.0,11.1,0.0,0.0,0.0,2.6,4.4,3.7,,,,,,
2025,Nordeste,PB,2503506,Cacimba de Dentro,Total,Estadual,,,,,,0.0,0.0,0.0,0.0,0.0,,0.0,9.3,7.4,0.6,,,6.3,,,,,,96.6,100.0,94.0,100.0,97.4,,97.4,85.8,92.1,99.4,,,91.6,,,,,,3.4,0.0,6.0,0.0,2.6,,2.6,4.9,0.5,0.0,,,2.1
2025,Nordeste,PB,2503506,Cacimba de Dentro,Urbana,Estadual,,,,,,0.0,0.0,0.0,0.0,0.0,,0.0,9.3,7.4,0.6,,,6.3,,,,,,96.6,100.0,94.0,100.0,97.4,,97.4,85.8,92.1,99.4,,,91.6,,,,,,3.4,0.0,6.0,0.0,2.6,,2.6,4.9,0.5,0.0,,,2.1
2025,Nordeste,PB,2503506,Cacimba de Dentro,Total,Municipal,0.6,0.0,0.0,0.0,0.0,0.5,0.0,0.0,0.0,0.2,0.1,0.1,,,,,,,99.4,100.0,94.7,97.6,99.4,96.7,98.1,97.6,99.4,97.9,98.2,98.1,,,,,,,0.0,0.0,5.3,2.4,0.6,2.8,1.9,2.4,0.6,1.9,1.7,1.8,,,,,,
2025,Nordeste,PB,2503506,Cacimba de Dentro,Urbana,Municipal,0.9,0.0,0.0,0.0,0.0,0.7,0.0,0.0,0.0,0.2,0.1,0.1,,,,,,,99.1,100.0,100.0,100.0,99.1,99.3,97.5,96.4,99.1,98.1,99.7,99.0,,,,,,,0.0,0.0,0.0,0.0,0.9,0.0,2.5,3.6,0.9,1.7,0.2,0.9,,,,,,
2025,Nordeste,PB,2503506,Cacimba de Dentro,Rural,Municipal,0.0,0.0,0.0,0.0,0.0,0.0,0.0,0.0,0.0,0.0,0.0,0.0,,,,,,,100.0,100.0,86.8,92.4,100.0,88.9,100.0,100.0,100.0,97.4,95.6,96.3,,,,,,,0.0,0.0,13.2,7.6,0.0,11.1,0.0,0.0,0.0,2.6,4.4,3.7,,,,,,
2025,Nordeste,PB,2503506,Cacimba de Dentro,Total,Privada,0.0,0.0,0.0,0.0,0.0,0.0,0.0,0.0,0.0,0.0,0.0,0.0,,,,,,,100.0,96.8,100.0,100.0,97.5,93.3,96.2,92.6,92.9,93.7,98.7,97.1,,,,,,,0.0,3.2,0.0,0.0,2.5,6.7,3.8,7.4,7.1,6.3,1.3,2.9,,,,,,
2025,Nordeste,PB,2503506,Cacimba de Dentro,Urbana,Privada,0.0,0.0,0.0,0.0,0.0,0.0,0.0,0.0,0.0,0.0,0.0,0.0,,,,,,,100.0,96.8,100.0,100.0,97.5,93.3,96.2,92.6,92.9,93.7,98.7,97.1,,,,,,,0.0,3.2,0.0,0.0,2.5,6.7,3.8,7.4,7.1,6.3,1.3,2.9,,,,,,
2025,Nordeste,PB,2503506,Cacimba de Dentro,Total,Pública,0.6,0.0,0.0,0.0,0.0,0.4,0.0,0.0,0.0,0.1,0.1,0.1,9.3,7.4,0.6,,,6.3,99.4,100.0,94.7,97.6,99.4,96.7,98.6,96.7,99.5,97.8,98.2,98.0,85.8,92.1,99.4,,,91.6,0.0,0.0,5.3,2.4,0.6,2.9,1.4,3.3,0.5,2.1,1.7,1.9,4.9,0.5,0.0,,,2.1
2025,Nordeste,PB,2503506,Cacimba de Dentro,Urbana,Pública,0.9,0.0,0.0,0.0,0.0,0.5,0.0,0.0,0.0,0.2,0.1,0.2,9.3,7.4,0.6,,,6.3,99.1,100.0,100.0,100.0,99.1,98.5,98.2,95.6,99.3,97.9,99.7,98.7,85.8,92.1,99.4,,,91.6,0.0,0.0,0.0,0.0,0.9,1.0,1.8,4.4,0.7,1.9,0.2,1.1,4.9,0.5,0.0,,,2.1
2025,Nordeste,PB,2503506,Cacimba de Dentro,Rural,Pública,0.0,0.0,0.0,0.0,0.0,0.0,0.0,0.0,0.0,0.0,0.0,0.0,,,,,,,100.0,100.0,86.8,92.4,100.0,88.9,100.0,100.0,100.0,97.4,95.6,96.3,,,,,,,0.0,0.0,13.2,7.6,0.0,11.1,0.0,0.0,0.0,2.6,4.4,3.7,,,,,,
2025,Nordeste,PB,2503555,Cacimbas,Total,Total,0.0,0.0,0.0,0.0,0.0,1.3,1.8,3.5,0.8,1.9,0.0,1.0,0.9,0.0,0.0,,,0.4,100.0,99.4,99.2,98.4,95.5,97.4,98.2,93.0,96.9,96.3,98.7,97.5,98.1,100.0,100.0,,,99.2,0.0,0.6,0.8,1.6,4.5,1.3,0.0,3.5,2.3,1.8,1.3,1.5,1.0,0.0,0.0,,,0.4
2025,Nordeste,PB,2503555,Cacimbas,Urbana,Total,0.0,0.0,0.0,0.0,0.0,3.2,1.5,1.9,2.0,2.2,0.0,1.3,0.9,0.0,0.0,,,0.4,100.0,100.0,100.0,100.0,100.0,96.8,98.5,98.1,98.0,97.8,100.0,98.7,98.1,100.0,100.0,,,99.2,0.0,0.0,0.0,0.0,0.0,0.0,0.0,0.0,0.0,0.0,0.0,0.0,1.0,0.0,0.0,,,0.4
2025,Nordeste,PB,2503555,Cacimbas,Rural,Total,0.0,0.0,0.0,0.0,0.0,0.0,2.0,4.2,0.0,1.8,0.0,0.8,,,,,,,100.0,99.2,98.9,97.8,94.6,97.8,98.0,90.7,96.2,95.4,98.3,97.0,,,,,,,0.0,0.8,1.1,2.2,5.4,2.2,0.0,5.1,3.8,2.8,1.7,2.2,,,,,,
2025,Nordeste,PB,2503555,Cacimbas,Total,Estadual,,,,,,,,,,,,,0.9,0.0,0.0,,,0.4,,,,,,,,,,,,,98.1,100.0,100.0,,,99.2,,,,,,,,,,,,,1.0,0.0,0.0,,,0.4
2025,Nordeste,PB,2503555,Cacimbas,Urbana,Estadual,,,,,,,,,,,,,0.9,0.0,0.0,,,0.4,,,,,,,,,,,,,98.1,100.0,100.0,,,99.2,,,,,,,,,,,,,1.0,0.0,0.0,,,0.4
2025,Nordeste,PB,2503555,Cacimbas,Total,Municipal,0.0,0.0,0.0,0.0,0.0,1.3,1.8,3.5,0.8,1.9,0.0,1.0,,,,,,,100.0,99.4,99.2,98.4,95.5,97.4,98.2,93.0,96.9,96.3,98.7,97.5,,,,,,,0.0,0.6,0.8,1.6,4.5,1.3,0.0,3.5,2.3,1.8,1.3,1.5,,,,,,
2025,Nordeste,PB,2503555,Cacimbas,Urbana,Municipal,0.0,0.0,0.0,0.0,0.0,3.2,1.5,1.9,2.0,2.2,0.0,1.3,,,,,,,100.0,100.0,100.0,100.0,100.0,96.8,98.5,98.1,98.0,97.8,100.0,98.7,,,,,,,0.0,0.0,0.0,0.0,0.0,0.0,0.0,0.0,0.0,0.0,0.0,0.0,,,,,,
2025,Nordeste,PB,2503555,Cacimbas,Rural,Municipal,0.0,0.0,0.0,0.0,0.0,0.0,2.0,4.2,0.0,1.8,0.0,0.8,,,,,,,100.0,99.2,98.9,97.8,94.6,97.8,98.0,90.7,96.2,95.4,98.3,97.0,,,,,,,0.0,0.8,1.1,2.2,5.4,2.2,0.0,5.1,3.8,2.8,1.7,2.2,,,,,,
2025,Nordeste,PB,2503555,Cacimbas,Total,Pública,0.0,0.0,0.0,0.0,0.0,1.3,1.8,3.5,0.8,1.9,0.0,1.0,0.9,0.0,0.0,,,0.4,100.0,99.4,99.2,98.4,95.5,97.4,98.2,93.0,96.9,96.3,98.7,97.5,98.1,100.0,100.0,,,99.2,0.0,0.6,0.8,1.6,4.5,1.3,0.0,3.5,2.3,1.8,1.3,1.5,1.0,0.0,0.0,,,0.4
2025,Nordeste,PB,2503555,Cacimbas,Urbana,Pública,0.0,0.0,0.0,0.0,0.0,3.2,1.5,1.9,2.0,2.2,0.0,1.3,0.9,0.0,0.0,,,0.4,100.0,100.0,100.0,100.0,100.0,96.8,98.5,98.1,98.0,97.8,100.0,98.7,98.1,100.0,100.0,,,99.2,0.0,0.0,0.0,0.0,0.0,0.0,0.0,0.0,0.0,0.0,0.0,0.0,1.0,0.0,0.0,,,0.4
2025,Nordeste,PB,2503555,Cacimbas,Rural,Pública,0.0,0.0,0.0,0.0,0.0,0.0,2.0,4.2,0.0,1.8,0.0,0.8,,,,,,,100.0,99.2,98.9,97.8,94.6,97.8,98.0,90.7,96.2,95.4,98.3,97.0,,,,,,,0.0,0.8,1.1,2.2,5.4,2.2,0.0,5.1,3.8,2.8,1.7,2.2,,,,,,
2025,Nordeste,PB,2503605,Caiçara,Total,Total,0.0,1.2,2.2,3.3,0.0,3.4,1.0,3.4,5.3,3.1,1.3,2.1,3.9,1.8,0.0,,,2.3,96.6,98.8,95.5,88.9,97.9,85.2,92.9,86.4,86.7,88.0,95.5,92.2,92.2,98.2,100.0,,,95.9,3.4,0.0,2.3,7.8,2.1,11.4,6.1,10.2,8.0,8.9,3.2,5.7,3.9,0.0,0.0,,,1.8
2025,Nordeste,PB,2503605,Caiçara,Urbana,Total,0.0,1.3,2.8,3.7,0.0,3.4,1.0,3.4,5.3,3.1,1.6,2.3,3.9,1.8,0.0,,,2.3,98.6,98.7,94.4,87.7,97.6,85.2,92.9,86.4,86.7,88.0,95.3,91.8,92.2,98.2,100.0,,,95.9,1.4,0.0,2.8,8.6,2.4,11.4,6.1,10.2,8.0,8.9,3.1,5.9,3.9,0.0,0.0,,,1.8
2025,Nordeste,PB,2503605,Caiçara,Rural,Total,0.0,0.0,0.0,0.0,0.0,,,,,,0.0,0.0,,,,,,,85.7,100.0,100.0,100.0,100.0,,,,,,96.6,96.6,,,,,,,14.3,0.0,0.0,0.0,0.0,,,,,,3.4,3.4,,,,,,
2025,Nordeste,PB,2503605,Caiçara,Total,Estadual,,,,,,,,,,,,,3.9,1.8,0.0,,,2.3,,,,,,,,,,,,,92.2,98.2,100.0,,,95.9,,,,,,,,,,,,,3.9,0.0,0.0,,,1.8
2025,Nordeste,PB,2503605,Caiçara,Urbana,Estadual,,,,,,,,,,,,,3.9,1.8,0.0,,,2.3,,,,,,,,,,,,,92.2,98.2,100.0,,,95.9,,,,,,,,,,,,,3.9,0.0,0.0,,,1.8
2025,Nordeste,PB,2503605,Caiçara,Total,Municipal,0.0,1.5,2.8,4.0,0.0,4.1,1.1,4.0,5.9,3.7,1.7,2.6,,,,,,,95.5,98.5,94.4,88.0,97.4,82.2,91.9,83.8,85.3,86.0,94.6,90.7,,,,,,,4.5,0.0,2.8,8.0,2.6,13.7,7.0,12.2,8.8,10.3,3.7,6.7,,,,,,
2025,Nordeste,PB,2503605,Caiçara,Urbana,Municipal,0.0,1.7,3.7,4.5,0.0,4.1,1.1,4.0,5.9,3.7,2.1,2.8,,,,,,,98.1,98.3,92.7,86.4,96.8,82.2,91.9,83.8,85.3,86.0,94.2,90.1,,,,,,,1.9,0.0,3.6,9.1,3.2,13.7,7.0,12.2,8.8,10.3,3.7,7.1,,,,,,
2025,Nordeste,PB,2503605,Caiçara,Rural,Municipal,0.0,0.0,0.0,0.0,0.0,,,,,,0.0,0.0,,,,,,,85.7,100.0,100.0,100.0,100.0,,,,,,96.6,96.6,,,,,,,14.3,0.0,0.0,0.0,0.0,,,,,,3.4,3.4,,,,,,
2025,Nordeste,PB,2503605,Caiçara,Total,Privada,0.0,0.0,0.0,0.0,0.0,0.0,0.0,0.0,0.0,0.0,0.0,0.0,,,,,,,100.0,100.0,100.0,93.3,100.0,100.0,100.0,100.0,100.0,100.0,98.9,99.3,,,,,,,0.0,0.0,0.0,6.7,0.0,0.0,0.0,0.0,0.0,0.0,1.1,0.7,,,,,,
2025,Nordeste,PB,2503605,Caiçara,Urbana,Privada,0.0,0.0,0.0,0.0,0.0,0.0,0.0,0.0,0.0,0.0,0.0,0.0,,,,,,,100.0,100.0,100.0,93.3,100.0,100.0,100.0,100.0,100.0,100.0,98.9,99.3,,,,,,,0.0,0.0,0.0,6.7,0.0,0.0,0.0,0.0,0.0,0.0,1.1,0.7,,,,,,
2025,Nordeste,PB,2503605,Caiçara,Total,Pública,0.0,1.5,2.8,4.0,0.0,4.1,1.1,4.0,5.9,3.7,1.7,2.6,3.9,1.8,0.0,,,2.3,95.5,98.5,94.4,88.0,97.4,82.2,91.9,83.8,85.3,86.0,94.6,90.7,92.2,98.2,100.0,,,95.9,4.5,0.0,2.8,8.0,2.6,13.7,7.0,12.2,8.8,10.3,3.7,6.7,3.9,0.0,0.0,,,1.8
2025,Nordeste,PB,2503605,Caiçara,Urbana,Pública,0.0,1.7,3.7,4.5,0.0,4.1,1.1,4.0,5.9,3.7,2.1,2.8,3.9,1.8,0.0,,,2.3,98.1,98.3,92.7,86.4,96.8,82.2,91.9,83.8,85.3,86.0,94.2,90.1,92.2,98.2,100.0,,,95.9,1.9,0.0,3.6,9.1,3.2,13.7,7.0,12.2,8.8,10.3,3.7,7.1,3.9,0.0,0.0,,,1.8
2025,Nordeste,PB,2503605,Caiçara,Rural,Pública,0.0,0.0,0.0,0.0,0.0,,,,,,0.0,0.0,,,,,,,85.7,100.0,100.0,100.0,100.0,,,,,,96.6,96.6,,,,,,,14.3,0.0,0.0,0.0,0.0,,,,,,3.4,3.4,,,,,,
2025,Nordeste,PB,2503704,Cajazeiras,Total,Total,0.0,0.2,0.1,0.5,0.3,0.2,0.7,1.3,1.7,1.0,0.3,0.6,6.3,4.2,2.6,0.0,,4.5,99.9,99.8,99.9,99.5,99.6,99.5,98.8,98.1,98.0,98.6,99.7,99.2,89.4,92.7,97.1,94.1,,92.7,0.1,0.0,0.0,0.0,0.1,0.3,0.5,0.6,0.3,0.4,0.0,0.2,4.3,3.1,0.3,5.9,,2.8
2025,Nordeste,PB,2503704,Cajazeiras,Urbana,Total,0.0,0.3,0.1,0.4,0.0,0.1,0.7,1.1,1.5,0.9,0.1,0.5,6.7,4.7,2.7,0.0,,4.9,99.9,99.7,99.9,99.6,99.9,99.6,98.7,98.5,98.1,98.7,99.8,99.3,88.4,91.8,96.9,94.1,,92.0,0.1,0.0,0.0,0.0,0.1,0.3,0.6,0.4,0.4,0.4,0.1,0.2,4.9,3.5,0.4,5.9,,3.1
2025,Nordeste,PB,2503704,Cajazeiras,Rural,Total,0.0,0.0,0.0,0.9,1.9,0.0,0.7,2.5,2.3,1.4,0.6,1.0,3.2,0.0,0.0,,,1.5,100.0,100.0,100.0,99.1,98.1,99.3,99.3,96.2,97.7,98.1,99.4,98.7,96.8,100.0,100.0,,,98.5,0.0,0.0,0.0,0.0,0.0,0.7,0.0,1.3,0.0,0.5,0.0,0.3,0.0,0.0,0.0,,,0.0
2025,Nordeste,PB,2503704,Cajazeiras,Total,Federal,,,,,,,,,,,,,1.2,2.1,0.6,,,1.3,,,,,,,,,,,,,92.3,93.7,98.7,,,94.9,,,,,,,,,,,,,6.5,4.2,0.7,,,3.8
2025,Nordeste,PB,2503704,Cajazeiras,Urbana,Federal,,,,,,,,,,,,,1.2,2.1,0.6,,,1.3,,,,,,,,,,,,,92.3,93.7,98.7,,,94.9,,,,,,,,,,,,,6.5,4.2,0.7,,,3.8
2025,Nordeste,PB,2503704,Cajazeiras,Total,Estadual,0.0,0.0,0.0,0.0,0.0,,,3.2,6.0,4.5,0.0,2.5,8.6,5.7,3.3,,,6.2,100.0,100.0,100.0,100.0,100.0,,,96.2,92.7,94.5,100.0,97.0,86.9,91.2,96.5,,,91.0,0.0,0.0,0.0,0.0,0.0,,,0.6,1.3,1.0,0.0,0.5,4.5,3.1,0.2,,,2.8
2025,Nordeste,PB,2503704,Cajazeiras,Urbana,Estadual,0.0,0.0,0.0,0.0,0.0,,,3.2,6.0,4.5,0.0,2.5,9.8,6.8,3.8,,,7.1,100.0,100.0,100.0,100.0,100.0,,,96.2,92.7,94.5,100.0,97.0,84.7,89.5,96.0,,,89.5,0.0,0.0,0.0,0.0,0.0,,,0.6,1.3,1.0,0.0,0.5,5.5,3.7,0.2,,,3.4
2025,Nordeste,PB,2503704,Cajazeiras,Rural,Estadual,,,,,,,,,,,,,3.2,0.0,0.0,,,1.5,,,,,,,,,,,,,96.8,100.0,100.0,,,98.5,,,,,,,,,,,,,0.0,0.0,0.0,,,0.0
2025,Nordeste,PB,2503704,Cajazeiras,Total,Municipal,0.0,0.2,0.2,0.7,0.4,0.1,1.0,1.4,1.3,1.0,0.3,0.6,,,,,,,100.0,99.8,99.8,99.3,99.6,99.7,98.7,98.3,98.7,98.8,99.7,99.3,,,,,,,0.0,0.0,0.0,0.0,0.0,0.2,0.3,0.3,0.0,0.2,0.0,0.1,,,,,,
2025,Nordeste,PB,2503704,Cajazeiras,Urbana,Municipal,0.0,0.2,0.3,0.7,0.0,0.2,1.0,1.1,0.9,0.8,0.2,0.6,,,,,,,100.0,99.8,99.7,99.3,100.0,99.8,98.6,98.9,99.1,99.1,99.8,99.4,,,,,,,0.0,0.0,0.0,0.0,0.0,0.0,0.4,0.0,0.0,0.1,0.0,0.0,,,,,,
2025,Nordeste,PB,2503704,Cajazeiras,Rural,Municipal,0.0,0.0,0.0,0.9,1.9,0.0,0.7,2.5,2.3,1.4,0.6,1.0,,,,,,,100.0,100.0,100.0,99.1,98.1,99.3,99.3,96.2,97.7,98.1,99.4,98.7,,,,,,,0.0,0.0,0.0,0.0,0.0,0.7,0.0,1.3,0.0,0.5,0.0,0.3,,,,,,
2025,Nordeste,PB,2503704,Cajazeiras,Total,Privada,0.0,0.3,0.0,0.0,0.0,0.0,0.0,0.0,0.0,0.0,0.1,0.0,0.0,0.0,1.3,0.0,,0.4,99.7,99.7,100.0,100.0,99.6,99.2,99.0,98.9,99.6,99.2,99.8,99.5,98.4,97.7,98.0,94.1,,97.9,0.3,0.0,0.0,0.0,0.4,0.8,1.0,1.1,0.4,0.8,0.1,0.5,1.6,2.3,0.7,5.9,,1.7
2025,Nordeste,PB,2503704,Cajazeiras,Urbana,Privada,0.0,0.3,0.0,0.0,0.0,0.0,0.0,0.0,0.0,0.0,0.1,0.0,0.0,0.0,1.3,0.0,,0.4,99.7,99.7,100.0,100.0,99.6,99.2,99.0,98.9,99.6,99.2,99.8,99.5,98.4,97.7,98.0,94.1,,97.9,0.3,0.0,0.0,0.0,0.4,0.8,1.0,1.1,0.4,0.8,0.1,0.5,1.6,2.3,0.7,5.9,,1.7
2025,Nordeste,PB,2503704,Cajazeiras,Total,Pública,0.0,0.2,0.2,0.6,0.3,0.1,1.0,1.7,2.2,1.3,0.3,0.8,7.5,5.1,2.8,,,5.4,100.0,99.8,99.8,99.4,99.7,99.7,98.7,97.9,97.5,98.4,99.7,99.1,87.7,91.6,96.9,,,91.6,0.0,0.0,0.0,0.0,0.0,0.2,0.3,0.4,0.3,0.3,0.0,0.1,4.8,3.3,0.3,,,3.0
2025,Nordeste,PB,2503704,Cajazeiras,Urbana,Pública,0.0,0.2,0.2,0.6,0.0,0.2,1.0,1.5,2.3,1.4,0.2,0.8,8.2,5.9,3.1,,,6.0,100.0,99.8,99.8,99.4,100.0,99.8,98.6,98.3,97.4,98.4,99.8,99.1,86.1,90.3,96.6,,,90.6,0.0,0.0,0.0,0.0,0.0,0.0,0.4,0.2,0.3,0.2,0.0,0.1,5.7,3.8,0.3,,,3.4
2025,Nordeste,PB,2503704,Cajazeiras,Rural,Pública,0.0,0.0,0.0,0.9,1.9,0.0,0.7,2.5,2.3,1.4,0.6,1.0,3.2,0.0,0.0,,,1.5,100.0,100.0,100.0,99.1,98.1,99.3,99.3,96.2,97.7,98.1,99.4,98.7,96.8,100.0,100.0,,,98.5,0.0,0.0,0.0,0.0,0.0,0.7,0.0,1.3,0.0,0.5,0.0,0.3,0.0,0.0,0.0,,,0.0
2025,Nordeste,PB,2503753,Cajazeirinhas,Total,Total,0.0,0.0,0.0,0.0,0.0,0.0,0.0,0.0,0.0,0.0,0.0,0.0,0.0,0.0,0.0,,,0.0,100.0,100.0,100.0,100.0,100.0,90.9,98.0,97.9,100.0,96.6,100.0,98.2,100.0,100.0,100.0,,,100.0,0.0,0.0,0.0,0.0,0.0,9.1,2.0,2.1,0.0,3.4,0.0,1.8,0.0,0.0,0.0,,,0.0
2025,Nordeste,PB,2503753,Cajazeirinhas,Urbana,Total,0.0,0.0,0.0,0.0,0.0,0.0,0.0,0.0,0.0,0.0,0.0,0.0,0.0,0.0,0.0,,,0.0,100.0,100.0,100.0,100.0,100.0,90.9,98.0,97.9,100.0,96.6,100.0,98.1,100.0,100.0,100.0,,,100.0,0.0,0.0,0.0,0.0,0.0,9.1,2.0,2.1,0.0,3.4,0.0,1.9,0.0,0.0,0.0,,,0.0
2025,Nordeste,PB,2503753,Cajazeirinhas,Rural,Total,0.0,0.0,0.0,0.0,0.0,,,,,,0.0,0.0,,,,,,,100.0,100.0,100.0,100.0,100.0,,,,,,100.0,100.0,,,,,,,0.0,0.0,0.0,0.0,0.0,,,,,,0.0,0.0,,,,,,
2025,Nordeste,PB,2503753,Cajazeirinhas,Total,Estadual,,,,,,,,,,,,,0.0,0.0,0.0,,,0.0,,,,,,,,,,,,,100.0,100.0,100.0,,,100.0,,,,,,,,,,,,,0.0,0.0,0.0,,,0.0
2025,Nordeste,PB,2503753,Cajazeirinhas,Urbana,Estadual,,,,,,,,,,,,,0.0,0.0,0.0,,,0.0,,,,,,,,,,,,,100.0,100.0,100.0,,,100.0,,,,,,,,,,,,,0.0,0.0,0.0,,,0.0
2025,Nordeste,PB,2503753,Cajazeirinhas,Total,Municipal,0.0,0.0,0.0,0.0,0.0,0.0,0.0,0.0,0.0,0.0,0.0,0.0,,,,,,,100.0,100.0,100.0,100.0,100.0,90.9,98.0,97.9,100.0,96.6,100.0,98.2,,,,,,,0.0,0.0,0.0,0.0,0.0,9.1,2.0,2.1,0.0,3.4,0.0,1.8,,,,,,
2025,Nordeste,PB,2503753,Cajazeirinhas,Urbana,Municipal,0.0,0.0,0.0,0.0,0.0,0.0,0.0,0.0,0.0,0.0,0.0,0.0,,,,,,,100.0,100.0,100.0,100.0,100.0,90.9,98.0,97.9,100.0,96.6,100.0,98.1,,,,,,,0.0,0.0,0.0,0.0,0.0,9.1,2.0,2.1,0.0,3.4,0.0,1.9,,,,,,
2025,Nordeste,PB,2503753,Cajazeirinhas,Rural,Municipal,0.0,0.0,0.0,0.0,0.0,,,,,,0.0,0.0,,,,,,,100.0,100.0,100.0,100.0,100.0,,,,,,100.0,100.0,,,,,,,0.0,0.0,0.0,0.0,0.0,,,,,,0.0,0.0,,,,,,
2025,Nordeste,PB,2503753,Cajazeirinhas,Total,Pública,0.0,0.0,0.0,0.0,0.0,0.0,0.0,0.0,0.0,0.0,0.0,0.0,0.0,0.0,0.0,,,0.0,100.0,100.0,100.0,100.0,100.0,90.9,98.0,97.9,100.0,96.6,100.0,98.2,100.0,100.0,100.0,,,100.0,0.0,0.0,0.0,0.0,0.0,9.1,2.0,2.1,0.0,3.4,0.0,1.8,0.0,0.0,0.0,,,0.0
2025,Nordeste,PB,2503753,Cajazeirinhas,Urbana,Pública,0.0,0.0,0.0,0.0,0.0,0.0,0.0,0.0,0.0,0.0,0.0,0.0,0.0,0.0,0.0,,,0.0,100.0,100.0,100.0,100.0,100.0,90.9,98.0,97.9,100.0,96.6,100.0,98.1,100.0,100.0,100.0,,,100.0,0.0,0.0,0.0,0.0,0.0,9.1,2.0,2.1,0.0,3.4,0.0,1.9,0.0,0.0,0.0,,,0.0
2025,Nordeste,PB,2503753,Cajazeirinhas,Rural,Pública,0.0,0.0,0.0,0.0,0.0,,,,,,0.0,0.0,,,,,,,100.0,100.0,100.0,100.0,100.0,,,,,,100.0,100.0,,,,,,,0.0,0.0,0.0,0.0,0.0,,,,,,0.0,0.0,,,,,,
2025,Nordeste,PB,2503803,Caldas Brandão,Total,Total,0.0,0.0,0.0,0.0,0.0,0.0,0.0,0.0,0.0,0.0,0.0,0.0,0.0,3.0,0.0,,,0.8,100.0,100.0,100.0,100.0,100.0,100.0,100.0,100.0,100.0,100.0,100.0,100.0,99.1,97.0,100.0,,,98.8,0.0,0.0,0.0,0.0,0.0,0.0,0.0,0.0,0.0,0.0,0.0,0.0,0.9,0.0,0.0,,,0.4
2025,Nordeste,PB,2503803,Caldas Brandão,Urbana,Total,0.0,0.0,0.0,0.0,0.0,0.0,0.0,0.0,0.0,0.0,0.0,0.0,0.0,3.0,0.0,,,0.8,100.0,100.0,100.0,100.0,100.0,100.0,100.0,100.0,100.0,100.0,100.0,100.0,99.1,97.0,100.0,,,98.8,0.0,0.0,0.0,0.0,0.0,0.0,0.0,0.0,0.0,0.0,0.0,0.0,0.9,0.0,0.0,,,0.4
2025,Nordeste,PB,2503803,Caldas Brandão,Rural,Total,0.0,0.0,0.0,0.0,0.0,,,,,,0.0,0.0,,,,,,,100.0,100.0,100.0,100.0,100.0,,,,,,100.0,100.0,,,,,,,0.0,0.0,0.0,0.0,0.0,,,,,,0.0,0.0,,,,,,
2025,Nordeste,PB,2503803,Caldas Brandão,Total,Estadual,,,,,,,,,,,,,0.0,3.0,0.0,,,0.8,,,,,,,,,,,,,99.1,97.0,100.0,,,98.8,,,,,,,,,,,,,0.9,0.0,0.0,,,0.4
2025,Nordeste,PB,2503803,Caldas Brandão,Urbana,Estadual,,,,,,,,,,,,,0.0,3.0,0.0,,,0.8,,,,,,,,,,,,,99.1,97.0,100.0,,,98.8,,,,,,,,,,,,,0.9,0.0,0.0,,,0.4
2025,Nordeste,PB,2503803,Caldas Brandão,Total,Municipal,0.0,0.0,0.0,0.0,0.0,0.0,0.0,0.0,0.0,0.0,0.0,0.0,,,,,,,100.0,100.0,100.0,100.0,100.0,100.0,100.0,100.0,100.0,100.0,100.0,100.0,,,,,,,0.0,0.0,0.0,0.0,0.0,0.0,0.0,0.0,0.0,0.0,0.0,0.0,,,,,,
2025,Nordeste,PB,2503803,Caldas Brandão,Urbana,Municipal,0.0,0.0,0.0,0.0,0.0,0.0,0.0,0.0,0.0,0.0,0.0,0.0,,,,,,,100.0,100.0,100.0,100.0,100.0,100.0,100.0,100.0,100.0,100.0,100.0,100.0,,,,,,,0.0,0.0,0.0,0.0,0.0,0.0,0.0,0.0,0.0,0.0,0.0,0.0,,,,,,
2025,Nordeste,PB,2503803,Caldas Brandão,Rural,Municipal,0.0,0.0,0.0,0.0,0.0,,,,,,0.0,0.0,,,,,,,100.0,100.0,100.0,100.0,100.0,,,,,,100.0,100.0,,,,,,,0.0,0.0,0.0,0.0,0.0,,,,,,0.0,0.0,,,,,,
2025,Nordeste,PB,2503803,Caldas Brandão,Total,Privada,0.0,0.0,0.0,0.0,0.0,,,,,,0.0,0.0,,,,,,,100.0,100.0,100.0,100.0,100.0,,,,,,100.0,100.0,,,,,,,0.0,0.0,0.0,0.0,0.0,,,,,,0.0,0.0,,,,,,
2025,Nordeste,PB,2503803,Caldas Brandão,Urbana,Privada,0.0,0.0,0.0,0.0,0.0,,,,,,0.0,0.0,,,,,,,100.0,100.0,100.0,100.0,100.0,,,,,,100.0,100.0,,,,,,,0.0,0.0,0.0,0.0,0.0,,,,,,0.0,0.0,,,,,,
2025,Nordeste,PB,2503803,Caldas Brandão,Total,Pública,0.0,0.0,0.0,0.0,0.0,0.0,0.0,0.0,0.0,0.0,0.0,0.0,0.0,3.0,0.0,,,0.8,100.0,100.0,100.0,100.0,100.0,100.0,100.0,100.0,100.0,100.0,100.0,100.0,99.1,97.0,100.0,,,98.8,0.0,0.0,0.0,0.0,0.0,0.0,0.0,0.0,0.0,0.0,0.0,0.0,0.9,0.0,0.0,,,0.4
2025,Nordeste,PB,2503803,Caldas Brandão,Urbana,Pública,0.0,0.0,0.0,0.0,0.0,0.0,0.0,0.0,0.0,0.0,0.0,0.0,0.0,3.0,0.0,,,0.8,100.0,100.0,100.0,100.0,100.0,100.0,100.0,100.0,100.0,100.0,100.0,100.0,99.1,97.0,100.0,,,98.8,0.0,0.0,0.0,0.0,0.0,0.0,0.0,0.0,0.0,0.0,0.0,0.0,0.9,0.0,0.0,,,0.4
2025,Nordeste,PB,2503803,Caldas Brandão,Rural,Pública,0.0,0.0,0.0,0.0,0.0,,,,,,0.0,0.0,,,,,,,100.0,100.0,100.0,100.0,100.0,,,,,,100.0,100.0,,,,,,,0.0,0.0,0.0,0.0,0.0,,,,,,0.0,0.0,,,,,,
2025,Nordeste,PB,2503902,Camalaú,Total,Total,0.0,0.0,0.0,1.0,0.0,0.0,1.2,0.0,0.0,0.2,0.2,0.3,4.4,1.2,0.0,,,2.3,100.0,100.0,100.0,99.0,100.0,96.5,85.5,92.7,100.0,93.7,99.8,97.1,95.6,98.8,100.0,,,97.7,0.0,0.0,0.0,0.0,0.0,3.5,13.3,7.3,0.0,6.1,0.0,2.6,0.0,0.0,0.0,,,0.0
2025,Nordeste,PB,2503902,Camalaú,Urbana,Total,0.0,0.0,0.0,0.0,0.0,0.0,1.2,0.0,0.0,0.2,0.0,0.1,4.4,1.2,0.0,,,2.3,100.0,100.0,100.0,100.0,100.0,96.5,85.5,92.7,100.0,93.7,100.0,96.9,95.6,98.8,100.0,,,97.7,0.0,0.0,0.0,0.0,0.0,3.5,13.3,7.3,0.0,6.1,0.0,3.0,0.0,0.0,0.0,,,0.0
2025,Nordeste,PB,2503902,Camalaú,Rural,Total,0.0,0.0,0.0,2.8,0.0,,,,,,1.0,1.0,,,,,,,100.0,100.0,100.0,97.2,100.0,,,,,,99.0,99.0,,,,,,,0.0,0.0,0.0,0.0,0.0,,,,,,0.0,0.0,,,,,,
2025,Nordeste,PB,2503902,Camalaú,Total,Estadual,,,,,,,,,,,,,4.4,1.2,0.0,,,2.3,,,,,,,,,,,,,95.6,98.8,100.0,,,97.7,,,,,,,,,,,,,0.0,0.0,0.0,,,0.0
2025,Nordeste,PB,2503902,Camalaú,Urbana,Estadual,,,,,,,,,,,,,4.4,1.2,0.0,,,2.3,,,,,,,,,,,,,95.6,98.8,100.0,,,97.7,,,,,,,,,,,,,0.0,0.0,0.0,,,0.0
2025,Nordeste,PB,2503902,Camalaú,Total,Municipal,0.0,0.0,0.0,1.0,0.0,0.0,1.2,0.0,0.0,0.2,0.2,0.3,,,,,,,100.0,100.0,100.0,99.0,100.0,96.5,85.5,92.7,100.0,93.7,99.8,97.1,,,,,,,0.0,0.0,0.0,0.0,0.0,3.5,13.3,7.3,0.0,6.1,0.0,2.6,,,,,,
2025,Nordeste,PB,2503902,Camalaú,Urbana,Municipal,0.0,0.0,0.0,0.0,0.0,0.0,1.2,0.0,0.0,0.2,0.0,0.1,,,,,,,100.0,100.0,100.0,100.0,100.0,96.5,85.5,92.7,100.0,93.7,100.0,96.9,,,,,,,0.0,0.0,0.0,0.0,0.0,3.5,13.3,7.3,0.0,6.1,0.0,3.0,,,,,,
2025,Nordeste,PB,2503902,Camalaú,Rural,Municipal,0.0,0.0,0.0,2.8,0.0,,,,,,1.0,1.0,,,,,,,100.0,100.0,100.0,97.2,100.0,,,,,,99.0,99.0,,,,,,,0.0,0.0,0.0,0.0,0.0,,,,,,0.0,0.0,,,,,,
2025,Nordeste,PB,2503902,Camalaú,Total,Pública,0.0,0.0,0.0,1.0,0.0,0.0,1.2,0.0,0.0,0.2,0.2,0.3,4.4,1.2,0.0,,,2.3,100.0,100.0,100.0,99.0,100.0,96.5,85.5,92.7,100.0,93.7,99.8,97.1,95.6,98.8,100.0,,,97.7,0.0,0.0,0.0,0.0,0.0,3.5,13.3,7.3,0.0,6.1,0.0,2.6,0.0,0.0,0.0,,,0.0
2025,Nordeste,PB,2503902,Camalaú,Urbana,Pública,0.0,0.0,0.0,0.0,0.0,0.0,1.2,0.0,0.0,0.2,0.0,0.1,4.4,1.2,0.0,,,2.3,100.0,100.0,100.0,100.0,100.0,96.5,85.5,92.7,100.0,93.7,100.0,96.9,95.6,98.8,100.0,,,97.7,0.0,0.0,0.0,0.0,0.0,3.5,13.3,7.3,0.0,6.1,0.0,3.0,0.0,0.0,0.0,,,0.0
2025,Nordeste,PB,2503902,Camalaú,Rural,Pública,0.0,0.0,0.0,2.8,0.0,,,,,,1.0,1.0,,,,,,,100.0,100.0,100.0,97.2,100.0,,,,,,99.0,99.0,,,,,,,0.0,0.0,0.0,0.0,0.0,,,,,,0.0,0.0,,,,,,
2025,Nordeste,PB,2504009,Campina Grande,Total,Total,0.2,0.2,0.2,0.2,0.1,1.6,1.8,1.3,1.1,1.4,0.2,0.7,4.1,2.2,1.2,,,2.7,99.4,99.3,99.1,99.2,99.4,94.4,95.0,96.0,97.4,95.7,99.3,97.7,92.2,95.7,98.1,,,95.0,0.4,0.5,0.7,0.6,0.5,4.0,3.2,2.7,1.5,2.9,0.5,1.6,3.7,2.1,0.7,,,2.3
2025,Nordeste,PB,2504009,Campina Grande,Urbana,Total,0.2,0.2,0.2,0.1,0.2,1.5,1.8,1.2,1.0,1.4,0.2,0.7,3.9,2.0,1.0,,,2.5,99.4,99.3,99.2,99.3,99.4,94.9,95.2,96.1,97.5,95.9,99.3,97.8,92.4,96.0,98.3,,,95.2,0.4,0.5,0.6,0.6,0.4,3.6,3.0,2.7,1.5,2.7,0.5,1.5,3.7,2.0,0.7,,,2.3
2025,Nordeste,PB,2504009,Campina Grande,Rural,Total,0.0,0.0,0.0,0.0,0.0,1.2,2.4,2.2,3.1,2.2,0.0,0.9,6.6,6.1,4.4,,,5.9,100.0,99.4,97.8,98.4,97.7,87.8,92.0,94.9,94.5,92.0,98.7,95.9,89.2,90.0,95.0,,,90.9,0.0,0.6,2.2,1.6,2.3,11.0,5.6,2.9,2.4,5.8,1.3,3.2,4.2,3.9,0.6,,,3.2
2025,Nordeste,PB,2504009,Campina Grande,Total,Federal,,,,,,,,,,,,,4.2,1.2,0.3,,,2.1,,,,,,,,,,,,,89.4,94.1,99.1,,,93.8,,,,,,,,,,,,,6.4,4.7,0.6,,,4.1
2025,Nordeste,PB,2504009,Campina Grande,Urbana,Federal,,,,,,,,,,,,,4.2,1.2,0.3,,,2.1,,,,,,,,,,,,,89.4,94.1,99.1,,,93.8,,,,,,,,,,,,,6.4,4.7,0.6,,,4.1
2025,Nordeste,PB,2504009,Campina Grande,Total,Estadual,0.0,0.0,0.0,0.0,0.4,3.3,4.2,2.9,2.2,3.1,0.1,2.8,5.3,3.2,1.7,,,3.6,100.0,99.5,100.0,100.0,98.6,93.1,93.5,95.0,96.3,94.6,99.6,95.1,91.6,95.1,97.7,,,94.4,0.0,0.5,0.0,0.0,1.0,3.6,2.3,2.1,1.5,2.3,0.3,2.1,3.1,1.7,0.6,,,2.0
2025,Nordeste,PB,2504009,Campina Grande,Urbana,Estadual,0.0,0.0,0.0,0.0,0.4,3.3,4.2,2.7,2.1,3.0,0.1,2.7,5.2,3.0,1.5,,,3.5,100.0,99.5,100.0,100.0,98.6,93.3,93.9,95.3,96.6,94.9,99.6,95.4,91.8,95.5,97.9,,,94.6,0.0,0.5,0.0,0.0,1.0,3.4,1.9,2.0,1.3,2.1,0.3,1.9,3.0,1.5,0.6,,,1.9
2025,Nordeste,PB,2504009,Campina Grande,Rural,Estadual,,,,,,2.2,4.2,5.6,3.5,4.1,,4.1,6.6,6.1,4.4,,,5.9,,,,,,89.8,88.9,91.1,92.1,90.4,,90.4,89.2,90.0,95.0,,,90.9,,,,,,8.0,6.9,3.3,4.4,5.5,,5.5,4.2,3.9,0.6,,,3.2
2025,Nordeste,PB,2504009,Campina Grande,Total,Municipal,0.2,0.2,0.3,0.3,0.0,1.6,1.4,0.9,0.8,1.3,0.2,0.5,,,,,,,99.6,99.1,98.7,98.8,99.5,92.2,92.6,95.1,98.5,94.1,99.1,97.5,,,,,,,0.2,0.7,1.0,0.9,0.5,6.2,6.0,4.0,0.7,4.6,0.7,2.0,,,,,,
2025,Nordeste,PB,2504009,Campina Grande,Urbana,Municipal,0.3,0.3,0.2,0.3,0.0,1.7,1.5,1.0,0.6,1.2,0.2,0.5,,,,,,,99.5,99.0,98.9,98.9,99.7,92.8,92.4,94.8,98.7,94.3,99.2,97.6,,,,,,,0.2,0.7,0.9,0.8,0.3,5.5,6.1,4.2,0.7,4.5,0.6,1.9,,,,,,
2025,Nordeste,PB,2504009,Campina Grande,Rural,Municipal,0.0,0.0,0.0,0.0,0.0,0.8,1.0,0.0,2.9,1.0,0.0,0.3,,,,,,,100.0,99.4,97.8,98.4,97.7,87.2,94.3,97.4,96.4,93.0,98.7,96.9,,,,,,,0.0,0.6,2.2,1.6,2.3,12.0,4.7,2.6,0.7,6.0,1.3,2.8,,,,,,
2025,Nordeste,PB,2504009,Campina Grande,Total,Privada,0.2,0.1,0.1,0.0,0.3,0.1,0.2,0.1,0.2,0.2,0.1,0.1,0.2,0.1,0.3,,,0.2,99.2,99.6,99.6,99.7,99.3,98.3,98.5,97.7,97.6,98.0,99.5,98.9,95.2,97.7,98.7,,,97.1,0.6,0.3,0.3,0.3,0.4,1.6,1.3,2.2,2.2,1.8,0.4,1.0,4.6,2.2,1.0,,,2.7
2025,Nordeste,PB,2504009,Campina Grande,Urbana,Privada,0.2,0.1,0.1,0.0,0.3,0.1,0.2,0.1,0.2,0.2,0.1,0.1,0.2,0.1,0.3,,,0.2,99.2,99.6,99.6,99.7,99.3,98.3,98.5,97.7,97.6,98.0,99.5,98.9,95.2,97.7,98.7,,,97.1,0.6,0.3,0.3,0.3,0.4,1.6,1.3,2.2,2.2,1.8,0.4,1.0,4.6,2.2,1.0,,,2.7
2025,Nordeste,PB,2504009,Campina Grande,Total,Pública,0.2,0.2,0.2,0.3,0.0,2.3,2.8,1.9,1.7,2.1,0.1,1.1,5.2,3.0,1.5,,,3.5,99.6,99.1,98.8,98.9,99.4,92.5,93.0,95.1,97.2,94.4,99.2,96.9,91.4,95.0,97.9,,,94.3,0.2,0.7,1.0,0.8,0.6,5.2,4.2,3.0,1.1,3.5,0.7,2.0,3.4,2.0,0.6,,,2.2
2025,Nordeste,PB,2504009,Campina Grande,Urbana,Pública,0.2,0.3,0.3,0.3,0.0,2.4,2.8,1.9,1.4,2.1,0.2,1.1,5.0,2.7,1.3,,,3.3,99.6,99.0,98.9,99.0,99.6,93.0,93.1,95.1,97.5,94.6,99.2,97.0,91.6,95.4,98.1,,,94.6,0.2,0.7,0.8,0.7,0.4,4.6,4.1,3.0,1.1,3.3,0.6,1.9,3.4,1.9,0.6,,,2.1
2025,Nordeste,PB,2504009,Campina Grande,Rural,Pública,0.0,0.0,0.0,0.0,0.0,1.2,2.4,2.2,3.1,2.2,0.0,0.9,6.6,6.1,4.4,,,5.9,100.0,99.4,97.8,98.4,97.7,87.8,92.0,94.9,94.5,92.0,98.7,95.9,89.2,90.0,95.0,,,90.9,0.0,0.6,2.2,1.6,2.3,11.0,5.6,2.9,2.4,5.8,1.3,3.2,4.2,3.9,0.6,,,3.2
2025,Nordeste,PB,2504033,Capim,Total,Total,0.0,0.0,2.2,0.9,0.8,0.0,0.0,5.0,0.0,1.2,0.8,1.0,13.7,3.8,0.0,,,8.0,100.0,100.0,97.1,98.3,96.9,96.6,96.2,91.0,100.0,95.9,98.4,97.4,78.4,95.3,100.0,,,87.9,0.0,0.0,0.7,0.8,2.3,3.4,3.8,4.0,0.0,2.9,0.8,1.6,7.9,0.9,0.0,,,4.1
2025,Nordeste,PB,2504033,Capim,Urbana,Total,0.0,0.0,2.3,0.9,0.8,0.0,0.0,5.1,0.0,1.2,0.9,1.0,13.7,3.8,0.0,,,8.0,100.0,100.0,96.9,98.2,96.7,96.4,96.1,90.9,100.0,95.8,98.2,97.2,78.4,95.3,100.0,,,87.9,0.0,0.0,0.8,0.9,2.5,3.6,3.9,4.0,0.0,3.0,0.9,1.8,7.9,0.9,0.0,,,4.1
2025,Nordeste,PB,2504033,Capim,Rural,Total,0.0,0.0,0.0,0.0,0.0,0.0,0.0,0.0,0.0,0.0,0.0,0.0,,,,,,,100.0,100.0,100.0,100.0,100.0,100.0,100.0,100.0,100.0,100.0,100.0,100.0,,,,,,,0.0,0.0,0.0,0.0,0.0,0.0,0.0,0.0,0.0,0.0,0.0,0.0,,,,,,
2025,Nordeste,PB,2504033,Capim,Total,Estadual,,,,,,,,,,,,,13.7,3.8,0.0,,,8.0,,,,,,,,,,,,,78.4,95.3,100.0,,,87.9,,,,,,,,,,,,,7.9,0.9,0.0,,,4.1
2025,Nordeste,PB,2504033,Capim,Urbana,Estadual,,,,,,,,,,,,,13.7,3.8,0.0,,,8.0,,,,,,,,,,,,,78.4,95.3,100.0,,,87.9,,,,,,,,,,,,,7.9,0.9,0.0,,,4.1
2025,Nordeste,PB,2504033,Capim,Total,Municipal,0.0,0.0,2.6,1.0,0.9,0.0,0.0,5.1,0.0,1.2,1.0,1.1,,,,,,,100.0,100.0,96.6,98.0,96.5,96.3,96.0,90.9,100.0,95.8,98.1,97.1,,,,,,,0.0,0.0,0.8,1.0,2.6,3.7,4.0,4.0,0.0,3.0,0.9,1.8,,,,,,
2025,Nordeste,PB,2504033,Capim,Urbana,Municipal,0.0,0.0,2.6,1.0,0.9,0.0,0.0,5.1,0.0,1.2,1.0,1.1,,,,,,,100.0,100.0,96.6,98.0,96.5,96.3,96.0,90.9,100.0,95.8,98.0,97.0,,,,,,,0.0,0.0,0.8,1.0,2.6,3.7,4.0,4.0,0.0,3.0,1.0,1.9,,,,,,
2025,Nordeste,PB,2504033,Capim,Rural,Municipal,0.0,,,,,,,,,,0.0,0.0,,,,,,,100.0,,,,,,,,,,100.0,100.0,,,,,,,0.0,,,,,,,,,,0.0,0.0,,,,,,
2025,Nordeste,PB,2504033,Capim,Total,Privada,0.0,0.0,0.0,0.0,0.0,0.0,0.0,0.0,0.0,0.0,0.0,0.0,,,,,,,100.0,100.0,100.0,100.0,100.0,100.0,100.0,100.0,100.0,100.0,100.0,100.0,,,,,,,0.0,0.0,0.0,0.0,0.0,0.0,0.0,0.0,0.0,0.0,0.0,0.0,,,,,,
2025,Nordeste,PB,2504033,Capim,Urbana,Privada,0.0,0.0,0.0,0.0,0.0,0.0,0.0,,,0.0,0.0,0.0,,,,,,,100.0,100.0,100.0,100.0,100.0,100.0,100.0,,,100.0,100.0,100.0,,,,,,,0.0,0.0,0.0,0.0,0.0,0.0,0.0,,,0.0,0.0,0.0,,,,,,
2025,Nordeste,PB,2504033,Capim,Rural,Privada,0.0,0.0,0.0,0.0,0.0,0.0,0.0,0.0,0.0,0.0,0.0,0.0,,,,,,,100.0,100.0,100.0,100.0,100.0,100.0,100.0,100.0,100.0,100.0,100.0,100.0,,,,,,,0.0,0.0,0.0,0.0,0.0,0.0,0.0,0.0,0.0,0.0,0.0,0.0,,,,,,
2025,Nordeste,PB,2504033,Capim,Total,Pública,0.0,0.0,2.6,1.0,0.9,0.0,0.0,5.1,0.0,1.2,1.0,1.1,13.7,3.8,0.0,,,8.0,100.0,100.0,96.6,98.0,96.5,96.3,96.0,90.9,100.0,95.8,98.1,97.1,78.4,95.3,100.0,,,87.9,0.0,0.0,0.8,1.0,2.6,3.7,4.0,4.0,0.0,3.0,0.9,1.8,7.9,0.9,0.0,,,4.1
2025,Nordeste,PB,2504033,Capim,Urbana,Pública,0.0,0.0,2.6,1.0,0.9,0.0,0.0,5.1,0.0,1.2,1.0,1.1,13.7,3.8,0.0,,,8.0,100.0,100.0,96.6,98.0,96.5,96.3,96.0,90.9,100.0,95.8,98.0,97.0,78.4,95.3,100.0,,,87.9,0.0,0.0,0.8,1.0,2.6,3.7,4.0,4.0,0.0,3.0,1.0,1.9,7.9,0.9,0.0,,,4.1
2025,Nordeste,PB,2504033,Capim,Rural,Pública,0.0,,,,,,,,,,0.0,0.0,,,,,,,100.0,,,,,,,,,,100.0,100.0,,,,,,,0.0,,,,,,,,,,0.0,0.0,,,,,,
2025,Nordeste,PB,2504074,Caraúbas,Total,Total,0.0,0.0,0.0,0.0,0.0,1.3,1.7,0.0,0.0,0.8,0.0,0.4,5.8,2.7,0.0,,,3.4,100.0,100.0,100.0,100.0,100.0,96.1,95.0,100.0,100.0,97.6,100.0,98.8,94.2,97.3,100.0,,,96.6,0.0,0.0,0.0,0.0,0.0,2.6,3.3,0.0,0.0,1.6,0.0,0.8,0.0,0.0,0.0,,,0.0
2025,Nordeste,PB,2504074,Caraúbas,Urbana,Total,0.0,0.0,0.0,0.0,0.0,1.6,2.1,0.0,0.0,1.1,0.0,0.6,5.8,2.7,0.0,,,3.4,100.0,100.0,100.0,100.0,100.0,96.8,93.6,100.0,100.0,97.3,100.0,98.5,94.2,97.3,100.0,,,96.6,0.0,0.0,0.0,0.0,0.0,1.6,4.3,0.0,0.0,1.6,0.0,0.9,0.0,0.0,0.0,,,0.0
2025,Nordeste,PB,2504074,Caraúbas,Rural,Total,0.0,0.0,0.0,0.0,0.0,0.0,0.0,0.0,0.0,0.0,0.0,0.0,,,,,,,100.0,100.0,100.0,100.0,100.0,92.9,100.0,100.0,100.0,98.4,100.0,99.4,,,,,,,0.0,0.0,0.0,0.0,0.0,7.1,0.0,0.0,0.0,1.6,0.0,0.6,,,,,,
2025,Nordeste,PB,2504074,Caraúbas,Total,Estadual,,,,,,,,,,,,,5.8,2.7,0.0,,,3.4,,,,,,,,,,,,,94.2,97.3,100.0,,,96.6,,,,,,,,,,,,,0.0,0.0,0.0,,,0.0
2025,Nordeste,PB,2504074,Caraúbas,Urbana,Estadual,,,,,,,,,,,,,5.8,2.7,0.0,,,3.4,,,,,,,,,,,,,94.2,97.3,100.0,,,96.6,,,,,,,,,,,,,0.0,0.0,0.0,,,0.0
2025,Nordeste,PB,2504074,Caraúbas,Total,Municipal,0.0,0.0,0.0,0.0,0.0,1.3,1.7,0.0,0.0,0.8,0.0,0.4,,,,,,,100.0,100.0,100.0,100.0,100.0,96.1,95.0,100.0,100.0,97.6,100.0,98.8,,,,,,,0.0,0.0,0.0,0.0,0.0,2.6,3.3,0.0,0.0,1.6,0.0,0.8,,,,,,
2025,Nordeste,PB,2504074,Caraúbas,Urbana,Municipal,0.0,0.0,0.0,0.0,0.0,1.6,2.1,0.0,0.0,1.1,0.0,0.6,,,,,,,100.0,100.0,100.0,100.0,100.0,96.8,93.6,100.0,100.0,97.3,100.0,98.5,,,,,,,0.0,0.0,0.0,0.0,0.0,1.6,4.3,0.0,0.0,1.6,0.0,0.9,,,,,,
2025,Nordeste,PB,2504074,Caraúbas,Rural,Municipal,0.0,0.0,0.0,0.0,0.0,0.0,0.0,0.0,0.0,0.0,0.0,0.0,,,,,,,100.0,100.0,100.0,100.0,100.0,92.9,100.0,100.0,100.0,98.4,100.0,99.4,,,,,,,0.0,0.0,0.0,0.0,0.0,7.1,0.0,0.0,0.0,1.6,0.0,0.6,,,,,,
2025,Nordeste,PB,2504074,Caraúbas,Total,Pública,0.0,0.0,0.0,0.0,0.0,1.3,1.7,0.0,0.0,0.8,0.0,0.4,5.8,2.7,0.0,,,3.4,100.0,100.0,100.0,100.0,100.0,96.1,95.0,100.0,100.0,97.6,100.0,98.8,94.2,97.3,100.0,,,96.6,0.0,0.0,0.0,0.0,0.0,2.6,3.3,0.0,0.0,1.6,0.0,0.8,0.0,0.0,0.0,,,0.0
2025,Nordeste,PB,2504074,Caraúbas,Urbana,Pública,0.0,0.0,0.0,0.0,0.0,1.6,2.1,0.0,0.0,1.1,0.0,0.6,5.8,2.7,0.0,,,3.4,100.0,100.0,100.0,100.0,100.0,96.8,93.6,100.0,100.0,97.3,100.0,98.5,94.2,97.3,100.0,,,96.6,0.0,0.0,0.0,0.0,0.0,1.6,4.3,0.0,0.0,1.6,0.0,0.9,0.0,0.0,0.0,,,0.0
2025,Nordeste,PB,2504074,Caraúbas,Rural,Pública,0.0,0.0,0.0,0.0,0.0,0.0,0.0,0.0,0.0,0.0,0.0,0.0,,,,,,,100.0,100.0,100.0,100.0,100.0,92.9,100.0,100.0,100.0,98.4,100.0,99.4,,,,,,,0.0,0.0,0.0,0.0,0.0,7.1,0.0,0.0,0.0,1.6,0.0,0.6,,,,,,
2025,Nordeste,PB,2504108,Carrapateira,Total,Total,0.0,0.0,0.0,0.0,0.0,0.0,0.0,0.0,0.0,0.0,0.0,0.0,0.0,0.0,0.0,,,0.0,95.6,100.0,95.5,100.0,100.0,97.1,93.8,100.0,90.0,95.5,98.3,97.1,100.0,100.0,100.0,,,100.0,4.4,0.0,4.5,0.0,0.0,2.9,6.2,0.0,10.0,4.5,1.7,2.9,0.0,0.0,0.0,,,0.0
2025,Nordeste,PB,2504108,Carrapateira,Urbana,Total,0.0,0.0,0.0,0.0,0.0,0.0,0.0,0.0,0.0,0.0,0.0,0.0,0.0,0.0,0.0,,,0.0,95.6,100.0,95.5,100.0,100.0,97.1,93.8,100.0,90.0,95.5,98.3,97.1,100.0,100.0,100.0,,,100.0,4.4,0.0,4.5,0.0,0.0,2.9,6.2,0.0,10.0,4.5,1.7,2.9,0.0,0.0,0.0,,,0.0
2025,Nordeste,PB,2504108,Carrapateira,Total,Estadual,,,,,,,,,,,,,0.0,0.0,0.0,,,0.0,,,,,,,,,,,,,100.0,100.0,100.0,,,100.0,,,,,,,,,,,,,0.0,0.0,0.0,,,0.0
2025,Nordeste,PB,2504108,Carrapateira,Urbana,Estadual,,,,,,,,,,,,,0.0,0.0,0.0,,,0.0,,,,,,,,,,,,,100.0,100.0,100.0,,,100.0,,,,,,,,,,,,,0.0,0.0,0.0,,,0.0
2025,Nordeste,PB,2504108,Carrapateira,Total,Municipal,0.0,0.0,0.0,0.0,0.0,0.0,0.0,0.0,0.0,0.0,0.0,0.0,,,,,,,95.6,100.0,95.5,100.0,100.0,97.1,93.8,100.0,90.0,95.5,98.3,97.1,,,,,,,4.4,0.0,4.5,0.0,0.0,2.9,6.2,0.0,10.0,4.5,1.7,2.9,,,,,,
2025,Nordeste,PB,2504108,Carrapateira,Urbana,Municipal,0.0,0.0,0.0,0.0,0.0,0.0,0.0,0.0,0.0,0.0,0.0,0.0,,,,,,,95.6,100.0,95.5,100.0,100.0,97.1,93.8,100.0,90.0,95.5,98.3,97.1,,,,,,,4.4,0.0,4.5,0.0,0.0,2.9,6.2,0.0,10.0,4.5,1.7,2.9,,,,,,
2025,Nordeste,PB,2504108,Carrapateira,Total,Pública,0.0,0.0,0.0,0.0,0.0,0.0,0.0,0.0,0.0,0.0,0.0,0.0,0.0,0.0,0.0,,,0.0,95.6,100.0,95.5,100.0,100.0,97.1,93.8,100.0,90.0,95.5,98.3,97.1,100.0,100.0,100.0,,,100.0,4.4,0.0,4.5,0.0,0.0,2.9,6.2,0.0,10.0,4.5,1.7,2.9,0.0,0.0,0.0,,,0.0
2025,Nordeste,PB,2504108,Carrapateira,Urbana,Pública,0.0,0.0,0.0,0.0,0.0,0.0,0.0,0.0,0.0,0.0,0.0,0.0,0.0,0.0,0.0,,,0.0,95.6,100.0,95.5,100.0,100.0,97.1,93.8,100.0,90.0,95.5,98.3,97.1,100.0,100.0,100.0,,,100.0,4.4,0.0,4.5,0.0,0.0,2.9,6.2,0.0,10.0,4.5,1.7,2.9,0.0,0.0,0.0,,,0.0
2025,Nordeste,PB,2504157,Casserengue,Total,Total,0.0,0.0,0.0,1.2,1.2,1.0,1.0,1.8,1.9,1.5,0.4,0.9,15.4,6.3,1.6,,,8.6,100.0,100.0,96.2,94.4,95.3,91.6,88.0,94.6,97.1,92.9,97.3,95.3,82.5,88.4,98.4,,,88.7,0.0,0.0,3.8,4.4,3.5,7.4,11.0,3.6,1.0,5.6,2.3,3.8,2.1,5.3,0.0,,,2.7
2025,Nordeste,PB,2504157,Casserengue,Urbana,Total,0.0,0.0,0.0,0.0,1.6,1.0,1.2,2.1,2.6,1.7,0.3,1.0,15.4,6.3,1.6,,,8.6,100.0,100.0,94.4,93.4,95.1,91.6,87.2,94.8,96.1,92.4,96.7,94.5,82.5,88.4,98.4,,,88.7,0.0,0.0,5.6,6.6,3.3,7.4,11.6,3.1,1.3,5.9,3.0,4.5,2.1,5.3,0.0,,,2.7
2025,Nordeste,PB,2504157,Casserengue,Rural,Total,0.0,0.0,0.0,3.4,0.0,,0.0,0.0,0.0,0.0,0.7,0.5,,,,,,,100.0,100.0,100.0,96.6,96.0,,92.9,92.9,100.0,96.3,98.6,98.0,,,,,,,0.0,0.0,0.0,0.0,4.0,,7.1,7.1,0.0,3.7,0.7,1.5,,,,,,
2025,Nordeste,PB,2504157,Casserengue,Total,Estadual,,,,,,,,,,,,,15.4,6.3,1.6,,,8.6,,,,,,,,,,,,,82.5,88.4,98.4,,,88.7,,,,,,,,,,,,,2.1,5.3,0.0,,,2.7
2025,Nordeste,PB,2504157,Casserengue,Urbana,Estadual,,,,,,,,,,,,,15.4,6.3,1.6,,,8.6,,,,,,,,,,,,,82.5,88.4,98.4,,,88.7,,,,,,,,,,,,,2.1,5.3,0.0,,,2.7
2025,Nordeste,PB,2504157,Casserengue,Total,Municipal,0.0,0.0,0.0,1.2,1.2,1.0,1.0,1.8,1.9,1.5,0.4,0.9,,,,,,,100.0,100.0,96.2,94.4,95.3,91.6,88.0,94.6,97.1,92.9,97.3,95.3,,,,,,,0.0,0.0,3.8,4.4,3.5,7.4,11.0,3.6,1.0,5.6,2.3,3.8,,,,,,
2025,Nordeste,PB,2504157,Casserengue,Urbana,Municipal,0.0,0.0,0.0,0.0,1.6,1.0,1.2,2.1,2.6,1.7,0.3,1.0,,,,,,,100.0,100.0,94.4,93.4,95.1,91.6,87.2,94.8,96.1,92.4,96.7,94.5,,,,,,,0.0,0.0,5.6,6.6,3.3,7.4,11.6,3.1,1.3,5.9,3.0,4.5,,,,,,
2025,Nordeste,PB,2504157,Casserengue,Rural,Municipal,0.0,0.0,0.0,3.4,0.0,,0.0,0.0,0.0,0.0,0.7,0.5,,,,,,,100.0,100.0,100.0,96.6,96.0,,92.9,92.9,100.0,96.3,98.6,98.0,,,,,,,0.0,0.0,0.0,0.0,4.0,,7.1,7.1,0.0,3.7,0.7,1.5,,,,,,
2025,Nordeste,PB,2504157,Casserengue,Total,Pública,0.0,0.0,0.0,1.2,1.2,1.0,1.0,1.8,1.9,1.5,0.4,0.9,15.4,6.3,1.6,,,8.6,100.0,100.0,96.2,94.4,95.3,91.6,88.0,94.6,97.1,92.9,97.3,95.3,82.5,88.4,98.4,,,88.7,0.0,0.0,3.8,4.4,3.5,7.4,11.0,3.6,1.0,5.6,2.3,3.8,2.1,5.3,0.0,,,2.7
2025,Nordeste,PB,2504157,Casserengue,Urbana,Pública,0.0,0.0,0.0,0.0,1.6,1.0,1.2,2.1,2.6,1.7,0.3,1.0,15.4,6.3,1.6,,,8.6,100.0,100.0,94.4,93.4,95.1,91.6,87.2,94.8,96.1,92.4,96.7,94.5,82.5,88.4,98.4,,,88.7,0.0,0.0,5.6,6.6,3.3,7.4,11.6,3.1,1.3,5.9,3.0,4.5,2.1,5.3,0.0,,,2.7
2025,Nordeste,PB,2504157,Casserengue,Rural,Pública,0.0,0.0,0.0,3.4,0.0,,0.0,0.0,0.0,0.0,0.7,0.5,,,,,,,100.0,100.0,100.0,96.6,96.0,,92.9,92.9,100.0,96.3,98.6,98.0,,,,,,,0.0,0.0,0.0,0.0,4.0,,7.1,7.1,0.0,3.7,0.7,1.5,,,,,,
2025,Nordeste,PB,2504207,Catingueira,Total,Total,0.0,0.0,0.0,0.0,0.0,0.0,0.0,0.0,0.0,0.0,0.0,0.0,7.3,0.0,3.1,,,3.6,100.0,100.0,96.6,92.1,93.8,85.3,90.2,91.9,100.0,91.4,96.5,94.2,92.7,100.0,96.9,,,96.4,0.0,0.0,3.4,7.9,6.2,14.7,9.8,8.1,0.0,8.6,3.5,5.8,0.0,0.0,0.0,,,0.0
2025,Nordeste,PB,2504207,Catingueira,Urbana,Total,0.0,0.0,0.0,0.0,0.0,0.0,0.0,0.0,0.0,0.0,0.0,0.0,7.3,0.0,3.1,,,3.6,100.0,100.0,98.0,92.1,93.8,85.3,90.2,91.9,100.0,91.4,96.7,94.2,92.7,100.0,96.9,,,96.4,0.0,0.0,2.0,7.9,6.2,14.7,9.8,8.1,0.0,8.6,3.3,5.8,0.0,0.0,0.0,,,0.0
2025,Nordeste,PB,2504207,Catingueira,Rural,Total,0.0,0.0,0.0,,,,,,,,0.0,0.0,,,,,,,100.0,100.0,88.9,,,,,,,,93.8,93.8,,,,,,,0.0,0.0,11.1,,,,,,,,6.2,6.2,,,,,,
2025,Nordeste,PB,2504207,Catingueira,Total,Estadual,,,,,,,,,,,,,7.3,0.0,3.1,,,3.6,,,,,,,,,,,,,92.7,100.0,96.9,,,96.4,,,,,,,,,,,,,0.0,0.0,0.0,,,0.0
2025,Nordeste,PB,2504207,Catingueira,Urbana,Estadual,,,,,,,,,,,,,7.3,0.0,3.1,,,3.6,,,,,,,,,,,,,92.7,100.0,96.9,,,96.4,,,,,,,,,,,,,0.0,0.0,0.0,,,0.0
2025,Nordeste,PB,2504207,Catingueira,Total,Municipal,0.0,0.0,0.0,0.0,0.0,0.0,0.0,0.0,0.0,0.0,0.0,0.0,,,,,,,100.0,100.0,96.6,92.1,93.8,85.3,90.2,91.9,100.0,91.4,96.5,94.2,,,,,,,0.0,0.0,3.4,7.9,6.2,14.7,9.8,8.1,0.0,8.6,3.5,5.8,,,,,,
2025,Nordeste,PB,2504207,Catingueira,Urbana,Municipal,0.0,0.0,0.0,0.0,0.0,0.0,0.0,0.0,0.0,0.0,0.0,0.0,,,,,,,100.0,100.0,98.0,92.1,93.8,85.3,90.2,91.9,100.0,91.4,96.7,94.2,,,,,,,0.0,0.0,2.0,7.9,6.2,14.7,9.8,8.1,0.0,8.6,3.3,5.8,,,,,,
2025,Nordeste,PB,2504207,Catingueira,Rural,Municipal,0.0,0.0,0.0,,,,,,,,0.0,0.0,,,,,,,100.0,100.0,88.9,,,,,,,,93.8,93.8,,,,,,,0.0,0.0,11.1,,,,,,,,6.2,6.2,,,,,,
2025,Nordeste,PB,2504207,Catingueira,Total,Pública,0.0,0.0,0.0,0.0,0.0,0.0,0.0,0.0,0.0,0.0,0.0,0.0,7.3,0.0,3.1,,,3.6,100.0,100.0,96.6,92.1,93.8,85.3,90.2,91.9,100.0,91.4,96.5,94.2,92.7,100.0,96.9,,,96.4,0.0,0.0,3.4,7.9,6.2,14.7,9.8,8.1,0.0,8.6,3.5,5.8,0.0,0.0,0.0,,,0.0
2025,Nordeste,PB,2504207,Catingueira,Urbana,Pública,0.0,0.0,0.0,0.0,0.0,0.0,0.0,0.0,0.0,0.0,0.0,0.0,7.3,0.0,3.1,,,3.6,100.0,100.0,98.0,92.1,93.8,85.3,90.2,91.9,100.0,91.4,96.7,94.2,92.7,100.0,96.9,,,96.4,0.0,0.0,2.0,7.9,6.2,14.7,9.8,8.1,0.0,8.6,3.3,5.8,0.0,0.0,0.0,,,0.0
2025,Nordeste,PB,2504207,Catingueira,Rural,Pública,0.0,0.0,0.0,,,,,,,,0.0,0.0,,,,,,,100.0,100.0,88.9,,,,,,,,93.8,93.8,,,,,,,0.0,0.0,11.1,,,,,,,,6.2,6.2,,,,,,
2025,Nordeste,PB,2504306,Catolé do Rocha,Total,Total,0.0,0.0,0.0,0.0,0.0,0.0,0.0,0.0,0.0,0.0,0.0,0.0,0.2,0.2,0.0,,,0.2,100.0,100.0,100.0,100.0,100.0,95.0,96.2,97.7,99.5,97.0,100.0,98.6,97.6,98.2,99.5,,,98.3,0.0,0.0,0.0,0.0,0.0,5.0,3.8,2.3,0.5,3.0,0.0,1.4,2.2,1.6,0.5,,,1.5
2025,Nordeste,PB,2504306,Catolé do Rocha,Urbana,Total,0.0,0.0,0.0,0.0,0.0,0.0,0.0,0.0,0.0,0.0,0.0,0.0,0.1,0.2,0.0,,,0.1,100.0,100.0,100.0,100.0,100.0,95.2,96.1,97.6,99.4,97.0,100.0,98.6,97.6,98.2,99.5,,,98.3,0.0,0.0,0.0,0.0,0.0,4.8,3.9,2.4,0.6,3.0,0.0,1.4,2.3,1.6,0.5,,,1.6
2025,Nordeste,PB,2504306,Catolé do Rocha,Rural,Total,0.0,0.0,0.0,0.0,0.0,0.0,0.0,0.0,0.0,0.0,0.0,0.0,0.0,,,,,0.0,100.0,100.0,100.0,100.0,100.0,90.9,100.0,100.0,100.0,97.5,100.0,99.4,100.0,,,,,100.0,0.0,0.0,0.0,0.0,0.0,9.1,0.0,0.0,0.0,2.5,0.0,0.6,0.0,,,,,0.0
2025,Nordeste,PB,2504306,Catolé do Rocha,Total,Federal,,,,,,,,,,,,,0.6,0.6,0.0,,,0.3,,,,,,,,,,,,,97.9,98.3,99.3,,,98.5,,,,,,,,,,,,,1.5,1.1,0.7,,,1.2
2025,Nordeste,PB,2504306,Catolé do Rocha,Urbana,Federal,,,,,,,,,,,,,0.6,0.6,0.0,,,0.3,,,,,,,,,,,,,97.9,98.3,99.3,,,98.5,,,,,,,,,,,,,1.5,1.1,0.7,,,1.2
2025,Nordeste,PB,2504306,Catolé do Rocha,Total,Estadual,,,,,,0.0,0.0,0.0,0.0,0.0,,0.0,0.0,0.0,0.0,,,0.0,,,,,,90.9,100.0,100.0,100.0,97.5,,97.5,97.6,99.1,100.0,,,98.7,,,,,,9.1,0.0,0.0,0.0,2.5,,2.5,2.4,0.9,0.0,,,1.3
2025,Nordeste,PB,2504306,Catolé do Rocha,Urbana,Estadual,,,,,,,,,,,,,0.0,0.0,0.0,,,0.0,,,,,,,,,,,,,97.4,99.1,100.0,,,98.6,,,,,,,,,,,,,2.6,0.9,0.0,,,1.4
2025,Nordeste,PB,2504306,Catolé do Rocha,Rural,Estadual,,,,,,0.0,0.0,0.0,0.0,0.0,,0.0,0.0,,,,,0.0,,,,,,90.9,100.0,100.0,100.0,97.5,,97.5,100.0,,,,,100.0,,,,,,9.1,0.0,0.0,0.0,2.5,,2.5,0.0,,,,,0.0
2025,Nordeste,PB,2504306,Catolé do Rocha,Total,Municipal,0.0,0.0,0.0,0.0,0.0,0.0,0.0,0.0,0.0,0.0,0.0,0.0,,,,,,,100.0,100.0,100.0,100.0,100.0,93.5,94.7,97.5,99.2,96.0,100.0,98.2,,,,,,,0.0,0.0,0.0,0.0,0.0,6.5,5.3,2.5,0.8,4.0,0.0,1.8,,,,,,
2025,Nordeste,PB,2504306,Catolé do Rocha,Urbana,Municipal,0.0,0.0,0.0,0.0,0.0,0.0,0.0,0.0,0.0,0.0,0.0,0.0,,,,,,,100.0,100.0,100.0,100.0,100.0,93.5,94.7,97.5,99.2,96.0,100.0,98.0,,,,,,,0.0,0.0,0.0,0.0,0.0,6.5,5.3,2.5,0.8,4.0,0.0,2.0,,,,,,
2025,Nordeste,PB,2504306,Catolé do Rocha,Rural,Municipal,0.0,0.0,0.0,0.0,0.0,,,,,,0.0,0.0,,,,,,,100.0,100.0,100.0,100.0,100.0,,,,,,100.0,100.0,,,,,,,0.0,0.0,0.0,0.0,0.0,,,,,,0.0,0.0,,,,,,
2025,Nordeste,PB,2504306,Catolé do Rocha,Total,Privada,0.0,0.0,0.0,0.0,0.0,0.0,0.0,0.0,0.0,0.0,0.0,0.0,0.0,0.0,0.0,,,0.0,100.0,100.0,100.0,100.0,100.0,99.3,100.0,97.9,100.0,99.2,100.0,99.7,97.2,96.1,98.6,,,97.2,0.0,0.0,0.0,0.0,0.0,0.7,0.0,2.1,0.0,0.8,0.0,0.3,2.8,3.9,1.4,,,2.8
2025,Nordeste,PB,2504306,Catolé do Rocha,Urbana,Privada,0.0,0.0,0.0,0.0,0.0,0.0,0.0,0.0,0.0,0.0,0.0,0.0,0.0,0.0,0.0,,,0.0,100.0,100.0,100.0,100.0,100.0,99.3,100.0,97.9,100.0,99.2,100.0,99.7,97.2,96.1,98.6,,,97.2,0.0,0.0,0.0,0.0,0.0,0.7,0.0,2.1,0.0,0.8,0.0,0.3,2.8,3.9,1.4,,,2.8
2025,Nordeste,PB,2504306,Catolé do Rocha,Total,Pública,0.0,0.0,0.0,0.0,0.0,0.0,0.0,0.0,0.0,0.0,0.0,0.0,0.2,0.3,0.0,,,0.1,100.0,100.0,100.0,100.0,100.0,93.3,95.0,97.6,99.3,96.1,100.0,98.1,97.7,98.7,99.7,,,98.6,0.0,0.0,0.0,0.0,0.0,6.7,5.0,2.4,0.7,3.9,0.0,1.9,2.1,1.0,0.3,,,1.3
2025,Nordeste,PB,2504306,Catolé do Rocha,Urbana,Pública,0.0,0.0,0.0,0.0,0.0,0.0,0.0,0.0,0.0,0.0,0.0,0.0,0.2,0.3,0.0,,,0.1,100.0,100.0,100.0,100.0,100.0,93.5,94.7,97.5,99.2,96.0,100.0,98.0,97.6,98.7,99.7,,,98.6,0.0,0.0,0.0,0.0,0.0,6.5,5.3,2.5,0.8,4.0,0.0,2.0,2.2,1.0,0.3,,,1.3
2025,Nordeste,PB,2504306,Catolé do Rocha,Rural,Pública,0.0,0.0,0.0,0.0,0.0,0.0,0.0,0.0,0.0,0.0,0.0,0.0,0.0,,,,,0.0,100.0,100.0,100.0,100.0,100.0,90.9,100.0,100.0,100.0,97.5,100.0,99.4,100.0,,,,,100.0,0.0,0.0,0.0,0.0,0.0,9.1,0.0,0.0,0.0,2.5,0.0,0.6,0.0,,,,,0.0
2025,Nordeste,PB,2504355,Caturité,Total,Total,0.0,0.0,0.0,0.0,0.0,2.2,0.0,0.0,0.0,0.6,0.0,0.2,1.5,0.0,0.0,,,0.6,100.0,100.0,100.0,100.0,100.0,95.6,97.8,100.0,98.6,98.0,100.0,99.1,96.9,98.5,100.0,,,98.2,0.0,0.0,0.0,0.0,0.0,2.2,2.2,0.0,1.4,1.4,0.0,0.7,1.6,1.5,0.0,,,1.2
2025,Nordeste,PB,2504355,Caturité,Urbana,Total,0.0,0.0,0.0,0.0,0.0,2.2,0.0,0.0,0.0,0.6,0.0,0.4,1.5,0.0,0.0,,,0.6,100.0,100.0,100.0,100.0,100.0,95.6,97.8,100.0,98.6,98.0,100.0,98.7,96.9,98.5,100.0,,,98.2,0.0,0.0,0.0,0.0,0.0,2.2,2.2,0.0,1.4,1.4,0.0,0.9,1.6,1.5,0.0,,,1.2
2025,Nordeste,PB,2504355,Caturité,Rural,Total,0.0,0.0,0.0,0.0,0.0,,,,,,0.0,0.0,,,,,,,100.0,100.0,100.0,100.0,100.0,,,,,,100.0,100.0,,,,,,,0.0,0.0,0.0,0.0,0.0,,,,,,0.0,0.0,,,,,,
2025,Nordeste,PB,2504355,Caturité,Total,Estadual,,,,,,,,,,,,,1.5,0.0,0.0,,,0.6,,,,,,,,,,,,,96.9,98.5,100.0,,,98.2,,,,,,,,,,,,,1.6,1.5,0.0,,,1.2
2025,Nordeste,PB,2504355,Caturité,Urbana,Estadual,,,,,,,,,,,,,1.5,0.0,0.0,,,0.6,,,,,,,,,,,,,96.9,98.5,100.0,,,98.2,,,,,,,,,,,,,1.6,1.5,0.0,,,1.2
2025,Nordeste,PB,2504355,Caturité,Total,Municipal,0.0,0.0,0.0,0.0,0.0,2.2,0.0,0.0,0.0,0.6,0.0,0.2,,,,,,,100.0,100.0,100.0,100.0,100.0,95.6,97.8,100.0,98.6,98.0,100.0,99.1,,,,,,,0.0,0.0,0.0,0.0,0.0,2.2,2.2,0.0,1.4,1.4,0.0,0.7,,,,,,
2025,Nordeste,PB,2504355,Caturité,Urbana,Municipal,0.0,0.0,0.0,0.0,0.0,2.2,0.0,0.0,0.0,0.6,0.0,0.4,,,,,,,100.0,100.0,100.0,100.0,100.0,95.6,97.8,100.0,98.6,98.0,100.0,98.7,,,,,,,0.0,0.0,0.0,0.0,0.0,2.2,2.2,0.0,1.4,1.4,0.0,0.9,,,,,,
2025,Nordeste,PB,2504355,Caturité,Rural,Municipal,0.0,0.0,0.0,0.0,0.0,,,,,,0.0,0.0,,,,,,,100.0,100.0,100.0,100.0,100.0,,,,,,100.0,100.0,,,,,,,0.0,0.0,0.0,0.0,0.0,,,,,,0.0,0.0,,,,,,
2025,Nordeste,PB,2504355,Caturité,Total,Privada,0.0,0.0,0.0,0.0,0.0,,,,,,0.0,0.0,,,,,,,100.0,100.0,100.0,100.0,100.0,,,,,,100.0,100.0,,,,,,,0.0,0.0,0.0,0.0,0.0,,,,,,0.0,0.0,,,,,,
2025,Nordeste,PB,2504355,Caturité,Urbana,Privada,0.0,0.0,0.0,0.0,0.0,,,,,,0.0,0.0,,,,,,,100.0,100.0,100.0,100.0,100.0,,,,,,100.0,100.0,,,,,,,0.0,0.0,0.0,0.0,0.0,,,,,,0.0,0.0,,,,,,
2025,Nordeste,PB,2504355,Caturité,Total,Pública,0.0,0.0,0.0,0.0,0.0,2.2,0.0,0.0,0.0,0.6,0.0,0.2,1.5,0.0,0.0,,,0.6,100.0,100.0,100.0,100.0,100.0,95.6,97.8,100.0,98.6,98.0,100.0,99.1,96.9,98.5,100.0,,,98.2,0.0,0.0,0.0,0.0,0.0,2.2,2.2,0.0,1.4,1.4,0.0,0.7,1.6,1.5,0.0,,,1.2
2025,Nordeste,PB,2504355,Caturité,Urbana,Pública,0.0,0.0,0.0,0.0,0.0,2.2,0.0,0.0,0.0,0.6,0.0,0.4,1.5,0.0,0.0,,,0.6,100.0,100.0,100.0,100.0,100.0,95.6,97.8,100.0,98.6,98.0,100.0,98.7,96.9,98.5,100.0,,,98.2,0.0,0.0,0.0,0.0,0.0,2.2,2.2,0.0,1.4,1.4,0.0,0.9,1.6,1.5,0.0,,,1.2
2025,Nordeste,PB,2504355,Caturité,Rural,Pública,0.0,0.0,0.0,0.0,0.0,,,,,,0.0,0.0,,,,,,,100.0,100.0,100.0,100.0,100.0,,,,,,100.0,100.0,,,,,,,0.0,0.0,0.0,0.0,0.0,,,,,,0.0,0.0,,,,,,
2025,Nordeste,PB,2504405,Conceição,Total,Total,0.0,0.0,0.4,0.0,0.0,1.1,0.8,0.8,0.0,0.7,0.1,0.3,3.3,0.5,0.0,,,1.5,100.0,100.0,99.6,100.0,99.6,97.3,91.1,97.7,98.5,96.1,99.8,98.2,90.2,98.0,100.0,,,95.4,0.0,0.0,0.0,0.0,0.4,1.6,8.1,1.5,1.5,3.2,0.1,1.5,6.5,1.5,0.0,,,3.1
2025,Nordeste,PB,2504405,Conceição,Urbana,Total,0.0,0.0,0.5,0.0,0.0,0.0,0.0,0.4,0.0,0.2,0.1,0.1,3.3,0.5,0.0,,,1.5,100.0,100.0,99.5,100.0,99.5,98.7,96.0,97.9,98.3,97.7,99.8,98.8,90.2,98.0,100.0,,,95.4,0.0,0.0,0.0,0.0,0.5,1.3,4.0,1.7,1.7,2.1,0.1,1.1,6.5,1.5,0.0,,,3.1
2025,Nordeste,PB,2504405,Conceição,Rural,Total,0.0,0.0,0.0,0.0,0.0,13.1,5.7,3.7,0.0,5.8,0.0,1.5,,,,,,,100.0,100.0,100.0,100.0,100.0,82.6,60.0,96.3,100.0,81.6,100.0,95.3,,,,,,,0.0,0.0,0.0,0.0,0.0,4.3,34.3,0.0,0.0,12.6,0.0,3.2,,,,,,
2025,Nordeste,PB,2504405,Conceição,Total,Estadual,,0.0,0.0,0.0,0.0,0.0,0.0,1.1,0.0,0.3,0.0,0.3,3.6,0.6,0.0,,,1.7,,100.0,100.0,100.0,100.0,100.0,97.5,96.7,98.8,98.0,100.0,98.5,89.2,97.8,100.0,,,94.8,,0.0,0.0,0.0,0.0,0.0,2.5,2.2,1.2,1.7,0.0,1.2,7.2,1.6,0.0,,,3.5
2025,Nordeste,PB,2504405,Conceição,Urbana,Estadual,,0.0,0.0,0.0,0.0,0.0,0.0,1.1,0.0,0.3,0.0,0.3,3.6,0.6,0.0,,,1.7,,100.0,100.0,100.0,100.0,100.0,97.5,96.7,98.8,98.0,100.0,98.5,89.2,97.8,100.0,,,94.8,,0.0,0.0,0.0,0.0,0.0,2.5,2.2,1.2,1.7,0.0,1.2,7.2,1.6,0.0,,,3.5
2025,Nordeste,PB,2504405,Conceição,Total,Municipal,0.0,0.0,0.6,0.0,0.0,1.8,1.3,0.7,0.0,1.0,0.1,0.5,,,,,,,100.0,100.0,99.4,100.0,99.5,95.7,86.3,97.8,98.5,94.4,99.8,97.7,,,,,,,0.0,0.0,0.0,0.0,0.5,2.5,12.4,1.5,1.5,4.6,0.1,1.8,,,,,,
2025,Nordeste,PB,2504405,Conceição,Urbana,Municipal,0.0,0.0,0.8,0.0,0.0,0.0,0.0,0.0,0.0,0.0,0.1,0.1,,,,,,,100.0,100.0,99.2,100.0,99.2,97.9,94.1,98.1,98.3,97.1,99.7,98.6,,,,,,,0.0,0.0,0.0,0.0,0.8,2.1,5.9,1.9,1.7,2.9,0.2,1.3,,,,,,
2025,Nordeste,PB,2504405,Conceição,Rural,Municipal,0.0,0.0,0.0,0.0,0.0,13.1,5.7,3.7,0.0,5.8,0.0,1.5,,,,,,,100.0,100.0,100.0,100.0,100.0,82.6,60.0,96.3,100.0,81.6,100.0,95.3,,,,,,,0.0,0.0,0.0,0.0,0.0,4.3,34.3,0.0,0.0,12.6,0.0,3.2,,,,,,
2025,Nordeste,PB,2504405,Conceição,Total,Privada,0.0,0.0,0.0,0.0,0.0,0.0,0.0,0.0,0.0,0.0,0.0,0.0,0.0,0.0,0.0,,,0.0,100.0,100.0,100.0,100.0,100.0,100.0,100.0,100.0,97.5,99.3,100.0,99.8,100.0,100.0,100.0,,,100.0,0.0,0.0,0.0,0.0,0.0,0.0,0.0,0.0,2.5,0.7,0.0,0.2,0.0,0.0,0.0,,,0.0
2025,Nordeste,PB,2504405,Conceição,Urbana,Privada,0.0,0.0,0.0,0.0,0.0,0.0,0.0,0.0,0.0,0.0,0.0,0.0,0.0,0.0,0.0,,,0.0,100.0,100.0,100.0,100.0,100.0,100.0,100.0,100.0,97.5,99.3,100.0,99.8,100.0,100.0,100.0,,,100.0,0.0,0.0,0.0,0.0,0.0,0.0,0.0,0.0,2.5,0.7,0.0,0.2,0.0,0.0,0.0,,,0.0
2025,Nordeste,PB,2504405,Conceição,Total,Pública,0.0,0.0,0.5,0.0,0.0,1.4,0.8,0.9,0.0,0.8,0.1,0.4,3.6,0.6,0.0,,,1.7,100.0,100.0,99.5,100.0,99.5,96.7,90.1,97.3,98.6,95.6,99.8,97.9,89.2,97.8,100.0,,,94.8,0.0,0.0,0.0,0.0,0.5,1.9,9.1,1.8,1.4,3.6,0.1,1.7,7.2,1.6,0.0,,,3.5
2025,Nordeste,PB,2504405,Conceição,Urbana,Pública,0.0,0.0,0.7,0.0,0.0,0.0,0.0,0.5,0.0,0.1,0.2,0.1,3.6,0.6,0.0,,,1.7,100.0,100.0,99.3,100.0,99.4,98.4,95.4,97.5,98.5,97.5,99.7,98.6,89.2,97.8,100.0,,,94.8,0.0,0.0,0.0,0.0,0.6,1.6,4.6,2.0,1.5,2.4,0.1,1.3,7.2,1.6,0.0,,,3.5
2025,Nordeste,PB,2504405,Conceição,Rural,Pública,0.0,0.0,0.0,0.0,0.0,13.1,5.7,3.7,0.0,5.8,0.0,1.5,,,,,,,100.0,100.0,100.0,100.0,100.0,82.6,60.0,96.3,100.0,81.6,100.0,95.3,,,,,,,0.0,0.0,0.0,0.0,0.0,4.3,34.3,0.0,0.0,12.6,0.0,3.2,,,,,,
2025,Nordeste,PB,2504504,Condado,Total,Total,0.0,0.0,0.0,0.0,0.0,0.0,0.0,1.2,0.0,0.2,0.0,0.1,0.0,0.0,0.0,,,0.0,100.0,100.0,100.0,97.1,94.9,91.3,92.6,96.2,93.1,93.2,98.3,95.9,100.0,100.0,100.0,,,100.0,0.0,0.0,0.0,2.9,5.1,8.7,7.4,2.6,6.9,6.6,1.7,4.0,0.0,0.0,0.0,,,0.0
2025,Nordeste,PB,2504504,Condado,Urbana,Total,0.0,0.0,0.0,0.0,0.0,0.0,0.0,1.2,0.0,0.2,0.0,0.2,0.0,0.0,0.0,,,0.0,100.0,100.0,100.0,96.8,94.7,91.3,92.6,96.2,93.1,93.2,98.1,95.6,100.0,100.0,100.0,,,100.0,0.0,0.0,0.0,3.2,5.3,8.7,7.4,2.6,6.9,6.6,1.9,4.2,0.0,0.0,0.0,,,0.0
2025,Nordeste,PB,2504504,Condado,Rural,Total,0.0,0.0,0.0,0.0,0.0,,,,,,0.0,0.0,,,,,,,100.0,100.0,100.0,100.0,100.0,,,,,,100.0,100.0,,,,,,,0.0,0.0,0.0,0.0,0.0,,,,,,0.0,0.0,,,,,,
2025,Nordeste,PB,2504504,Condado,Total,Estadual,,,,,,,,,0.0,0.0,,0.0,0.0,0.0,0.0,,,0.0,,,,,,,,,100.0,100.0,,100.0,100.0,100.0,100.0,,,100.0,,,,,,,,,0.0,0.0,,0.0,0.0,0.0,0.0,,,0.0
2025,Nordeste,PB,2504504,Condado,Urbana,Estadual,,,,,,,,,0.0,0.0,,0.0,0.0,0.0,0.0,,,0.0,,,,,,,,,100.0,100.0,,100.0,100.0,100.0,100.0,,,100.0,,,,,,,,,0.0,0.0,,0.0,0.0,0.0,0.0,,,0.0
2025,Nordeste,PB,2504504,Condado,Total,Municipal,0.0,0.0,0.0,0.0,0.0,0.0,0.0,1.2,0.0,0.3,0.0,0.1,,,,,,,100.0,100.0,100.0,96.9,96.8,91.3,92.6,96.2,91.2,92.8,98.7,95.9,,,,,,,0.0,0.0,0.0,3.1,3.2,8.7,7.4,2.6,8.8,6.9,1.3,4.0,,,,,,
2025,Nordeste,PB,2504504,Condado,Urbana,Municipal,0.0,0.0,0.0,0.0,0.0,0.0,0.0,1.2,0.0,0.3,0.0,0.1,,,,,,,100.0,100.0,100.0,96.7,96.6,91.3,92.6,96.2,91.2,92.8,98.5,95.6,,,,,,,0.0,0.0,0.0,3.3,3.4,8.7,7.4,2.6,8.8,6.9,1.5,4.3,,,,,,
2025,Nordeste,PB,2504504,Condado,Rural,Municipal,0.0,0.0,0.0,0.0,0.0,,,,,,0.0,0.0,,,,,,,100.0,100.0,100.0,100.0,100.0,,,,,,100.0,100.0,,,,,,,0.0,0.0,0.0,0.0,0.0,,,,,,0.0,0.0,,,,,,
2025,Nordeste,PB,2504504,Condado,Total,Privada,0.0,0.0,0.0,0.0,0.0,,,,,,0.0,0.0,,,,,,,100.0,100.0,100.0,100.0,66.7,,,,,,93.5,93.5,,,,,,,0.0,0.0,0.0,0.0,33.3,,,,,,6.5,6.5,,,,,,
2025,Nordeste,PB,2504504,Condado,Urbana,Privada,0.0,0.0,0.0,0.0,0.0,,,,,,0.0,0.0,,,,,,,100.0,100.0,100.0,100.0,66.7,,,,,,93.5,93.5,,,,,,,0.0,0.0,0.0,0.0,33.3,,,,,,6.5,6.5,,,,,,
2025,Nordeste,PB,2504504,Condado,Total,Pública,0.0,0.0,0.0,0.0,0.0,0.0,0.0,1.2,0.0,0.2,0.0,0.1,0.0,0.0,0.0,,,0.0,100.0,100.0,100.0,96.9,96.8,91.3,92.6,96.2,93.1,93.2,98.7,96.0,100.0,100.0,100.0,,,100.0,0.0,0.0,0.0,3.1,3.2,8.7,7.4,2.6,6.9,6.6,1.3,3.9,0.0,0.0,0.0,,,0.0
2025,Nordeste,PB,2504504,Condado,Urbana,Pública,0.0,0.0,0.0,0.0,0.0,0.0,0.0,1.2,0.0,0.2,0.0,0.2,0.0,0.0,0.0,,,0.0,100.0,100.0,100.0,96.7,96.6,91.3,92.6,96.2,93.1,93.2,98.5,95.7,100.0,100.0,100.0,,,100.0,0.0,0.0,0.0,3.3,3.4,8.7,7.4,2.6,6.9,6.6,1.5,4.1,0.0,0.0,0.0,,,0.0
2025,Nordeste,PB,2504504,Condado,Rural,Pública,0.0,0.0,0.0,0.0,0.0,,,,,,0.0,0.0,,,,,,,100.0,100.0,100.0,100.0,100.0,,,,,,100.0,100.0,,,,,,,0.0,0.0,0.0,0.0,0.0,,,,,,0.0,0.0,,,,,,
2025,Nordeste,PB,2504603,Conde,Total,Total,0.3,0.0,0.0,0.0,0.0,1.1,1.0,0.9,0.5,0.9,0.1,0.5,20.0,14.1,9.8,,,15.9,99.7,100.0,100.0,99.7,99.6,95.2,94.5,95.9,99.3,96.0,99.8,98.1,67.8,82.1,88.0,,,76.8,0.0,0.0,0.0,0.3,0.4,3.7,4.5,3.2,0.2,3.1,0.1,1.4,12.2,3.8,2.2,,,7.3
2025,Nordeste,PB,2504603,Conde,Urbana,Total,0.2,0.0,0.0,0.0,0.0,1.2,1.0,1.0,0.5,1.0,0.1,0.5,20.0,14.1,9.8,,,15.9,99.8,100.0,100.0,99.5,99.5,95.0,94.2,95.7,99.2,95.8,99.7,97.8,67.8,82.1,88.0,,,76.8,0.0,0.0,0.0,0.5,0.5,3.8,4.8,3.3,0.3,3.2,0.2,1.7,12.2,3.8,2.2,,,7.3
2025,Nordeste,PB,2504603,Conde,Rural,Total,0.5,0.0,0.0,0.0,0.0,0.0,0.0,0.0,0.0,0.0,0.1,0.1,,,,,,,99.5,100.0,100.0,100.0,100.0,97.0,97.9,97.9,100.0,98.0,99.9,99.5,,,,,,,0.0,0.0,0.0,0.0,0.0,3.0,2.1,2.1,0.0,2.0,0.0,0.4,,,,,,
2025,Nordeste,PB,2504603,Conde,Total,Estadual,,,,,,,,,3.7,3.7,,3.7,21.1,14.8,10.6,,,16.9,,,,,,,,,92.6,92.6,,92.6,66.3,81.2,87.0,,,75.5,,,,,,,,,3.7,3.7,,3.7,12.6,4.0,2.4,,,7.6
2025,Nordeste,PB,2504603,Conde,Urbana,Estadual,,,,,,,,,3.7,3.7,,3.7,21.1,14.8,10.6,,,16.9,,,,,,,,,92.6,92.6,,92.6,66.3,81.2,87.0,,,75.5,,,,,,,,,3.7,3.7,,3.7,12.6,4.0,2.4,,,7.6
2025,Nordeste,PB,2504603,Conde,Total,Municipal,0.2,0.0,0.0,0.0,0.0,1.3,1.0,1.0,0.3,0.9,0.0,0.4,,,,,,,99.8,100.0,100.0,99.6,100.0,94.6,93.7,95.4,99.7,95.6,99.9,98.0,,,,,,,0.0,0.0,0.0,0.4,0.0,4.1,5.3,3.6,0.0,3.5,0.1,1.6,,,,,,
2025,Nordeste,PB,2504603,Conde,Urbana,Municipal,0.0,0.0,0.0,0.0,0.0,1.4,1.2,1.1,0.3,1.1,0.0,0.5,,,,,,,100.0,100.0,100.0,99.4,100.0,94.3,93.2,95.2,99.7,95.3,99.9,97.5,,,,,,,0.0,0.0,0.0,0.6,0.0,4.3,5.6,3.7,0.0,3.6,0.1,2.0,,,,,,
2025,Nordeste,PB,2504603,Conde,Rural,Municipal,0.5,0.0,0.0,0.0,0.0,0.0,0.0,0.0,0.0,0.0,0.1,0.1,,,,,,,99.5,100.0,100.0,100.0,100.0,97.0,97.9,97.9,100.0,98.0,99.9,99.5,,,,,,,0.0,0.0,0.0,0.0,0.0,3.0,2.1,2.1,0.0,2.0,0.0,0.4,,,,,,
2025,Nordeste,PB,2504603,Conde,Total,Privada,1.0,0.0,0.0,0.0,0.0,0.0,0.0,0.0,0.0,0.0,0.2,0.2,0.0,0.0,0.0,,,0.0,99.0,100.0,100.0,100.0,97.4,100.0,100.0,100.0,100.0,100.0,99.3,99.5,96.4,100.0,100.0,,,98.5,0.0,0.0,0.0,0.0,2.6,0.0,0.0,0.0,0.0,0.0,0.5,0.3,3.6,0.0,0.0,,,1.5
2025,Nordeste,PB,2504603,Conde,Urbana,Privada,1.0,0.0,0.0,0.0,0.0,0.0,0.0,0.0,0.0,0.0,0.2,0.2,0.0,0.0,0.0,,,0.0,99.0,100.0,100.0,100.0,97.4,100.0,100.0,100.0,100.0,100.0,99.3,99.5,96.4,100.0,100.0,,,98.5,0.0,0.0,0.0,0.0,2.6,0.0,0.0,0.0,0.0,0.0,0.5,0.3,3.6,0.0,0.0,,,1.5
2025,Nordeste,PB,2504603,Conde,Total,Pública,0.2,0.0,0.0,0.0,0.0,1.3,1.0,1.0,0.5,1.0,0.0,0.5,21.1,14.8,10.6,,,16.9,99.8,100.0,100.0,99.6,100.0,94.6,93.7,95.4,99.2,95.5,99.9,97.9,66.3,81.2,87.0,,,75.5,0.0,0.0,0.0,0.4,0.0,4.1,5.3,3.6,0.3,3.5,0.1,1.6,12.6,4.0,2.4,,,7.6
2025,Nordeste,PB,2504603,Conde,Urbana,Pública,0.0,0.0,0.0,0.0,0.0,1.4,1.2,1.1,0.5,1.1,0.0,0.6,21.1,14.8,10.6,,,16.9,100.0,100.0,100.0,99.4,100.0,94.3,93.2,95.2,99.2,95.3,99.9,97.4,66.3,81.2,87.0,,,75.5,0.0,0.0,0.0,0.6,0.0,4.3,5.6,3.7,0.3,3.6,0.1,2.0,12.6,4.0,2.4,,,7.6
2025,Nordeste,PB,2504603,Conde,Rural,Pública,0.5,0.0,0.0,0.0,0.0,0.0,0.0,0.0,0.0,0.0,0.1,0.1,,,,,,,99.5,100.0,100.0,100.0,100.0,97.0,97.9,97.9,100.0,98.0,99.9,99.5,,,,,,,0.0,0.0,0.0,0.0,0.0,3.0,2.1,2.1,0.0,2.0,0.0,0.4,,,,,,
2025,Nordeste,PB,2504702,Congo,Total,Total,0.0,0.0,0.0,0.0,0.0,0.0,0.0,0.0,0.0,0.0,0.0,0.0,2.3,5.4,0.0,,,2.4,100.0,100.0,100.0,100.0,100.0,100.0,98.7,100.0,100.0,99.7,100.0,99.8,97.7,94.6,100.0,,,97.6,0.0,0.0,0.0,0.0,0.0,0.0,1.3,0.0,0.0,0.3,0.0,0.2,0.0,0.0,0.0,,,0.0
2025,Nordeste,PB,2504702,Congo,Urbana,Total,0.0,0.0,0.0,0.0,0.0,0.0,0.0,0.0,0.0,0.0,0.0,0.0,2.3,5.4,0.0,,,2.4,100.0,100.0,100.0,100.0,100.0,100.0,98.7,100.0,100.0,99.7,100.0,99.8,97.7,94.6,100.0,,,97.6,0.0,0.0,0.0,0.0,0.0,0.0,1.3,0.0,0.0,0.3,0.0,0.2,0.0,0.0,0.0,,,0.0
2025,Nordeste,PB,2504702,Congo,Rural,Total,0.0,0.0,0.0,0.0,0.0,,,,,,0.0,0.0,,,,,,,100.0,100.0,100.0,100.0,100.0,,,,,,100.0,100.0,,,,,,,0.0,0.0,0.0,0.0,0.0,,,,,,0.0,0.0,,,,,,
2025,Nordeste,PB,2504702,Congo,Total,Estadual,,,,,,,,,,,,,2.3,5.4,0.0,,,2.4,,,,,,,,,,,,,97.7,94.6,100.0,,,97.6,,,,,,,,,,,,,0.0,0.0,0.0,,,0.0
2025,Nordeste,PB,2504702,Congo,Urbana,Estadual,,,,,,,,,,,,,2.3,5.4,0.0,,,2.4,,,,,,,,,,,,,97.7,94.6,100.0,,,97.6,,,,,,,,,,,,,0.0,0.0,0.0,,,0.0
2025,Nordeste,PB,2504702,Congo,Total,Municipal,0.0,0.0,0.0,0.0,0.0,0.0,0.0,0.0,0.0,0.0,0.0,0.0,,,,,,,100.0,100.0,100.0,100.0,100.0,100.0,98.7,100.0,100.0,99.7,100.0,99.8,,,,,,,0.0,0.0,0.0,0.0,0.0,0.0,1.3,0.0,0.0,0.3,0.0,0.2,,,,,,
2025,Nordeste,PB,2504702,Congo,Urbana,Municipal,0.0,0.0,0.0,0.0,0.0,0.0,0.0,0.0,0.0,0.0,0.0,0.0,,,,,,,100.0,100.0,100.0,100.0,100.0,100.0,98.7,100.0,100.0,99.7,100.0,99.8,,,,,,,0.0,0.0,0.0,0.0,0.0,0.0,1.3,0.0,0.0,0.3,0.0,0.2,,,,,,
2025,Nordeste,PB,2504702,Congo,Rural,Municipal,0.0,0.0,0.0,0.0,0.0,,,,,,0.0,0.0,,,,,,,100.0,100.0,100.0,100.0,100.0,,,,,,100.0,100.0,,,,,,,0.0,0.0,0.0,0.0,0.0,,,,,,0.0,0.0,,,,,,
2025,Nordeste,PB,2504702,Congo,Total,Privada,0.0,0.0,0.0,0.0,0.0,,,,,,0.0,0.0,,,,,,,100.0,100.0,100.0,100.0,100.0,,,,,,100.0,100.0,,,,,,,0.0,0.0,0.0,0.0,0.0,,,,,,0.0,0.0,,,,,,
2025,Nordeste,PB,2504702,Congo,Urbana,Privada,0.0,0.0,0.0,0.0,0.0,,,,,,0.0,0.0,,,,,,,100.0,100.0,100.0,100.0,100.0,,,,,,100.0,100.0,,,,,,,0.0,0.0,0.0,0.0,0.0,,,,,,0.0,0.0,,,,,,
2025,Nordeste,PB,2504702,Congo,Total,Pública,0.0,0.0,0.0,0.0,0.0,0.0,0.0,0.0,0.0,0.0,0.0,0.0,2.3,5.4,0.0,,,2.4,100.0,100.0,100.0,100.0,100.0,100.0,98.7,100.0,100.0,99.7,100.0,99.8,97.7,94.6,100.0,,,97.6,0.0,0.0,0.0,0.0,0.0,0.0,1.3,0.0,0.0,0.3,0.0,0.2,0.0,0.0,0.0,,,0.0
2025,Nordeste,PB,2504702,Congo,Urbana,Pública,0.0,0.0,0.0,0.0,0.0,0.0,0.0,0.0,0.0,0.0,0.0,0.0,2.3,5.4,0.0,,,2.4,100.0,100.0,100.0,100.0,100.0,100.0,98.7,100.0,100.0,99.7,100.0,99.8,97.7,94.6,100.0,,,97.6,0.0,0.0,0.0,0.0,0.0,0.0,1.3,0.0,0.0,0.3,0.0,0.2,0.0,0.0,0.0,,,0.0
2025,Nordeste,PB,2504702,Congo,Rural,Pública,0.0,0.0,0.0,0.0,0.0,,,,,,0.0,0.0,,,,,,,100.0,100.0,100.0,100.0,100.0,,,,,,100.0,100.0,,,,,,,0.0,0.0,0.0,0.0,0.0,,,,,,0.0,0.0,,,,,,
2025,Nordeste,PB,2504801,Coremas,Total,Total,0.0,0.0,0.0,0.0,0.0,0.5,0.5,0.5,0.5,0.5,0.0,0.2,0.0,0.6,0.0,,,0.2,99.1,100.0,100.0,100.0,98.5,99.5,99.5,99.5,99.5,99.5,99.5,99.5,100.0,99.4,100.0,,,99.8,0.9,0.0,0.0,0.0,1.5,0.0,0.0,0.0,0.0,0.0,0.5,0.3,0.0,0.0,0.0,,,0.0
2025,Nordeste,PB,2504801,Coremas,Urbana,Total,0.0,0.0,0.0,0.0,0.0,0.6,0.6,0.6,0.6,0.6,0.0,0.2,0.0,0.6,0.0,,,0.2,98.6,100.0,100.0,100.0,97.9,99.4,99.4,99.4,99.4,99.4,99.3,99.4,100.0,99.4,100.0,,,99.8,1.4,0.0,0.0,0.0,2.1,0.0,0.0,0.0,0.0,0.0,0.7,0.4,0.0,0.0,0.0,,,0.0
2025,Nordeste,PB,2504801,Coremas,Rural,Total,0.0,0.0,0.0,0.0,0.0,0.0,0.0,0.0,0.0,0.0,0.0,0.0,,,,,,,100.0,100.0,100.0,100.0,100.0,100.0,100.0,100.0,100.0,100.0,100.0,100.0,,,,,,,0.0,0.0,0.0,0.0,0.0,0.0,0.0,0.0,0.0,0.0,0.0,0.0,,,,,,
2025,Nordeste,PB,2504801,Coremas,Total,Estadual,,,,,,4.2,0.0,1.8,2.5,1.9,,1.9,0.0,0.6,0.0,,,0.2,,,,,,95.8,100.0,98.2,97.5,98.1,,98.1,100.0,99.4,100.0,,,99.8,,,,,,0.0,0.0,0.0,0.0,0.0,,0.0,0.0,0.0,0.0,,,0.0
2025,Nordeste,PB,2504801,Coremas,Urbana,Estadual,,,,,,4.2,0.0,1.8,2.5,1.9,,1.9,0.0,0.6,0.0,,,0.2,,,,,,95.8,100.0,98.2,97.5,98.1,,98.1,100.0,99.4,100.0,,,99.8,,,,,,0.0,0.0,0.0,0.0,0.0,,0.0,0.0,0.0,0.0,,,0.0
2025,Nordeste,PB,2504801,Coremas,Total,Municipal,0.0,0.0,0.0,0.0,0.0,0.0,0.0,0.0,0.0,0.0,0.0,0.0,,,,,,,100.0,100.0,100.0,100.0,100.0,100.0,100.0,100.0,100.0,100.0,100.0,100.0,,,,,,,0.0,0.0,0.0,0.0,0.0,0.0,0.0,0.0,0.0,0.0,0.0,0.0,,,,,,
2025,Nordeste,PB,2504801,Coremas,Urbana,Municipal,0.0,0.0,0.0,0.0,0.0,0.0,0.0,0.0,0.0,0.0,0.0,0.0,,,,,,,100.0,100.0,100.0,100.0,100.0,100.0,100.0,100.0,100.0,100.0,100.0,100.0,,,,,,,0.0,0.0,0.0,0.0,0.0,0.0,0.0,0.0,0.0,0.0,0.0,0.0,,,,,,
2025,Nordeste,PB,2504801,Coremas,Rural,Municipal,0.0,0.0,0.0,0.0,0.0,0.0,0.0,0.0,0.0,0.0,0.0,0.0,,,,,,,100.0,100.0,100.0,100.0,100.0,100.0,100.0,100.0,100.0,100.0,100.0,100.0,,,,,,,0.0,0.0,0.0,0.0,0.0,0.0,0.0,0.0,0.0,0.0,0.0,0.0,,,,,,
2025,Nordeste,PB,2504801,Coremas,Total,Privada,0.0,0.0,0.0,0.0,0.0,0.0,2.1,0.0,0.0,0.5,0.0,0.2,,,,,,,97.1,100.0,100.0,100.0,95.5,100.0,97.9,100.0,100.0,99.5,98.6,98.9,,,,,,,2.9,0.0,0.0,0.0,4.5,0.0,0.0,0.0,0.0,0.0,1.4,0.9,,,,,,
2025,Nordeste,PB,2504801,Coremas,Urbana,Privada,0.0,0.0,0.0,0.0,0.0,0.0,2.1,0.0,0.0,0.5,0.0,0.2,,,,,,,97.1,100.0,100.0,100.0,95.5,100.0,97.9,100.0,100.0,99.5,98.6,98.9,,,,,,,2.9,0.0,0.0,0.0,4.5,0.0,0.0,0.0,0.0,0.0,1.4,0.9,,,,,,
2025,Nordeste,PB,2504801,Coremas,Total,Pública,0.0,0.0,0.0,0.0,0.0,0.6,0.0,0.7,0.7,0.5,0.0,0.2,0.0,0.6,0.0,,,0.2,100.0,100.0,100.0,100.0,100.0,99.4,100.0,99.3,99.3,99.5,100.0,99.8,100.0,99.4,100.0,,,99.8,0.0,0.0,0.0,0.0,0.0,0.0,0.0,0.0,0.0,0.0,0.0,0.0,0.0,0.0,0.0,,,0.0
2025,Nordeste,PB,2504801,Coremas,Urbana,Pública,0.0,0.0,0.0,0.0,0.0,0.8,0.0,0.9,0.9,0.6,0.0,0.4,0.0,0.6,0.0,,,0.2,100.0,100.0,100.0,100.0,100.0,99.2,100.0,99.1,99.1,99.4,100.0,99.6,100.0,99.4,100.0,,,99.8,0.0,0.0,0.0,0.0,0.0,0.0,0.0,0.0,0.0,0.0,0.0,0.0,0.0,0.0,0.0,,,0.0
2025,Nordeste,PB,2504801,Coremas,Rural,Pública,0.0,0.0,0.0,0.0,0.0,0.0,0.0,0.0,0.0,0.0,0.0,0.0,,,,,,,100.0,100.0,100.0,100.0,100.0,100.0,100.0,100.0,100.0,100.0,100.0,100.0,,,,,,,0.0,0.0,0.0,0.0,0.0,0.0,0.0,0.0,0.0,0.0,0.0,0.0,,,,,,
2025,Nordeste,PB,2504850,Coxixola,Total,Total,0.0,0.0,0.0,0.0,0.0,0.0,0.0,0.0,0.0,0.0,0.0,0.0,0.0,0.0,0.0,,,0.0,100.0,100.0,100.0,100.0,100.0,100.0,100.0,100.0,100.0,100.0,100.0,100.0,100.0,100.0,100.0,,,100.0,0.0,0.0,0.0,0.0,0.0,0.0,0.0,0.0,0.0,0.0,0.0,0.0,0.0,0.0,0.0,,,0.0
2025,Nordeste,PB,2504850,Coxixola,Urbana,Total,0.0,0.0,0.0,0.0,0.0,0.0,0.0,0.0,0.0,0.0,0.0,0.0,0.0,0.0,0.0,,,0.0,100.0,100.0,100.0,100.0,100.0,100.0,100.0,100.0,100.0,100.0,100.0,100.0,100.0,100.0,100.0,,,100.0,0.0,0.0,0.0,0.0,0.0,0.0,0.0,0.0,0.0,0.0,0.0,0.0,0.0,0.0,0.0,,,0.0
2025,Nordeste,PB,2504850,Coxixola,Rural,Total,0.0,0.0,0.0,0.0,0.0,,,,,,0.0,0.0,,,,,,,100.0,100.0,100.0,100.0,100.0,,,,,,100.0,100.0,,,,,,,0.0,0.0,0.0,0.0,0.0,,,,,,0.0,0.0,,,,,,
2025,Nordeste,PB,2504850,Coxixola,Total,Estadual,,,,,,,,,,,,,0.0,0.0,0.0,,,0.0,,,,,,,,,,,,,100.0,100.0,100.0,,,100.0,,,,,,,,,,,,,0.0,0.0,0.0,,,0.0
2025,Nordeste,PB,2504850,Coxixola,Urbana,Estadual,,,,,,,,,,,,,0.0,0.0,0.0,,,0.0,,,,,,,,,,,,,100.0,100.0,100.0,,,100.0,,,,,,,,,,,,,0.0,0.0,0.0,,,0.0
2025,Nordeste,PB,2504850,Coxixola,Total,Municipal,0.0,0.0,0.0,0.0,0.0,0.0,0.0,0.0,0.0,0.0,0.0,0.0,,,,,,,100.0,100.0,100.0,100.0,100.0,100.0,100.0,100.0,100.0,100.0,100.0,100.0,,,,,,,0.0,0.0,0.0,0.0,0.0,0.0,0.0,0.0,0.0,0.0,0.0,0.0,,,,,,
2025,Nordeste,PB,2504850,Coxixola,Urbana,Municipal,0.0,0.0,0.0,0.0,0.0,0.0,0.0,0.0,0.0,0.0,0.0,0.0,,,,,,,100.0,100.0,100.0,100.0,100.0,100.0,100.0,100.0,100.0,100.0,100.0,100.0,,,,,,,0.0,0.0,0.0,0.0,0.0,0.0,0.0,0.0,0.0,0.0,0.0,0.0,,,,,,
2025,Nordeste,PB,2504850,Coxixola,Rural,Municipal,0.0,0.0,0.0,0.0,0.0,,,,,,0.0,0.0,,,,,,,100.0,100.0,100.0,100.0,100.0,,,,,,100.0,100.0,,,,,,,0.0,0.0,0.0,0.0,0.0,,,,,,0.0,0.0,,,,,,
2025,Nordeste,PB,2504850,Coxixola,Total,Pública,0.0,0.0,0.0,0.0,0.0,0.0,0.0,0.0,0.0,0.0,0.0,0.0,0.0,0.0,0.0,,,0.0,100.0,100.0,100.0,100.0,100.0,100.0,100.0,100.0,100.0,100.0,100.0,100.0,100.0,100.0,100.0,,,100.0,0.0,0.0,0.0,0.0,0.0,0.0,0.0,0.0,0.0,0.0,0.0,0.0,0.0,0.0,0.0,,,0.0
2025,Nordeste,PB,2504850,Coxixola,Urbana,Pública,0.0,0.0,0.0,0.0,0.0,0.0,0.0,0.0,0.0,0.0,0.0,0.0,0.0,0.0,0.0,,,0.0,100.0,100.0,100.0,100.0,100.0,100.0,100.0,100.0,100.0,100.0,100.0,100.0,100.0,100.0,100.0,,,100.0,0.0,0.0,0.0,0.0,0.0,0.0,0.0,0.0,0.0,0.0,0.0,0.0,0.0,0.0,0.0,,,0.0
2025,Nordeste,PB,2504850,Coxixola,Rural,Pública,0.0,0.0,0.0,0.0,0.0,,,,,,0.0,0.0,,,,,,,100.0,100.0,100.0,100.0,100.0,,,,,,100.0,100.0,,,,,,,0.0,0.0,0.0,0.0,0.0,,,,,,0.0,0.0,,,,,,
2025,Nordeste,PB,2504900,Cruz do Espírito Santo,Total,Total,0.3,0.0,1.0,0.6,0.6,5.4,4.8,2.1,2.0,3.7,0.6,1.8,3.4,4.3,3.7,,,3.7,99.0,99.6,95.7,96.9,96.7,91.9,90.4,92.6,98.0,92.9,97.5,95.7,91.9,90.8,95.6,,,92.7,0.7,0.4,3.3,2.5,2.7,2.7,4.8,5.3,0.0,3.4,1.9,2.5,4.7,4.9,0.7,,,3.6
2025,Nordeste,PB,2504900,Cruz do Espírito Santo,Urbana,Total,0.7,0.0,2.4,1.5,1.6,6.2,7.3,3.5,2.3,5.1,1.3,3.0,3.7,5.5,4.4,,,4.5,97.7,99.2,91.3,97.1,95.1,91.3,86.0,88.8,97.7,90.6,96.1,93.5,90.4,88.0,94.7,,,91.0,1.6,0.8,6.3,1.4,3.3,2.5,6.7,7.7,0.0,4.3,2.6,3.5,5.9,6.5,0.9,,,4.5
2025,Nordeste,PB,2504900,Cruz do Espírito Santo,Rural,Total,0.0,0.0,0.0,0.0,0.0,4.0,0.9,0.0,1.4,1.6,0.0,0.5,2.8,0.0,0.0,,,1.1,100.0,100.0,99.3,96.7,97.8,93.0,97.2,98.0,98.6,96.6,98.6,98.0,97.2,100.0,100.0,,,98.9,0.0,0.0,0.7,3.3,2.2,3.0,1.9,2.0,0.0,1.8,1.4,1.5,0.0,0.0,0.0,,,0.0
2025,Nordeste,PB,2504900,Cruz do Espírito Santo,Total,Estadual,0.0,0.0,0.0,0.0,0.0,8.7,9.8,1.1,2.1,5.1,0.0,3.9,3.4,4.3,3.7,,,3.7,100.0,100.0,100.0,82.4,93.8,88.8,90.2,95.8,97.9,93.5,92.2,93.2,91.9,90.8,95.6,,,92.7,0.0,0.0,0.0,17.6,6.2,2.5,0.0,3.1,0.0,1.4,7.8,2.9,4.7,4.9,0.7,,,3.6
2025,Nordeste,PB,2504900,Cruz do Espírito Santo,Urbana,Estadual,,,,,,9.4,13.3,1.6,1.6,6.2,,6.2,3.7,5.5,4.4,,,4.5,,,,,,86.8,86.7,93.8,98.4,91.7,,91.7,90.4,88.0,94.7,,,91.0,,,,,,3.8,0.0,4.6,0.0,2.1,,2.1,5.9,6.5,0.9,,,4.5
2025,Nordeste,PB,2504900,Cruz do Espírito Santo,Rural,Estadual,0.0,0.0,0.0,0.0,0.0,7.4,0.0,0.0,2.9,2.6,0.0,1.4,2.8,0.0,0.0,,,1.1,100.0,100.0,100.0,82.4,93.8,92.6,100.0,100.0,97.1,97.4,92.2,94.9,97.2,100.0,100.0,,,98.9,0.0,0.0,0.0,17.6,6.2,0.0,0.0,0.0,0.0,0.0,7.8,3.7,0.0,0.0,0.0,,,0.0
2025,Nordeste,PB,2504900,Cruz do Espírito Santo,Total,Municipal,0.5,0.0,1.3,0.8,0.8,4.2,2.9,2.8,1.9,3.1,0.7,1.5,,,,,,,98.7,99.5,95.1,98.4,96.7,93.4,89.6,90.2,98.1,92.3,97.7,95.9,,,,,,,0.8,0.5,3.6,0.8,2.5,2.4,7.5,7.0,0.0,4.6,1.6,2.6,,,,,,
2025,Nordeste,PB,2504900,Cruz do Espírito Santo,Urbana,Municipal,1.3,0.0,3.3,2.0,2.0,5.4,4.5,5.4,3.1,4.7,1.7,3.0,,,,,,,96.2,98.9,89.0,96.1,93.9,93.5,83.0,83.6,96.9,89.0,94.8,92.4,,,,,,,2.5,1.1,7.7,1.9,4.1,1.1,12.5,11.0,0.0,6.3,3.5,4.6,,,,,,
2025,Nordeste,PB,2504900,Cruz do Espírito Santo,Rural,Municipal,0.0,0.0,0.0,0.0,0.0,2.7,1.1,0.0,0.0,1.2,0.0,0.3,,,,,,,100.0,100.0,99.3,100.0,98.6,93.2,96.5,97.1,100.0,96.2,99.6,98.7,,,,,,,0.0,0.0,0.7,0.0,1.4,4.1,2.4,2.9,0.0,2.6,0.4,1.0,,,,,,
2025,Nordeste,PB,2504900,Cruz do Espírito Santo,Total,Privada,0.0,0.0,0.0,0.0,0.0,0.0,0.0,0.0,0.0,0.0,0.0,0.0,,,,,,,100.0,100.0,97.1,100.0,100.0,92.9,100.0,100.0,100.0,97.4,99.5,99.1,,,,,,,0.0,0.0,2.9,0.0,0.0,7.1,0.0,0.0,0.0,2.6,0.5,0.9,,,,,,
2025,Nordeste,PB,2504900,Cruz do Espírito Santo,Urbana,Privada,0.0,0.0,0.0,0.0,0.0,0.0,0.0,0.0,0.0,0.0,0.0,0.0,,,,,,,100.0,100.0,97.1,100.0,100.0,92.9,100.0,100.0,100.0,97.4,99.5,99.1,,,,,,,0.0,0.0,2.9,0.0,0.0,7.1,0.0,0.0,0.0,2.6,0.5,0.9,,,,,,
2025,Nordeste,PB,2504900,Cruz do Espírito Santo,Total,Pública,0.4,0.0,1.3,0.7,0.7,5.7,5.1,2.1,2.0,3.8,0.7,2.0,3.4,4.3,3.7,,,3.7,98.8,99.5,95.4,96.5,96.4,91.9,89.8,92.5,98.0,92.8,97.2,95.3,91.9,90.8,95.6,,,92.7,0.8,0.5,3.3,2.8,2.9,2.4,5.1,5.4,0.0,3.4,2.1,2.7,4.7,4.9,0.7,,,3.6
2025,Nordeste,PB,2504900,Cruz do Espírito Santo,Urbana,Pública,1.3,0.0,3.3,2.0,2.0,6.8,8.1,3.6,2.4,5.3,1.7,3.8,3.7,5.5,4.4,,,4.5,96.2,98.9,89.0,96.1,93.9,91.1,84.5,88.4,97.6,90.2,94.8,92.2,90.4,88.0,94.7,,,91.0,2.5,1.1,7.7,1.9,4.1,2.1,7.4,8.0,0.0,4.5,3.5,4.0,5.9,6.5,0.9,,,4.5
2025,Nordeste,PB,2504900,Cruz do Espírito Santo,Rural,Pública,0.0,0.0,0.0,0.0,0.0,4.0,0.9,0.0,1.4,1.6,0.0,0.5,2.8,0.0,0.0,,,1.1,100.0,100.0,99.3,96.7,97.8,93.0,97.2,98.0,98.6,96.6,98.6,98.0,97.2,100.0,100.0,,,98.9,0.0,0.0,0.7,3.3,2.2,3.0,1.9,2.0,0.0,1.8,1.4,1.5,0.0,0.0,0.0,,,0.0
2025,Nordeste,PB,2505006,Cubati,Total,Total,0.0,0.0,0.0,0.0,0.0,0.0,0.0,0.0,0.0,0.0,0.0,0.0,7.6,7.5,0.0,,,5.3,100.0,100.0,100.0,100.0,100.0,100.0,98.0,99.0,100.0,99.3,100.0,99.7,91.5,92.5,100.0,,,94.4,0.0,0.0,0.0,0.0,0.0,0.0,2.0,1.0,0.0,0.7,0.0,0.3,0.9,0.0,0.0,,,0.3
2025,Nordeste,PB,2505006,Cubati,Urbana,Total,0.0,0.0,0.0,0.0,0.0,0.0,0.0,0.0,0.0,0.0,0.0,0.0,7.6,7.5,0.0,,,5.3,100.0,100.0,100.0,100.0,100.0,100.0,98.0,99.0,100.0,99.3,100.0,99.7,91.5,92.5,100.0,,,94.4,0.0,0.0,0.0,0.0,0.0,0.0,2.0,1.0,0.0,0.7,0.0,0.3,0.9,0.0,0.0,,,0.3
2025,Nordeste,PB,2505006,Cubati,Rural,Total,0.0,0.0,0.0,0.0,0.0,,,,,,0.0,0.0,,,,,,,100.0,100.0,100.0,100.0,100.0,,,,,,100.0,100.0,,,,,,,0.0,0.0,0.0,0.0,0.0,,,,,,0.0,0.0,,,,,,
2025,Nordeste,PB,2505006,Cubati,Total,Estadual,,,,,,,,,,,,,7.6,7.5,0.0,,,5.3,,,,,,,,,,,,,91.5,92.5,100.0,,,94.4,,,,,,,,,,,,,0.9,0.0,0.0,,,0.3
2025,Nordeste,PB,2505006,Cubati,Urbana,Estadual,,,,,,,,,,,,,7.6,7.5,0.0,,,5.3,,,,,,,,,,,,,91.5,92.5,100.0,,,94.4,,,,,,,,,,,,,0.9,0.0,0.0,,,0.3
2025,Nordeste,PB,2505006,Cubati,Total,Municipal,0.0,0.0,0.0,0.0,0.0,0.0,0.0,0.0,0.0,0.0,0.0,0.0,,,,,,,100.0,100.0,100.0,100.0,100.0,100.0,98.0,99.0,100.0,99.3,100.0,99.7,,,,,,,0.0,0.0,0.0,0.0,0.0,0.0,2.0,1.0,0.0,0.7,0.0,0.3,,,,,,
2025,Nordeste,PB,2505006,Cubati,Urbana,Municipal,0.0,0.0,0.0,0.0,0.0,0.0,0.0,0.0,0.0,0.0,0.0,0.0,,,,,,,100.0,100.0,100.0,100.0,100.0,100.0,98.0,99.0,100.0,99.3,100.0,99.7,,,,,,,0.0,0.0,0.0,0.0,0.0,0.0,2.0,1.0,0.0,0.7,0.0,0.3,,,,,,
2025,Nordeste,PB,2505006,Cubati,Rural,Municipal,0.0,0.0,0.0,0.0,0.0,,,,,,0.0,0.0,,,,,,,100.0,100.0,100.0,100.0,100.0,,,,,,100.0,100.0,,,,,,,0.0,0.0,0.0,0.0,0.0,,,,,,0.0,0.0,,,,,,
2025,Nordeste,PB,2505006,Cubati,Total,Pública,0.0,0.0,0.0,0.0,0.0,0.0,0.0,0.0,0.0,0.0,0.0,0.0,7.6,7.5,0.0,,,5.3,100.0,100.0,100.0,100.0,100.0,100.0,98.0,99.0,100.0,99.3,100.0,99.7,91.5,92.5,100.0,,,94.4,0.0,0.0,0.0,0.0,0.0,0.0,2.0,1.0,0.0,0.7,0.0,0.3,0.9,0.0,0.0,,,0.3
2025,Nordeste,PB,2505006,Cubati,Urbana,Pública,0.0,0.0,0.0,0.0,0.0,0.0,0.0,0.0,0.0,0.0,0.0,0.0,7.6,7.5,0.0,,,5.3,100.0,100.0,100.0,100.0,100.0,100.0,98.0,99.0,100.0,99.3,100.0,99.7,91.5,92.5,100.0,,,94.4,0.0,0.0,0.0,0.0,0.0,0.0,2.0,1.0,0.0,0.7,0.0,0.3,0.9,0.0,0.0,,,0.3
2025,Nordeste,PB,2505006,Cubati,Rural,Pública,0.0,0.0,0.0,0.0,0.0,,,,,,0.0,0.0,,,,,,,100.0,100.0,100.0,100.0,100.0,,,,,,100.0,100.0,,,,,,,0.0,0.0,0.0,0.0,0.0,,,,,,0.0,0.0,,,,,,
2025,Nordeste,PB,2505105,Cuité,Total,Total,0.0,0.0,0.0,0.0,0.0,0.0,0.0,0.4,0.0,0.1,0.0,0.0,0.3,0.3,0.0,,,0.2,100.0,100.0,100.0,100.0,100.0,99.3,98.9,99.2,100.0,99.3,100.0,99.7,97.0,97.7,100.0,,,98.1,0.0,0.0,0.0,0.0,0.0,0.7,1.1,0.4,0.0,0.6,0.0,0.3,2.7,2.0,0.0,,,1.7
2025,Nordeste,PB,2505105,Cuité,Urbana,Total,0.0,0.0,0.0,0.0,0.0,0.0,0.0,0.5,0.0,0.1,0.0,0.0,0.4,0.5,0.0,,,0.3,100.0,100.0,100.0,100.0,100.0,99.2,98.8,99.1,100.0,99.3,100.0,99.7,96.6,96.7,100.0,,,97.6,0.0,0.0,0.0,0.0,0.0,0.8,1.2,0.4,0.0,0.6,0.0,0.3,3.0,2.8,0.0,,,2.1
2025,Nordeste,PB,2505105,Cuité,Rural,Total,0.0,0.0,0.0,0.0,0.0,0.0,0.0,0.0,0.0,0.0,0.0,0.0,0.0,0.0,0.0,,,0.0,100.0,100.0,100.0,100.0,100.0,100.0,100.0,100.0,100.0,100.0,100.0,100.0,97.8,98.8,100.0,,,98.8,0.0,0.0,0.0,0.0,0.0,0.0,0.0,0.0,0.0,0.0,0.0,0.0,2.2,1.2,0.0,,,1.2
2025,Nordeste,PB,2505105,Cuité,Total,Estadual,,,,,,0.0,0.0,1.3,0.0,0.3,,0.3,0.3,0.3,0.0,,,0.2,,,,,,100.0,100.0,98.7,100.0,99.7,,99.7,96.9,97.6,100.0,,,98.0,,,,,,0.0,0.0,0.0,0.0,0.0,,0.0,2.8,2.1,0.0,,,1.8
2025,Nordeste,PB,2505105,Cuité,Urbana,Estadual,,,,,,0.0,0.0,1.6,0.0,0.4,,0.4,0.4,0.6,0.0,,,0.4,,,,,,100.0,100.0,98.4,100.0,99.6,,99.6,96.4,96.2,100.0,,,97.3,,,,,,0.0,0.0,0.0,0.0,0.0,,0.0,3.2,3.2,0.0,,,2.3
2025,Nordeste,PB,2505105,Cuité,Rural,Estadual,,,,,,0.0,0.0,0.0,0.0,0.0,,0.0,0.0,0.0,0.0,,,0.0,,,,,,100.0,100.0,100.0,100.0,100.0,,100.0,97.8,98.8,100.0,,,98.8,,,,,,0.0,0.0,0.0,0.0,0.0,,0.0,2.2,1.2,0.0,,,1.2
2025,Nordeste,PB,2505105,Cuité,Total,Municipal,0.0,0.0,0.0,0.0,0.0,0.0,0.0,0.0,0.0,0.0,0.0,0.0,,,,,,,100.0,100.0,100.0,100.0,100.0,98.7,97.9,99.2,100.0,98.8,100.0,99.6,,,,,,,0.0,0.0,0.0,0.0,0.0,1.3,2.1,0.8,0.0,1.2,0.0,0.4,,,,,,
2025,Nordeste,PB,2505105,Cuité,Urbana,Municipal,0.0,0.0,0.0,0.0,0.0,0.0,0.0,0.0,0.0,0.0,0.0,0.0,,,,,,,100.0,100.0,100.0,100.0,100.0,98.7,97.9,99.2,100.0,98.8,100.0,99.6,,,,,,,0.0,0.0,0.0,0.0,0.0,1.3,2.1,0.8,0.0,1.2,0.0,0.4,,,,,,
2025,Nordeste,PB,2505105,Cuité,Rural,Municipal,0.0,0.0,0.0,0.0,0.0,,,,,,0.0,0.0,,,,,,,100.0,100.0,100.0,100.0,100.0,,,,,,100.0,100.0,,,,,,,0.0,0.0,0.0,0.0,0.0,,,,,,0.0,0.0,,,,,,
2025,Nordeste,PB,2505105,Cuité,Total,Privada,0.0,0.0,0.0,0.0,0.0,0.0,0.0,0.0,0.0,0.0,0.0,0.0,0.0,0.0,0.0,,,0.0,100.0,100.0,100.0,100.0,100.0,100.0,100.0,100.0,100.0,100.0,100.0,100.0,100.0,100.0,100.0,,,100.0,0.0,0.0,0.0,0.0,0.0,0.0,0.0,0.0,0.0,0.0,0.0,0.0,0.0,0.0,0.0,,,0.0
2025,Nordeste,PB,2505105,Cuité,Urbana,Privada,0.0,0.0,0.0,0.0,0.0,0.0,0.0,0.0,0.0,0.0,0.0,0.0,0.0,0.0,0.0,,,0.0,100.0,100.0,100.0,100.0,100.0,100.0,100.0,100.0,100.0,100.0,100.0,100.0,100.0,100.0,100.0,,,100.0,0.0,0.0,0.0,0.0,0.0,0.0,0.0,0.0,0.0,0.0,0.0,0.0,0.0,0.0,0.0,,,0.0
2025,Nordeste,PB,2505105,Cuité,Total,Pública,0.0,0.0,0.0,0.0,0.0,0.0,0.0,0.5,0.0,0.1,0.0,0.1,0.3,0.3,0.0,,,0.2,100.0,100.0,100.0,100.0,100.0,99.1,98.7,99.0,100.0,99.2,100.0,99.6,96.9,97.6,100.0,,,98.0,0.0,0.0,0.0,0.0,0.0,0.9,1.3,0.5,0.0,0.7,0.0,0.3,2.8,2.1,0.0,,,1.8
2025,Nordeste,PB,2505105,Cuité,Urbana,Pública,0.0,0.0,0.0,0.0,0.0,0.0,0.0,0.5,0.0,0.1,0.0,0.0,0.4,0.6,0.0,,,0.4,100.0,100.0,100.0,100.0,100.0,99.0,98.6,99.0,100.0,99.1,100.0,99.6,96.4,96.2,100.0,,,97.3,0.0,0.0,0.0,0.0,0.0,1.0,1.4,0.5,0.0,0.8,0.0,0.4,3.2,3.2,0.0,,,2.3
2025,Nordeste,PB,2505105,Cuité,Rural,Pública,0.0,0.0,0.0,0.0,0.0,0.0,0.0,0.0,0.0,0.0,0.0,0.0,0.0,0.0,0.0,,,0.0,100.0,100.0,100.0,100.0,100.0,100.0,100.0,100.0,100.0,100.0,100.0,100.0,97.8,98.8,100.0,,,98.8,0.0,0.0,0.0,0.0,0.0,0.0,0.0,0.0,0.0,0.0,0.0,0.0,2.2,1.2,0.0,,,1.2
2025,Nordeste,PB,2505204,Cuitegi,Total,Total,0.0,0.0,0.0,0.0,0.0,8.2,2.3,4.5,1.2,4.4,0.0,1.8,4.9,2.0,0.0,,,2.7,100.0,100.0,95.5,91.8,93.7,72.5,87.2,88.8,81.5,81.9,96.0,90.4,95.1,98.0,100.0,,,97.3,0.0,0.0,4.5,8.2,6.3,19.3,10.5,6.7,17.3,13.7,4.0,7.8,0.0,0.0,0.0,,,0.0
2025,Nordeste,PB,2505204,Cuitegi,Urbana,Total,0.0,0.0,0.0,0.0,0.0,8.2,2.3,4.5,1.2,4.4,0.0,1.9,4.9,2.0,0.0,,,2.7,100.0,100.0,96.0,92.4,93.7,72.5,87.2,88.8,81.5,81.9,96.1,90.1,95.1,98.0,100.0,,,97.3,0.0,0.0,4.0,7.6,6.3,19.3,10.5,6.7,17.3,13.7,3.9,8.0,0.0,0.0,0.0,,,0.0
2025,Nordeste,PB,2505204,Cuitegi,Rural,Total,0.0,0.0,0.0,0.0,,,,,,,0.0,0.0,,,,,,,100.0,100.0,92.3,66.7,,,,,,,95.7,95.7,,,,,,,0.0,0.0,7.7,33.3,,,,,,,4.3,4.3,,,,,,
2025,Nordeste,PB,2505204,Cuitegi,Total,Estadual,,,,,,,,,,,,,4.9,2.0,0.0,,,2.7,,,,,,,,,,,,,95.1,98.0,100.0,,,97.3,,,,,,,,,,,,,0.0,0.0,0.0,,,0.0
2025,Nordeste,PB,2505204,Cuitegi,Urbana,Estadual,,,,,,,,,,,,,4.9,2.0,0.0,,,2.7,,,,,,,,,,,,,95.1,98.0,100.0,,,97.3,,,,,,,,,,,,,0.0,0.0,0.0,,,0.0
2025,Nordeste,PB,2505204,Cuitegi,Total,Municipal,0.0,0.0,0.0,0.0,0.0,8.2,2.3,4.5,1.2,4.4,0.0,2.1,,,,,,,100.0,100.0,94.0,89.2,93.0,72.5,87.2,88.8,81.5,81.9,94.9,88.8,,,,,,,0.0,0.0,6.0,10.8,7.0,19.3,10.5,6.7,17.3,13.7,5.1,9.1,,,,,,
2025,Nordeste,PB,2505204,Cuitegi,Urbana,Municipal,0.0,0.0,0.0,0.0,0.0,8.2,2.3,4.5,1.2,4.4,0.0,2.2,,,,,,,100.0,100.0,94.4,90.0,93.0,72.5,87.2,88.8,81.5,81.9,94.8,88.4,,,,,,,0.0,0.0,5.6,10.0,7.0,19.3,10.5,6.7,17.3,13.7,5.2,9.4,,,,,,
2025,Nordeste,PB,2505204,Cuitegi,Rural,Municipal,0.0,0.0,0.0,0.0,,,,,,,0.0,0.0,,,,,,,100.0,100.0,92.3,66.7,,,,,,,95.7,95.7,,,,,,,0.0,0.0,7.7,33.3,,,,,,,4.3,4.3,,,,,,
2025,Nordeste,PB,2505204,Cuitegi,Total,Privada,0.0,0.0,0.0,0.0,0.0,,,,,,0.0,0.0,,,,,,,100.0,100.0,100.0,100.0,96.0,,,,,,99.3,99.3,,,,,,,0.0,0.0,0.0,0.0,4.0,,,,,,0.7,0.7,,,,,,
2025,Nordeste,PB,2505204,Cuitegi,Urbana,Privada,0.0,0.0,0.0,0.0,0.0,,,,,,0.0,0.0,,,,,,,100.0,100.0,100.0,100.0,96.0,,,,,,99.3,99.3,,,,,,,0.0,0.0,0.0,0.0,4.0,,,,,,0.7,0.7,,,,,,
2025,Nordeste,PB,2505204,Cuitegi,Total,Pública,0.0,0.0,0.0,0.0,0.0,8.2,2.3,4.5,1.2,4.4,0.0,2.1,4.9,2.0,0.0,,,2.7,100.0,100.0,94.0,89.2,93.0,72.5,87.2,88.8,81.5,81.9,94.9,88.8,95.1,98.0,100.0,,,97.3,0.0,0.0,6.0,10.8,7.0,19.3,10.5,6.7,17.3,13.7,5.1,9.1,0.0,0.0,0.0,,,0.0
2025,Nordeste,PB,2505204,Cuitegi,Urbana,Pública,0.0,0.0,0.0,0.0,0.0,8.2,2.3,4.5,1.2,4.4,0.0,2.2,4.9,2.0,0.0,,,2.7,100.0,100.0,94.4,90.0,93.0,72.5,87.2,88.8,81.5,81.9,94.8,88.4,95.1,98.0,100.0,,,97.3,0.0,0.0,5.6,10.0,7.0,19.3,10.5,6.7,17.3,13.7,5.2,9.4,0.0,0.0,0.0,,,0.0
2025,Nordeste,PB,2505204,Cuitegi,Rural,Pública,0.0,0.0,0.0,0.0,,,,,,,0.0,0.0,,,,,,,100.0,100.0,92.3,66.7,,,,,,,95.7,95.7,,,,,,,0.0,0.0,7.7,33.3,,,,,,,4.3,4.3,,,,,,
2025,Nordeste,PB,2505238,Cuité de Mamanguape,Total,Total,0.0,0.9,0.0,0.0,0.0,0.0,0.0,0.0,0.0,0.0,0.2,0.1,8.8,1.5,0.0,,,4.2,100.0,98.2,97.3,97.1,97.9,91.4,94.0,96.1,100.0,95.0,98.1,96.8,90.1,97.1,100.0,,,94.9,0.0,0.9,2.7,2.9,2.1,8.6,6.0,3.9,0.0,5.0,1.7,3.1,1.1,1.4,0.0,,,0.9
2025,Nordeste,PB,2505238,Cuité de Mamanguape,Urbana,Total,0.0,0.0,0.0,0.0,0.0,0.0,0.0,0.0,0.0,0.0,0.0,0.0,8.8,1.5,0.0,,,4.2,100.0,97.1,92.0,97.1,97.1,89.6,94.4,95.1,100.0,94.4,97.1,95.3,90.1,97.1,100.0,,,94.9,0.0,2.9,8.0,2.9,2.9,10.4,5.6,4.9,0.0,5.6,2.9,4.7,1.1,1.4,0.0,,,0.9
2025,Nordeste,PB,2505238,Cuité de Mamanguape,Rural,Total,0.0,1.3,0.0,0.0,0.0,0.0,0.0,0.0,0.0,0.0,0.3,0.2,,,,,,,100.0,98.7,98.8,97.1,98.3,100.0,92.3,100.0,100.0,97.5,98.6,98.4,,,,,,,0.0,0.0,1.2,2.9,1.7,0.0,7.7,0.0,0.0,2.5,1.1,1.4,,,,,,
2025,Nordeste,PB,2505238,Cuité de Mamanguape,Total,Estadual,,,,,,,,,,,,,8.8,1.5,0.0,,,4.2,,,,,,,,,,,,,90.1,97.1,100.0,,,94.9,,,,,,,,,,,,,1.1,1.4,0.0,,,0.9
2025,Nordeste,PB,2505238,Cuité de Mamanguape,Urbana,Estadual,,,,,,,,,,,,,8.8,1.5,0.0,,,4.2,,,,,,,,,,,,,90.1,97.1,100.0,,,94.9,,,,,,,,,,,,,1.1,1.4,0.0,,,0.9
2025,Nordeste,PB,2505238,Cuité de Mamanguape,Total,Municipal,0.0,1.0,0.0,0.0,0.0,0.0,0.0,0.0,0.0,0.0,0.2,0.1,,,,,,,100.0,99.0,97.1,96.9,97.7,91.4,94.0,96.1,100.0,95.0,98.2,96.8,,,,,,,0.0,0.0,2.9,3.1,2.3,8.6,6.0,3.9,0.0,5.0,1.6,3.1,,,,,,
2025,Nordeste,PB,2505238,Cuité de Mamanguape,Urbana,Municipal,0.0,0.0,0.0,0.0,0.0,0.0,0.0,0.0,0.0,0.0,0.0,0.0,,,,,,,100.0,100.0,89.5,96.3,96.3,89.6,94.4,95.1,100.0,94.4,97.0,95.2,,,,,,,0.0,0.0,10.5,3.7,3.7,10.4,5.6,4.9,0.0,5.6,3.0,4.8,,,,,,
2025,Nordeste,PB,2505238,Cuité de Mamanguape,Rural,Municipal,0.0,1.3,0.0,0.0,0.0,0.0,0.0,0.0,0.0,0.0,0.3,0.2,,,,,,,100.0,98.7,98.8,97.1,98.3,100.0,92.3,100.0,100.0,97.5,98.6,98.4,,,,,,,0.0,0.0,1.2,2.9,1.7,0.0,7.7,0.0,0.0,2.5,1.1,1.4,,,,,,
2025,Nordeste,PB,2505238,Cuité de Mamanguape,Total,Privada,0.0,0.0,0.0,0.0,0.0,,,,,,0.0,0.0,,,,,,,100.0,90.0,100.0,100.0,100.0,,,,,,97.2,97.2,,,,,,,0.0,10.0,0.0,0.0,0.0,,,,,,2.8,2.8,,,,,,
2025,Nordeste,PB,2505238,Cuité de Mamanguape,Urbana,Privada,0.0,0.0,0.0,0.0,0.0,,,,,,0.0,0.0,,,,,,,100.0,90.0,100.0,100.0,100.0,,,,,,97.2,97.2,,,,,,,0.0,10.0,0.0,0.0,0.0,,,,,,2.8,2.8,,,,,,
2025,Nordeste,PB,2505238,Cuité de Mamanguape,Total,Pública,0.0,1.0,0.0,0.0,0.0,0.0,0.0,0.0,0.0,0.0,0.2,0.1,8.8,1.5,0.0,,,4.2,100.0,99.0,97.1,96.9,97.7,91.4,94.0,96.1,100.0,95.0,98.2,96.8,90.1,97.1,100.0,,,94.9,0.0,0.0,2.9,3.1,2.3,8.6,6.0,3.9,0.0,5.0,1.6,3.1,1.1,1.4,0.0,,,0.9
2025,Nordeste,PB,2505238,Cuité de Mamanguape,Urbana,Pública,0.0,0.0,0.0,0.0,0.0,0.0,0.0,0.0,0.0,0.0,0.0,0.0,8.8,1.5,0.0,,,4.2,100.0,100.0,89.5,96.3,96.3,89.6,94.4,95.1,100.0,94.4,97.0,95.2,90.1,97.1,100.0,,,94.9,0.0,0.0,10.5,3.7,3.7,10.4,5.6,4.9,0.0,5.6,3.0,4.8,1.1,1.4,0.0,,,0.9
2025,Nordeste,PB,2505238,Cuité de Mamanguape,Rural,Pública,0.0,1.3,0.0,0.0,0.0,0.0,0.0,0.0,0.0,0.0,0.3,0.2,,,,,,,100.0,98.7,98.8,97.1,98.3,100.0,92.3,100.0,100.0,97.5,98.6,98.4,,,,,,,0.0,0.0,1.2,2.9,1.7,0.0,7.7,0.0,0.0,2.5,1.1,1.4,,,,,,
2025,Nordeste,PB,2505279,Curral de Cima,Total,Total,0.0,0.0,0.0,0.0,0.0,0.0,0.0,0.0,0.0,0.0,0.0,0.0,14.0,8.1,6.5,,,10.0,100.0,100.0,100.0,100.0,100.0,100.0,100.0,98.9,100.0,99.7,100.0,99.9,86.0,91.9,93.5,,,90.0,0.0,0.0,0.0,0.0,0.0,0.0,0.0,1.1,0.0,0.3,0.0,0.1,0.0,0.0,0.0,,,0.0
2025,Nordeste,PB,2505279,Curral de Cima,Urbana,Total,0.0,0.0,0.0,0.0,0.0,0.0,0.0,0.0,0.0,0.0,0.0,0.0,14.0,8.1,6.5,,,10.0,100.0,100.0,100.0,100.0,100.0,100.0,100.0,98.5,100.0,99.6,100.0,99.7,86.0,91.9,93.5,,,90.0,0.0,0.0,0.0,0.0,0.0,0.0,0.0,1.5,0.0,0.4,0.0,0.3,0.0,0.0,0.0,,,0.0
2025,Nordeste,PB,2505279,Curral de Cima,Rural,Total,0.0,0.0,0.0,0.0,0.0,0.0,0.0,0.0,0.0,0.0,0.0,0.0,,,,,,,100.0,100.0,100.0,100.0,100.0,100.0,100.0,100.0,100.0,100.0,100.0,100.0,,,,,,,0.0,0.0,0.0,0.0,0.0,0.0,0.0,0.0,0.0,0.0,0.0,0.0,,,,,,
2025,Nordeste,PB,2505279,Curral de Cima,Total,Estadual,,,,,,,,,,,,,14.0,8.1,6.5,,,10.0,,,,,,,,,,,,,86.0,91.9,93.5,,,90.0,,,,,,,,,,,,,0.0,0.0,0.0,,,0.0
2025,Nordeste,PB,2505279,Curral de Cima,Urbana,Estadual,,,,,,,,,,,,,14.0,8.1,6.5,,,10.0,,,,,,,,,,,,,86.0,91.9,93.5,,,90.0,,,,,,,,,,,,,0.0,0.0,0.0,,,0.0
2025,Nordeste,PB,2505279,Curral de Cima,Total,Municipal,0.0,0.0,0.0,0.0,0.0,0.0,0.0,0.0,0.0,0.0,0.0,0.0,,,,,,,100.0,100.0,100.0,100.0,100.0,100.0,100.0,98.9,100.0,99.7,100.0,99.9,,,,,,,0.0,0.0,0.0,0.0,0.0,0.0,0.0,1.1,0.0,0.3,0.0,0.1,,,,,,
2025,Nordeste,PB,2505279,Curral de Cima,Urbana,Municipal,0.0,0.0,0.0,0.0,0.0,0.0,0.0,0.0,0.0,0.0,0.0,0.0,,,,,,,100.0,100.0,100.0,100.0,100.0,100.0,100.0,98.5,100.0,99.6,100.0,99.7,,,,,,,0.0,0.0,0.0,0.0,0.0,0.0,0.0,1.5,0.0,0.4,0.0,0.3,,,,,,
2025,Nordeste,PB,2505279,Curral de Cima,Rural,Municipal,0.0,0.0,0.0,0.0,0.0,0.0,0.0,0.0,0.0,0.0,0.0,0.0,,,,,,,100.0,100.0,100.0,100.0,100.0,100.0,100.0,100.0,100.0,100.0,100.0,100.0,,,,,,,0.0,0.0,0.0,0.0,0.0,0.0,0.0,0.0,0.0,0.0,0.0,0.0,,,,,,
2025,Nordeste,PB,2505279,Curral de Cima,Total,Pública,0.0,0.0,0.0,0.0,0.0,0.0,0.0,0.0,0.0,0.0,0.0,0.0,14.0,8.1,6.5,,,10.0,100.0,100.0,100.0,100.0,100.0,100.0,100.0,98.9,100.0,99.7,100.0,99.9,86.0,91.9,93.5,,,90.0,0.0,0.0,0.0,0.0,0.0,0.0,0.0,1.1,0.0,0.3,0.0,0.1,0.0,0.0,0.0,,,0.0
2025,Nordeste,PB,2505279,Curral de Cima,Urbana,Pública,0.0,0.0,0.0,0.0,0.0,0.0,0.0,0.0,0.0,0.0,0.0,0.0,14.0,8.1,6.5,,,10.0,100.0,100.0,100.0,100.0,100.0,100.0,100.0,98.5,100.0,99.6,100.0,99.7,86.0,91.9,93.5,,,90.0,0.0,0.0,0.0,0.0,0.0,0.0,0.0,1.5,0.0,0.4,0.0,0.3,0.0,0.0,0.0,,,0.0
2025,Nordeste,PB,2505279,Curral de Cima,Rural,Pública,0.0,0.0,0.0,0.0,0.0,0.0,0.0,0.0,0.0,0.0,0.0,0.0,,,,,,,100.0,100.0,100.0,100.0,100.0,100.0,100.0,100.0,100.0,100.0,100.0,100.0,,,,,,,0.0,0.0,0.0,0.0,0.0,0.0,0.0,0.0,0.0,0.0,0.0,0.0,,,,,,
2025,Nordeste,PB,2505303,Curral Velho,Total,Total,0.0,0.0,0.0,0.0,0.0,0.0,0.0,0.0,0.0,0.0,0.0,0.0,5.0,0.0,0.0,,,1.8,100.0,100.0,100.0,100.0,100.0,100.0,100.0,100.0,100.0,100.0,100.0,100.0,95.0,100.0,100.0,,,98.2,0.0,0.0,0.0,0.0,0.0,0.0,0.0,0.0,0.0,0.0,0.0,0.0,0.0,0.0,0.0,,,0.0
2025,Nordeste,PB,2505303,Curral Velho,Urbana,Total,0.0,0.0,0.0,0.0,0.0,0.0,0.0,0.0,0.0,0.0,0.0,0.0,5.0,0.0,0.0,,,1.8,100.0,100.0,100.0,100.0,100.0,100.0,100.0,100.0,100.0,100.0,100.0,100.0,95.0,100.0,100.0,,,98.2,0.0,0.0,0.0,0.0,0.0,0.0,0.0,0.0,0.0,0.0,0.0,0.0,0.0,0.0,0.0,,,0.0
2025,Nordeste,PB,2505303,Curral Velho,Rural,Total,0.0,,0.0,,,,,,,,0.0,0.0,,,,,,,100.0,,100.0,,,,,,,,100.0,100.0,,,,,,,0.0,,0.0,,,,,,,,0.0,0.0,,,,,,
2025,Nordeste,PB,2505303,Curral Velho,Total,Estadual,,,,,,,,,,,,,5.0,0.0,0.0,,,1.8,,,,,,,,,,,,,95.0,100.0,100.0,,,98.2,,,,,,,,,,,,,0.0,0.0,0.0,,,0.0
2025,Nordeste,PB,2505303,Curral Velho,Urbana,Estadual,,,,,,,,,,,,,5.0,0.0,0.0,,,1.8,,,,,,,,,,,,,95.0,100.0,100.0,,,98.2,,,,,,,,,,,,,0.0,0.0,0.0,,,0.0
2025,Nordeste,PB,2505303,Curral Velho,Total,Municipal,0.0,0.0,0.0,0.0,0.0,0.0,0.0,0.0,0.0,0.0,0.0,0.0,,,,,,,100.0,100.0,100.0,100.0,100.0,100.0,100.0,100.0,100.0,100.0,100.0,100.0,,,,,,,0.0,0.0,0.0,0.0,0.0,0.0,0.0,0.0,0.0,0.0,0.0,0.0,,,,,,
2025,Nordeste,PB,2505303,Curral Velho,Urbana,Municipal,0.0,0.0,0.0,0.0,0.0,0.0,0.0,0.0,0.0,0.0,0.0,0.0,,,,,,,100.0,100.0,100.0,100.0,100.0,100.0,100.0,100.0,100.0,100.0,100.0,100.0,,,,,,,0.0,0.0,0.0,0.0,0.0,0.0,0.0,0.0,0.0,0.0,0.0,0.0,,,,,,
2025,Nordeste,PB,2505303,Curral Velho,Rural,Municipal,0.0,,0.0,,,,,,,,0.0,0.0,,,,,,,100.0,,100.0,,,,,,,,100.0,100.0,,,,,,,0.0,,0.0,,,,,,,,0.0,0.0,,,,,,
2025,Nordeste,PB,2505303,Curral Velho,Total,Pública,0.0,0.0,0.0,0.0,0.0,0.0,0.0,0.0,0.0,0.0,0.0,0.0,5.0,0.0,0.0,,,1.8,100.0,100.0,100.0,100.0,100.0,100.0,100.0,100.0,100.0,100.0,100.0,100.0,95.0,100.0,100.0,,,98.2,0.0,0.0,0.0,0.0,0.0,0.0,0.0,0.0,0.0,0.0,0.0,0.0,0.0,0.0,0.0,,,0.0
2025,Nordeste,PB,2505303,Curral Velho,Urbana,Pública,0.0,0.0,0.0,0.0,0.0,0.0,0.0,0.0,0.0,0.0,0.0,0.0,5.0,0.0,0.0,,,1.8,100.0,100.0,100.0,100.0,100.0,100.0,100.0,100.0,100.0,100.0,100.0,100.0,95.0,100.0,100.0,,,98.2,0.0,0.0,0.0,0.0,0.0,0.0,0.0,0.0,0.0,0.0,0.0,0.0,0.0,0.0,0.0,,,0.0
2025,Nordeste,PB,2505303,Curral Velho,Rural,Pública,0.0,,0.0,,,,,,,,0.0,0.0,,,,,,,100.0,,100.0,,,,,,,,100.0,100.0,,,,,,,0.0,,0.0,,,,,,,,0.0,0.0,,,,,,
2025,Nordeste,PB,2505352,Damião,Total,Total,0.0,0.0,0.0,0.0,1.2,2.4,3.8,3.1,1.3,2.7,0.3,1.3,2.6,0.0,0.0,,,1.0,100.0,100.0,93.4,94.6,97.5,92.8,94.9,93.8,97.4,94.7,96.9,96.0,96.1,98.3,100.0,,,97.9,0.0,0.0,6.6,5.4,1.3,4.8,1.3,3.1,1.3,2.6,2.8,2.7,1.3,1.7,0.0,,,1.1
2025,Nordeste,PB,2505352,Damião,Urbana,Total,0.0,0.0,0.0,0.0,1.6,2.4,3.8,3.1,1.3,2.7,0.4,1.6,2.6,0.0,0.0,,,1.0,100.0,100.0,90.9,97.1,98.4,92.8,94.9,93.8,97.4,94.7,97.2,95.9,96.1,98.3,100.0,,,97.9,0.0,0.0,9.1,2.9,0.0,4.8,1.3,3.1,1.3,2.6,2.4,2.5,1.3,1.7,0.0,,,1.1
2025,Nordeste,PB,2505352,Damião,Rural,Total,0.0,0.0,0.0,0.0,0.0,,,,,,0.0,0.0,,,,,,,100.0,100.0,100.0,86.4,94.7,,,,,,96.2,96.2,,,,,,,0.0,0.0,0.0,13.6,5.3,,,,,,3.8,3.8,,,,,,
2025,Nordeste,PB,2505352,Damião,Total,Estadual,,,,,,,,,,,,,2.6,0.0,0.0,,,1.0,,,,,,,,,,,,,96.1,98.3,100.0,,,97.9,,,,,,,,,,,,,1.3,1.7,0.0,,,1.1
2025,Nordeste,PB,2505352,Damião,Urbana,Estadual,,,,,,,,,,,,,2.6,0.0,0.0,,,1.0,,,,,,,,,,,,,96.1,98.3,100.0,,,97.9,,,,,,,,,,,,,1.3,1.7,0.0,,,1.1
2025,Nordeste,PB,2505352,Damião,Total,Municipal,0.0,0.0,0.0,0.0,1.3,2.4,3.8,3.1,1.3,2.7,0.3,1.4,,,,,,,100.0,100.0,93.4,94.1,97.3,92.8,94.9,93.8,97.4,94.7,96.7,95.8,,,,,,,0.0,0.0,6.6,5.9,1.4,4.8,1.3,3.1,1.3,2.6,3.0,2.8,,,,,,
2025,Nordeste,PB,2505352,Damião,Urbana,Municipal,0.0,0.0,0.0,0.0,1.8,2.4,3.8,3.1,1.3,2.7,0.3,1.5,,,,,,,100.0,100.0,90.9,96.8,98.2,92.8,94.9,93.8,97.4,94.7,97.0,95.8,,,,,,,0.0,0.0,9.1,3.2,0.0,4.8,1.3,3.1,1.3,2.6,2.7,2.7,,,,,,
2025,Nordeste,PB,2505352,Damião,Rural,Municipal,0.0,0.0,0.0,0.0,0.0,,,,,,0.0,0.0,,,,,,,100.0,100.0,100.0,86.4,94.7,,,,,,96.2,96.2,,,,,,,0.0,0.0,0.0,13.6,5.3,,,,,,3.8,3.8,,,,,,
2025,Nordeste,PB,2505352,Damião,Total,Privada,0.0,0.0,,0.0,0.0,,,,,,0.0,0.0,,,,,,,100.0,100.0,,100.0,100.0,,,,,,100.0,100.0,,,,,,,0.0,0.0,,0.0,0.0,,,,,,0.0,0.0,,,,,,
2025,Nordeste,PB,2505352,Damião,Urbana,Privada,0.0,0.0,,0.0,0.0,,,,,,0.0,0.0,,,,,,,100.0,100.0,,100.0,100.0,,,,,,100.0,100.0,,,,,,,0.0,0.0,,0.0,0.0,,,,,,0.0,0.0,,,,,,
2025,Nordeste,PB,2505352,Damião,Total,Pública,0.0,0.0,0.0,0.0,1.3,2.4,3.8,3.1,1.3,2.7,0.3,1.4,2.6,0.0,0.0,,,1.0,100.0,100.0,93.4,94.1,97.3,92.8,94.9,93.8,97.4,94.7,96.7,95.8,96.1,98.3,100.0,,,97.9,0.0,0.0,6.6,5.9,1.4,4.8,1.3,3.1,1.3,2.6,3.0,2.8,1.3,1.7,0.0,,,1.1
2025,Nordeste,PB,2505352,Damião,Urbana,Pública,0.0,0.0,0.0,0.0,1.8,2.4,3.8,3.1,1.3,2.7,0.3,1.5,2.6,0.0,0.0,,,1.0,100.0,100.0,90.9,96.8,98.2,92.8,94.9,93.8,97.4,94.7,97.0,95.8,96.1,98.3,100.0,,,97.9,0.0,0.0,9.1,3.2,0.0,4.8,1.3,3.1,1.3,2.6,2.7,2.7,1.3,1.7,0.0,,,1.1
2025,Nordeste,PB,2505352,Damião,Rural,Pública,0.0,0.0,0.0,0.0,0.0,,,,,,0.0,0.0,,,,,,,100.0,100.0,100.0,86.4,94.7,,,,,,96.2,96.2,,,,,,,0.0,0.0,0.0,13.6,5.3,,,,,,3.8,3.8,,,,,,
2025,Nordeste,PB,2505402,Desterro,Total,Total,0.0,0.0,0.0,0.0,0.0,0.0,0.0,0.0,1.7,0.5,0.0,0.2,0.7,1.0,0.0,,,0.6,100.0,95.7,97.3,100.0,97.6,99.0,100.0,100.0,97.5,99.1,98.0,98.5,99.3,99.0,100.0,,,99.4,0.0,4.3,2.7,0.0,2.4,1.0,0.0,0.0,0.8,0.4,2.0,1.3,0.0,0.0,0.0,,,0.0
2025,Nordeste,PB,2505402,Desterro,Urbana,Total,0.0,0.0,0.0,0.0,0.0,0.0,0.0,0.0,1.9,0.5,0.0,0.2,0.7,1.0,0.0,,,0.6,100.0,100.0,98.4,100.0,100.0,100.0,100.0,100.0,97.2,99.3,99.7,99.5,99.3,99.0,100.0,,,99.4,0.0,0.0,1.6,0.0,0.0,0.0,0.0,0.0,0.9,0.2,0.3,0.3,0.0,0.0,0.0,,,0.0
2025,Nordeste,PB,2505402,Desterro,Rural,Total,0.0,0.0,0.0,0.0,0.0,0.0,0.0,0.0,0.0,0.0,0.0,0.0,,,,,,,100.0,89.8,95.7,100.0,92.7,92.3,100.0,100.0,100.0,97.8,94.4,95.1,,,,,,,0.0,10.2,4.3,0.0,7.3,7.7,0.0,0.0,0.0,2.2,5.6,4.9,,,,,,
2025,Nordeste,PB,2505402,Desterro,Total,Estadual,,,,0.0,0.0,0.0,0.0,0.0,5.3,1.4,0.0,1.1,0.7,1.0,0.0,,,0.6,,,,100.0,100.0,100.0,100.0,100.0,92.1,97.9,100.0,98.4,99.3,99.0,100.0,,,99.4,,,,0.0,0.0,0.0,0.0,0.0,2.6,0.7,0.0,0.5,0.0,0.0,0.0,,,0.0
2025,Nordeste,PB,2505402,Desterro,Urbana,Estadual,,,,0.0,0.0,0.0,0.0,0.0,5.3,1.4,0.0,1.1,0.7,1.0,0.0,,,0.6,,,,100.0,100.0,100.0,100.0,100.0,92.1,97.9,100.0,98.4,99.3,99.0,100.0,,,99.4,,,,0.0,0.0,0.0,0.0,0.0,2.6,0.7,0.0,0.5,0.0,0.0,0.0,,,0.0
2025,Nordeste,PB,2505402,Desterro,Total,Municipal,0.0,0.0,0.0,0.0,0.0,0.0,0.0,0.0,0.0,0.0,0.0,0.0,,,,,,,100.0,95.7,97.3,100.0,97.1,98.8,100.0,100.0,100.0,99.7,97.8,98.5,,,,,,,0.0,4.3,2.7,0.0,2.9,1.2,0.0,0.0,0.0,0.3,2.2,1.5,,,,,,
2025,Nordeste,PB,2505402,Desterro,Urbana,Municipal,0.0,0.0,0.0,0.0,0.0,0.0,0.0,0.0,0.0,0.0,0.0,0.0,,,,,,,100.0,100.0,98.4,100.0,100.0,100.0,100.0,100.0,100.0,100.0,99.7,99.8,,,,,,,0.0,0.0,1.6,0.0,0.0,0.0,0.0,0.0,0.0,0.0,0.3,0.2,,,,,,
2025,Nordeste,PB,2505402,Desterro,Rural,Municipal,0.0,0.0,0.0,0.0,0.0,0.0,0.0,0.0,0.0,0.0,0.0,0.0,,,,,,,100.0,89.8,95.7,100.0,92.7,92.3,100.0,100.0,100.0,97.8,94.4,95.1,,,,,,,0.0,10.2,4.3,0.0,7.3,7.7,0.0,0.0,0.0,2.2,5.6,4.9,,,,,,
2025,Nordeste,PB,2505402,Desterro,Total,Pública,0.0,0.0,0.0,0.0,0.0,0.0,0.0,0.0,1.7,0.5,0.0,0.2,0.7,1.0,0.0,,,0.6,100.0,95.7,97.3,100.0,97.6,99.0,100.0,100.0,97.5,99.1,98.0,98.5,99.3,99.0,100.0,,,99.4,0.0,4.3,2.7,0.0,2.4,1.0,0.0,0.0,0.8,0.4,2.0,1.3,0.0,0.0,0.0,,,0.0
2025,Nordeste,PB,2505402,Desterro,Urbana,Pública,0.0,0.0,0.0,0.0,0.0,0.0,0.0,0.0,1.9,0.5,0.0,0.2,0.7,1.0,0.0,,,0.6,100.0,100.0,98.4,100.0,100.0,100.0,100.0,100.0,97.2,99.3,99.7,99.5,99.3,99.0,100.0,,,99.4,0.0,0.0,1.6,0.0,0.0,0.0,0.0,0.0,0.9,0.2,0.3,0.3,0.0,0.0,0.0,,,0.0
2025,Nordeste,PB,2505402,Desterro,Rural,Pública,0.0,0.0,0.0,0.0,0.0,0.0,0.0,0.0,0.0,0.0,0.0,0.0,,,,,,,100.0,89.8,95.7,100.0,92.7,92.3,100.0,100.0,100.0,97.8,94.4,95.1,,,,,,,0.0,10.2,4.3,0.0,7.3,7.7,0.0,0.0,0.0,2.2,5.6,4.9,,,,,,
2025,Nordeste,PB,2505501,Vista Serrana,Total,Total,0.0,0.0,0.0,0.0,0.0,0.0,0.0,0.0,0.0,0.0,0.0,0.0,2.3,0.0,0.0,,,0.9,100.0,100.0,100.0,100.0,100.0,100.0,100.0,100.0,100.0,100.0,100.0,100.0,97.7,100.0,100.0,,,99.1,0.0,0.0,0.0,0.0,0.0,0.0,0.0,0.0,0.0,0.0,0.0,0.0,0.0,0.0,0.0,,,0.0
2025,Nordeste,PB,2505501,Vista Serrana,Urbana,Total,0.0,0.0,0.0,0.0,0.0,0.0,0.0,0.0,0.0,0.0,0.0,0.0,2.3,0.0,0.0,,,0.9,100.0,100.0,100.0,100.0,100.0,100.0,100.0,100.0,100.0,100.0,100.0,100.0,97.7,100.0,100.0,,,99.1,0.0,0.0,0.0,0.0,0.0,0.0,0.0,0.0,0.0,0.0,0.0,0.0,0.0,0.0,0.0,,,0.0
2025,Nordeste,PB,2505501,Vista Serrana,Rural,Total,0.0,0.0,0.0,0.0,0.0,,,,,,0.0,0.0,,,,,,,100.0,100.0,100.0,100.0,100.0,,,,,,100.0,100.0,,,,,,,0.0,0.0,0.0,0.0,0.0,,,,,,0.0,0.0,,,,,,
2025,Nordeste,PB,2505501,Vista Serrana,Total,Estadual,,,,,,,,,,,,,2.3,0.0,0.0,,,0.9,,,,,,,,,,,,,97.7,100.0,100.0,,,99.1,,,,,,,,,,,,,0.0,0.0,0.0,,,0.0
2025,Nordeste,PB,2505501,Vista Serrana,Urbana,Estadual,,,,,,,,,,,,,2.3,0.0,0.0,,,0.9,,,,,,,,,,,,,97.7,100.0,100.0,,,99.1,,,,,,,,,,,,,0.0,0.0,0.0,,,0.0
2025,Nordeste,PB,2505501,Vista Serrana,Total,Municipal,0.0,0.0,0.0,0.0,0.0,0.0,0.0,0.0,0.0,0.0,0.0,0.0,,,,,,,100.0,100.0,100.0,100.0,100.0,100.0,100.0,100.0,100.0,100.0,100.0,100.0,,,,,,,0.0,0.0,0.0,0.0,0.0,0.0,0.0,0.0,0.0,0.0,0.0,0.0,,,,,,
2025,Nordeste,PB,2505501,Vista Serrana,Urbana,Municipal,0.0,0.0,0.0,0.0,0.0,0.0,0.0,0.0,0.0,0.0,0.0,0.0,,,,,,,100.0,100.0,100.0,100.0,100.0,100.0,100.0,100.0,100.0,100.0,100.0,100.0,,,,,,,0.0,0.0,0.0,0.0,0.0,0.0,0.0,0.0,0.0,0.0,0.0,0.0,,,,,,
2025,Nordeste,PB,2505501,Vista Serrana,Rural,Municipal,0.0,0.0,0.0,0.0,0.0,,,,,,0.0,0.0,,,,,,,100.0,100.0,100.0,100.0,100.0,,,,,,100.0,100.0,,,,,,,0.0,0.0,0.0,0.0,0.0,,,,,,0.0,0.0,,,,,,
2025,Nordeste,PB,2505501,Vista Serrana,Total,Pública,0.0,0.0,0.0,0.0,0.0,0.0,0.0,0.0,0.0,0.0,0.0,0.0,2.3,0.0,0.0,,,0.9,100.0,100.0,100.0,100.0,100.0,100.0,100.0,100.0,100.0,100.0,100.0,100.0,97.7,100.0,100.0,,,99.1,0.0,0.0,0.0,0.0,0.0,0.0,0.0,0.0,0.0,0.0,0.0,0.0,0.0,0.0,0.0,,,0.0
2025,Nordeste,PB,2505501,Vista Serrana,Urbana,Pública,0.0,0.0,0.0,0.0,0.0,0.0,0.0,0.0,0.0,0.0,0.0,0.0,2.3,0.0,0.0,,,0.9,100.0,100.0,100.0,100.0,100.0,100.0,100.0,100.0,100.0,100.0,100.0,100.0,97.7,100.0,100.0,,,99.1,0.0,0.0,0.0,0.0,0.0,0.0,0.0,0.0,0.0,0.0,0.0,0.0,0.0,0.0,0.0,,,0.0
2025,Nordeste,PB,2505501,Vista Serrana,Rural,Pública,0.0,0.0,0.0,0.0,0.0,,,,,,0.0,0.0,,,,,,,100.0,100.0,100.0,100.0,100.0,,,,,,100.0,100.0,,,,,,,0.0,0.0,0.0,0.0,0.0,,,,,,0.0,0.0,,,,,,
2025,Nordeste,PB,2505600,Diamante,Total,Total,0.0,0.0,4.0,0.0,1.1,3.1,2.7,6.6,1.1,3.5,0.9,2.1,6.9,6.7,0.0,,,4.5,98.9,100.0,94.7,100.0,98.9,92.4,86.5,86.9,98.9,91.1,98.7,95.4,93.1,93.3,100.0,,,95.5,1.1,0.0,1.3,0.0,0.0,4.5,10.8,6.5,0.0,5.4,0.4,2.5,0.0,0.0,0.0,,,0.0
2025,Nordeste,PB,2505600,Diamante,Urbana,Total,0.0,0.0,3.4,0.0,1.5,3.5,1.8,4.9,1.3,3.0,0.9,1.9,6.9,6.7,0.0,,,4.5,100.0,100.0,94.9,100.0,98.5,91.1,84.2,89.0,98.7,91.1,98.8,95.3,93.1,93.3,100.0,,,95.5,0.0,0.0,1.7,0.0,0.0,5.4,14.0,6.1,0.0,5.9,0.3,2.8,0.0,0.0,0.0,,,0.0
2025,Nordeste,PB,2505600,Diamante,Rural,Total,0.0,0.0,6.2,0.0,0.0,0.0,5.9,12.0,0.0,6.1,0.8,2.5,,,,,,,97.2,100.0,93.8,100.0,100.0,100.0,94.1,80.0,100.0,90.8,98.4,95.9,,,,,,,2.8,0.0,0.0,0.0,0.0,0.0,0.0,8.0,0.0,3.1,0.8,1.6,,,,,,
2025,Nordeste,PB,2505600,Diamante,Total,Estadual,,,,,,0.0,,0.0,3.1,1.2,,1.2,6.9,6.7,0.0,,,4.5,,,,,,100.0,,96.0,96.9,97.5,,97.5,93.1,93.3,100.0,,,95.5,,,,,,0.0,,4.0,0.0,1.3,,1.3,0.0,0.0,0.0,,,0.0
2025,Nordeste,PB,2505600,Diamante,Urbana,Estadual,,,,,,0.0,,0.0,3.4,1.4,,1.4,6.9,6.7,0.0,,,4.5,,,,,,100.0,,94.1,96.6,97.1,,97.1,93.1,93.3,100.0,,,95.5,,,,,,0.0,,5.9,0.0,1.5,,1.5,0.0,0.0,0.0,,,0.0
2025,Nordeste,PB,2505600,Diamante,Rural,Estadual,,,,,,,,0.0,0.0,0.0,,0.0,,,,,,,,,,,,,,100.0,100.0,100.0,,100.0,,,,,,,,,,,,,,0.0,0.0,0.0,,0.0,,,,,,
2025,Nordeste,PB,2505600,Diamante,Total,Municipal,0.0,0.0,5.5,0.0,1.6,7.7,3.6,12.3,0.0,5.9,1.1,2.8,,,,,,,98.6,100.0,92.7,100.0,98.4,80.8,82.1,77.2,100.0,84.9,98.3,93.6,,,,,,,1.4,0.0,1.8,0.0,0.0,11.5,14.3,10.5,0.0,9.2,0.6,3.6,,,,,,
2025,Nordeste,PB,2505600,Diamante,Urbana,Municipal,0.0,0.0,5.1,0.0,2.4,12.4,2.6,10.0,0.0,5.3,1.4,2.9,,,,,,,100.0,100.0,92.3,100.0,97.6,68.8,76.9,80.0,100.0,83.2,98.1,92.5,,,,,,,0.0,0.0,2.6,0.0,0.0,18.8,20.5,10.0,0.0,11.5,0.5,4.6,,,,,,
2025,Nordeste,PB,2505600,Diamante,Rural,Municipal,0.0,0.0,6.2,0.0,0.0,0.0,5.9,17.6,0.0,7.4,0.8,2.8,,,,,,,97.2,100.0,93.8,100.0,100.0,100.0,94.1,70.6,100.0,88.9,98.4,95.6,,,,,,,2.8,0.0,0.0,0.0,0.0,0.0,0.0,11.8,0.0,3.7,0.8,1.6,,,,,,
2025,Nordeste,PB,2505600,Diamante,Total,Privada,0.0,0.0,0.0,0.0,0.0,0.0,0.0,0.0,0.0,0.0,0.0,0.0,,,,,,,100.0,100.0,100.0,100.0,100.0,100.0,100.0,100.0,100.0,100.0,100.0,100.0,,,,,,,0.0,0.0,0.0,0.0,0.0,0.0,0.0,0.0,0.0,0.0,0.0,0.0,,,,,,
2025,Nordeste,PB,2505600,Diamante,Urbana,Privada,0.0,0.0,0.0,0.0,0.0,0.0,0.0,0.0,0.0,0.0,0.0,0.0,,,,,,,100.0,100.0,100.0,100.0,100.0,100.0,100.0,100.0,100.0,100.0,100.0,100.0,,,,,,,0.0,0.0,0.0,0.0,0.0,0.0,0.0,0.0,0.0,0.0,0.0,0.0,,,,,,
2025,Nordeste,PB,2505600,Diamante,Total,Pública,0.0,0.0,5.5,0.0,1.6,4.1,3.6,8.6,1.3,4.6,1.1,2.6,6.9,6.7,0.0,,,4.5,98.6,100.0,92.7,100.0,98.4,89.6,82.1,82.9,98.7,88.6,98.3,94.1,93.1,93.3,100.0,,,95.5,1.4,0.0,1.8,0.0,0.0,6.3,14.3,8.5,0.0,6.8,0.6,3.3,0.0,0.0,0.0,,,0.0
2025,Nordeste,PB,2505600,Diamante,Urbana,Pública,0.0,0.0,5.1,0.0,2.4,5.3,2.6,7.0,1.5,4.1,1.4,2.6,6.9,6.7,0.0,,,4.5,100.0,100.0,92.3,100.0,97.6,86.8,76.9,84.2,98.5,87.9,98.1,93.3,93.1,93.3,100.0,,,95.5,0.0,0.0,2.6,0.0,0.0,7.9,20.5,8.8,0.0,8.0,0.5,4.1,0.0,0.0,0.0,,,0.0
2025,Nordeste,PB,2505600,Diamante,Rural,Pública,0.0,0.0,6.2,0.0,0.0,0.0,5.9,12.0,0.0,6.1,0.8,2.5,,,,,,,97.2,100.0,93.8,100.0,100.0,100.0,94.1,80.0,100.0,90.8,98.4,95.9,,,,,,,2.8,0.0,0.0,0.0,0.0,0.0,0.0,8.0,0.0,3.1,0.8,1.6,,,,,,
2025,Nordeste,PB,2505709,Dona Inês,Total,Total,0.0,0.0,0.0,0.0,0.0,0.0,0.0,0.0,0.0,0.0,0.0,0.0,0.0,0.0,0.0,,,0.0,100.0,100.0,100.0,100.0,100.0,100.0,100.0,100.0,100.0,100.0,100.0,100.0,100.0,100.0,100.0,,,100.0,0.0,0.0,0.0,0.0,0.0,0.0,0.0,0.0,0.0,0.0,0.0,0.0,0.0,0.0,0.0,,,0.0
2025,Nordeste,PB,2505709,Dona Inês,Urbana,Total,0.0,0.0,0.0,0.0,0.0,0.0,0.0,0.0,0.0,0.0,0.0,0.0,0.0,0.0,0.0,,,0.0,100.0,100.0,100.0,100.0,100.0,100.0,100.0,100.0,100.0,100.0,100.0,100.0,100.0,100.0,100.0,,,100.0,0.0,0.0,0.0,0.0,0.0,0.0,0.0,0.0,0.0,0.0,0.0,0.0,0.0,0.0,0.0,,,0.0
2025,Nordeste,PB,2505709,Dona Inês,Rural,Total,0.0,0.0,0.0,0.0,0.0,0.0,0.0,0.0,0.0,0.0,0.0,0.0,,,,,,,100.0,100.0,100.0,100.0,100.0,100.0,100.0,100.0,100.0,100.0,100.0,100.0,,,,,,,0.0,0.0,0.0,0.0,0.0,0.0,0.0,0.0,0.0,0.0,0.0,0.0,,,,,,
2025,Nordeste,PB,2505709,Dona Inês,Total,Estadual,,,,,,,,,,,,,0.0,0.0,0.0,,,0.0,,,,,,,,,,,,,100.0,100.0,100.0,,,100.0,,,,,,,,,,,,,0.0,0.0,0.0,,,0.0
2025,Nordeste,PB,2505709,Dona Inês,Urbana,Estadual,,,,,,,,,,,,,0.0,0.0,0.0,,,0.0,,,,,,,,,,,,,100.0,100.0,100.0,,,100.0,,,,,,,,,,,,,0.0,0.0,0.0,,,0.0
2025,Nordeste,PB,2505709,Dona Inês,Total,Municipal,0.0,0.0,0.0,0.0,0.0,0.0,0.0,0.0,0.0,0.0,0.0,0.0,,,,,,,100.0,100.0,100.0,100.0,100.0,100.0,100.0,100.0,100.0,100.0,100.0,100.0,,,,,,,0.0,0.0,0.0,0.0,0.0,0.0,0.0,0.0,0.0,0.0,0.0,0.0,,,,,,
2025,Nordeste,PB,2505709,Dona Inês,Urbana,Municipal,0.0,0.0,0.0,0.0,0.0,0.0,0.0,0.0,0.0,0.0,0.0,0.0,,,,,,,100.0,100.0,100.0,100.0,100.0,100.0,100.0,100.0,100.0,100.0,100.0,100.0,,,,,,,0.0,0.0,0.0,0.0,0.0,0.0,0.0,0.0,0.0,0.0,0.0,0.0,,,,,,
2025,Nordeste,PB,2505709,Dona Inês,Rural,Municipal,0.0,0.0,0.0,0.0,0.0,0.0,0.0,0.0,0.0,0.0,0.0,0.0,,,,,,,100.0,100.0,100.0,100.0,100.0,100.0,100.0,100.0,100.0,100.0,100.0,100.0,,,,,,,0.0,0.0,0.0,0.0,0.0,0.0,0.0,0.0,0.0,0.0,0.0,0.0,,,,,,
2025,Nordeste,PB,2505709,Dona Inês,Total,Privada,0.0,0.0,0.0,0.0,0.0,0.0,0.0,0.0,,0.0,0.0,0.0,,,,,,,100.0,100.0,100.0,100.0,100.0,100.0,100.0,100.0,,100.0,100.0,100.0,,,,,,,0.0,0.0,0.0,0.0,0.0,0.0,0.0,0.0,,0.0,0.0,0.0,,,,,,
2025,Nordeste,PB,2505709,Dona Inês,Urbana,Privada,0.0,0.0,0.0,0.0,0.0,0.0,0.0,0.0,,0.0,0.0,0.0,,,,,,,100.0,100.0,100.0,100.0,100.0,100.0,100.0,100.0,,100.0,100.0,100.0,,,,,,,0.0,0.0,0.0,0.0,0.0,0.0,0.0,0.0,,0.0,0.0,0.0,,,,,,
2025,Nordeste,PB,2505709,Dona Inês,Total,Pública,0.0,0.0,0.0,0.0,0.0,0.0,0.0,0.0,0.0,0.0,0.0,0.0,0.0,0.0,0.0,,,0.0,100.0,100.0,100.0,100.0,100.0,100.0,100.0,100.0,100.0,100.0,100.0,100.0,100.0,100.0,100.0,,,100.0,0.0,0.0,0.0,0.0,0.0,0.0,0.0,0.0,0.0,0.0,0.0,0.0,0.0,0.0,0.0,,,0.0
2025,Nordeste,PB,2505709,Dona Inês,Urbana,Pública,0.0,0.0,0.0,0.0,0.0,0.0,0.0,0.0,0.0,0.0,0.0,0.0,0.0,0.0,0.0,,,0.0,100.0,100.0,100.0,100.0,100.0,100.0,100.0,100.0,100.0,100.0,100.0,100.0,100.0,100.0,100.0,,,100.0,0.0,0.0,0.0,0.0,0.0,0.0,0.0,0.0,0.0,0.0,0.0,0.0,0.0,0.0,0.0,,,0.0
2025,Nordeste,PB,2505709,Dona Inês,Rural,Pública,0.0,0.0,0.0,0.0,0.0,0.0,0.0,0.0,0.0,0.0,0.0,0.0,,,,,,,100.0,100.0,100.0,100.0,100.0,100.0,100.0,100.0,100.0,100.0,100.0,100.0,,,,,,,0.0,0.0,0.0,0.0,0.0,0.0,0.0,0.0,0.0,0.0,0.0,0.0,,,,,,
2025,Nordeste,PB,2505808,Duas Estradas,Total,Total,0.0,0.0,0.0,0.0,0.0,0.0,5.2,0.0,0.0,1.0,0.0,0.4,2.6,12.5,3.6,,,5.5,100.0,100.0,100.0,100.0,100.0,95.1,89.7,100.0,100.0,96.7,100.0,98.6,92.3,83.3,96.4,,,91.2,0.0,0.0,0.0,0.0,0.0,4.9,5.1,0.0,0.0,2.3,0.0,1.0,5.1,4.2,0.0,,,3.3
2025,Nordeste,PB,2505808,Duas Estradas,Urbana,Total,0.0,0.0,0.0,0.0,0.0,0.0,5.9,0.0,0.0,1.1,0.0,0.5,2.6,12.5,3.6,,,5.5,100.0,100.0,100.0,100.0,100.0,98.0,88.2,100.0,100.0,97.3,100.0,98.8,92.3,83.3,96.4,,,91.2,0.0,0.0,0.0,0.0,0.0,2.0,5.9,0.0,0.0,1.6,0.0,0.7,5.1,4.2,0.0,,,3.3
2025,Nordeste,PB,2505808,Duas Estradas,Rural,Total,0.0,0.0,0.0,0.0,0.0,0.0,0.0,0.0,0.0,0.0,0.0,0.0,,,,,,,100.0,100.0,100.0,100.0,100.0,83.3,100.0,100.0,100.0,93.5,100.0,96.8,,,,,,,0.0,0.0,0.0,0.0,0.0,16.7,0.0,0.0,0.0,6.5,0.0,3.2,,,,,,
2025,Nordeste,PB,2505808,Duas Estradas,Total,Estadual,,,,,,0.0,28.6,0.0,0.0,5.5,,5.5,2.6,12.5,3.6,,,5.5,,,,,,88.9,71.4,100.0,100.0,91.7,,91.7,92.3,83.3,96.4,,,91.2,,,,,,11.1,0.0,0.0,0.0,2.8,,2.8,5.1,4.2,0.0,,,3.3
2025,Nordeste,PB,2505808,Duas Estradas,Urbana,Estadual,,,,,,0.0,28.6,0.0,0.0,5.5,,5.5,2.6,12.5,3.6,,,5.5,,,,,,88.9,71.4,100.0,100.0,91.7,,91.7,92.3,83.3,96.4,,,91.2,,,,,,11.1,0.0,0.0,0.0,2.8,,2.8,5.1,4.2,0.0,,,3.3
2025,Nordeste,PB,2505808,Duas Estradas,Total,Municipal,0.0,0.0,0.0,0.0,0.0,0.0,0.0,0.0,0.0,0.0,0.0,0.0,,,,,,,100.0,100.0,100.0,100.0,100.0,96.2,93.8,100.0,100.0,97.8,100.0,99.0,,,,,,,0.0,0.0,0.0,0.0,0.0,3.8,6.2,0.0,0.0,2.2,0.0,1.0,,,,,,
2025,Nordeste,PB,2505808,Duas Estradas,Urbana,Municipal,0.0,0.0,0.0,0.0,0.0,0.0,0.0,0.0,0.0,0.0,0.0,0.0,,,,,,,100.0,100.0,100.0,100.0,100.0,100.0,92.6,100.0,100.0,98.6,100.0,99.4,,,,,,,0.0,0.0,0.0,0.0,0.0,0.0,7.4,0.0,0.0,1.4,0.0,0.6,,,,,,
2025,Nordeste,PB,2505808,Duas Estradas,Rural,Municipal,0.0,0.0,0.0,0.0,0.0,0.0,0.0,0.0,0.0,0.0,0.0,0.0,,,,,,,100.0,100.0,100.0,100.0,100.0,83.3,100.0,100.0,100.0,93.5,100.0,96.8,,,,,,,0.0,0.0,0.0,0.0,0.0,16.7,0.0,0.0,0.0,6.5,0.0,3.2,,,,,,
2025,Nordeste,PB,2505808,Duas Estradas,Total,Privada,0.0,0.0,0.0,0.0,0.0,,,,,,0.0,0.0,,,,,,,100.0,100.0,100.0,100.0,100.0,,,,,,100.0,100.0,,,,,,,0.0,0.0,0.0,0.0,0.0,,,,,,0.0,0.0,,,,,,
2025,Nordeste,PB,2505808,Duas Estradas,Urbana,Privada,0.0,0.0,0.0,0.0,0.0,,,,,,0.0,0.0,,,,,,,100.0,100.0,100.0,100.0,100.0,,,,,,100.0,100.0,,,,,,,0.0,0.0,0.0,0.0,0.0,,,,,,0.0,0.0,,,,,,
2025,Nordeste,PB,2505808,Duas Estradas,Total,Pública,0.0,0.0,0.0,0.0,0.0,0.0,5.2,0.0,0.0,1.0,0.0,0.5,2.6,12.5,3.6,,,5.5,100.0,100.0,100.0,100.0,100.0,95.1,89.7,100.0,100.0,96.7,100.0,98.4,92.3,83.3,96.4,,,91.2,0.0,0.0,0.0,0.0,0.0,4.9,5.1,0.0,0.0,2.3,0.0,1.1,5.1,4.2,0.0,,,3.3
2025,Nordeste,PB,2505808,Duas Estradas,Urbana,Pública,0.0,0.0,0.0,0.0,0.0,0.0,5.9,0.0,0.0,1.1,0.0,0.5,2.6,12.5,3.6,,,5.5,100.0,100.0,100.0,100.0,100.0,98.0,88.2,100.0,100.0,97.3,100.0,98.7,92.3,83.3,96.4,,,91.2,0.0,0.0,0.0,0.0,0.0,2.0,5.9,0.0,0.0,1.6,0.0,0.8,5.1,4.2,0.0,,,3.3
2025,Nordeste,PB,2505808,Duas Estradas,Rural,Pública,0.0,0.0,0.0,0.0,0.0,0.0,0.0,0.0,0.0,0.0,0.0,0.0,,,,,,,100.0,100.0,100.0,100.0,100.0,83.3,100.0,100.0,100.0,93.5,100.0,96.8,,,,,,,0.0,0.0,0.0,0.0,0.0,16.7,0.0,0.0,0.0,6.5,0.0,3.2,,,,,,
2025,Nordeste,PB,2505907,Emas,Total,Total,0.0,0.0,0.0,0.0,0.0,0.0,0.0,0.0,0.0,0.0,0.0,0.0,2.6,0.0,0.0,,,0.8,100.0,100.0,97.2,100.0,100.0,100.0,93.5,94.2,100.0,96.7,99.6,98.4,97.4,97.9,100.0,,,98.4,0.0,0.0,2.8,0.0,0.0,0.0,6.5,5.8,0.0,3.3,0.4,1.6,0.0,2.1,0.0,,,0.8
2025,Nordeste,PB,2505907,Emas,Urbana,Total,0.0,0.0,0.0,0.0,0.0,0.0,0.0,0.0,0.0,0.0,0.0,0.0,2.6,0.0,0.0,,,0.8,100.0,100.0,100.0,100.0,100.0,100.0,93.5,94.2,100.0,96.7,100.0,98.1,97.4,97.9,100.0,,,98.4,0.0,0.0,0.0,0.0,0.0,0.0,6.5,5.8,0.0,3.3,0.0,1.9,0.0,2.1,0.0,,,0.8
2025,Nordeste,PB,2505907,Emas,Rural,Total,0.0,0.0,0.0,0.0,0.0,,,,,,0.0,0.0,,,,,,,100.0,100.0,96.8,100.0,100.0,,,,,,99.1,99.1,,,,,,,0.0,0.0,3.2,0.0,0.0,,,,,,0.9,0.9,,,,,,
2025,Nordeste,PB,2505907,Emas,Total,Estadual,,,,,,,,,,,,,2.6,0.0,0.0,,,0.8,,,,,,,,,,,,,97.4,97.9,100.0,,,98.4,,,,,,,,,,,,,0.0,2.1,0.0,,,0.8
2025,Nordeste,PB,2505907,Emas,Urbana,Estadual,,,,,,,,,,,,,2.6,0.0,0.0,,,0.8,,,,,,,,,,,,,97.4,97.9,100.0,,,98.4,,,,,,,,,,,,,0.0,2.1,0.0,,,0.8
2025,Nordeste,PB,2505907,Emas,Total,Municipal,0.0,0.0,0.0,0.0,0.0,0.0,0.0,0.0,0.0,0.0,0.0,0.0,,,,,,,100.0,100.0,96.8,100.0,100.0,100.0,93.5,94.2,100.0,96.7,99.5,98.3,,,,,,,0.0,0.0,3.2,0.0,0.0,0.0,6.5,5.8,0.0,3.3,0.5,1.7,,,,,,
2025,Nordeste,PB,2505907,Emas,Urbana,Municipal,0.0,0.0,,,0.0,0.0,0.0,0.0,0.0,0.0,0.0,0.0,,,,,,,100.0,100.0,,,100.0,100.0,93.5,94.2,100.0,96.7,100.0,97.9,,,,,,,0.0,0.0,,,0.0,0.0,6.5,5.8,0.0,3.3,0.0,2.1,,,,,,
2025,Nordeste,PB,2505907,Emas,Rural,Municipal,0.0,0.0,0.0,0.0,0.0,,,,,,0.0,0.0,,,,,,,100.0,100.0,96.8,100.0,100.0,,,,,,99.1,99.1,,,,,,,0.0,0.0,3.2,0.0,0.0,,,,,,0.9,0.9,,,,,,
2025,Nordeste,PB,2505907,Emas,Total,Privada,0.0,0.0,0.0,0.0,0.0,,,,,,0.0,0.0,,,,,,,100.0,100.0,100.0,100.0,100.0,,,,,,100.0,100.0,,,,,,,0.0,0.0,0.0,0.0,0.0,,,,,,0.0,0.0,,,,,,
2025,Nordeste,PB,2505907,Emas,Urbana,Privada,0.0,0.0,0.0,0.0,0.0,,,,,,0.0,0.0,,,,,,,100.0,100.0,100.0,100.0,100.0,,,,,,100.0,100.0,,,,,,,0.0,0.0,0.0,0.0,0.0,,,,,,0.0,0.0,,,,,,
2025,Nordeste,PB,2505907,Emas,Total,Pública,0.0,0.0,0.0,0.0,0.0,0.0,0.0,0.0,0.0,0.0,0.0,0.0,2.6,0.0,0.0,,,0.8,100.0,100.0,96.8,100.0,100.0,100.0,93.5,94.2,100.0,96.7,99.5,98.3,97.4,97.9,100.0,,,98.4,0.0,0.0,3.2,0.0,0.0,0.0,6.5,5.8,0.0,3.3,0.5,1.7,0.0,2.1,0.0,,,0.8
2025,Nordeste,PB,2505907,Emas,Urbana,Pública,0.0,0.0,,,0.0,0.0,0.0,0.0,0.0,0.0,0.0,0.0,2.6,0.0,0.0,,,0.8,100.0,100.0,,,100.0,100.0,93.5,94.2,100.0,96.7,100.0,97.9,97.4,97.9,100.0,,,98.4,0.0,0.0,,,0.0,0.0,6.5,5.8,0.0,3.3,0.0,2.1,0.0,2.1,0.0,,,0.8
2025,Nordeste,PB,2505907,Emas,Rural,Pública,0.0,0.0,0.0,0.0,0.0,,,,,,0.0,0.0,,,,,,,100.0,100.0,96.8,100.0,100.0,,,,,,99.1,99.1,,,,,,,0.0,0.0,3.2,0.0,0.0,,,,,,0.9,0.9,,,,,,
2025,Nordeste,PB,2506004,Esperança,Total,Total,0.0,0.0,0.0,0.0,0.0,0.4,0.2,0.6,0.6,0.5,0.0,0.2,7.2,4.1,1.3,,,4.6,99.8,100.0,100.0,100.0,100.0,99.2,98.8,98.2,99.4,98.9,100.0,99.5,86.4,95.5,98.5,,,92.6,0.2,0.0,0.0,0.0,0.0,0.4,1.0,1.2,0.0,0.6,0.0,0.3,6.4,0.4,0.2,,,2.8
2025,Nordeste,PB,2506004,Esperança,Urbana,Total,0.0,0.0,0.0,0.0,0.0,0.2,0.2,0.6,0.6,0.4,0.0,0.2,7.2,4.1,1.3,,,4.6,100.0,100.0,100.0,100.0,100.0,99.3,99.0,98.3,99.4,99.0,100.0,99.5,86.4,95.5,98.5,,,92.6,0.0,0.0,0.0,0.0,0.0,0.5,0.8,1.1,0.0,0.6,0.0,0.3,6.4,0.4,0.2,,,2.8
2025,Nordeste,PB,2506004,Esperança,Rural,Total,0.0,0.0,0.0,0.0,0.0,2.0,0.0,0.0,0.0,0.5,0.0,0.1,,,,,,,99.2,100.0,100.0,100.0,100.0,98.0,97.5,97.7,100.0,98.4,99.8,99.5,,,,,,,0.8,0.0,0.0,0.0,0.0,0.0,2.5,2.3,0.0,1.1,0.2,0.4,,,,,,
2025,Nordeste,PB,2506004,Esperança,Total,Federal,,,,,,,,,,,,,0.0,0.0,0.0,,,0.0,,,,,,,,,,,,,92.4,100.0,98.6,,,96.6,,,,,,,,,,,,,7.6,0.0,1.4,,,3.4
2025,Nordeste,PB,2506004,Esperança,Urbana,Federal,,,,,,,,,,,,,0.0,0.0,0.0,,,0.0,,,,,,,,,,,,,92.4,100.0,98.6,,,96.6,,,,,,,,,,,,,7.6,0.0,1.4,,,3.4
2025,Nordeste,PB,2506004,Esperança,Total,Estadual,,,,,,0.0,1.6,5.1,4.3,3.0,,3.0,10.6,6.1,1.8,,,6.7,,,,,,100.0,96.8,94.9,95.7,96.6,,96.6,82.4,93.3,98.2,,,90.2,,,,,,0.0,1.6,0.0,0.0,0.4,,0.4,7.0,0.6,0.0,,,3.1
2025,Nordeste,PB,2506004,Esperança,Urbana,Estadual,,,,,,0.0,1.6,5.1,4.3,3.0,,3.0,10.6,6.1,1.8,,,6.7,,,,,,100.0,96.8,94.9,95.7,96.6,,96.6,82.4,93.3,98.2,,,90.2,,,,,,0.0,1.6,0.0,0.0,0.4,,0.4,7.0,0.6,0.0,,,3.1
2025,Nordeste,PB,2506004,Esperança,Total,Municipal,0.0,0.0,0.0,0.0,0.0,0.6,0.0,0.0,0.0,0.2,0.0,0.1,,,,,,,99.8,100.0,100.0,100.0,100.0,99.4,99.2,98.3,100.0,99.2,99.9,99.6,,,,,,,0.2,0.0,0.0,0.0,0.0,0.0,0.8,1.7,0.0,0.6,0.1,0.3,,,,,,
2025,Nordeste,PB,2506004,Esperança,Urbana,Municipal,0.0,0.0,0.0,0.0,0.0,0.3,0.0,0.0,0.0,0.1,0.0,0.0,,,,,,,100.0,100.0,100.0,100.0,100.0,99.7,99.4,98.4,100.0,99.4,100.0,99.7,,,,,,,0.0,0.0,0.0,0.0,0.0,0.0,0.6,1.6,0.0,0.5,0.0,0.3,,,,,,
2025,Nordeste,PB,2506004,Esperança,Rural,Municipal,0.0,0.0,0.0,0.0,0.0,2.0,0.0,0.0,0.0,0.5,0.0,0.1,,,,,,,99.2,100.0,100.0,100.0,100.0,98.0,97.5,97.7,100.0,98.4,99.8,99.5,,,,,,,0.8,0.0,0.0,0.0,0.0,0.0,2.5,2.3,0.0,1.1,0.2,0.4,,,,,,
2025,Nordeste,PB,2506004,Esperança,Total,Privada,0.0,0.0,0.0,0.0,0.0,0.0,0.0,0.0,0.0,0.0,0.0,0.0,0.0,0.0,0.0,,,0.0,100.0,100.0,100.0,100.0,100.0,97.6,99.0,100.0,100.0,99.1,100.0,99.6,98.7,100.0,100.0,,,99.5,0.0,0.0,0.0,0.0,0.0,2.4,1.0,0.0,0.0,0.9,0.0,0.4,1.3,0.0,0.0,,,0.5
2025,Nordeste,PB,2506004,Esperança,Urbana,Privada,0.0,0.0,0.0,0.0,0.0,0.0,0.0,0.0,0.0,0.0,0.0,0.0,0.0,0.0,0.0,,,0.0,100.0,100.0,100.0,100.0,100.0,97.6,99.0,100.0,100.0,99.1,100.0,99.6,98.7,100.0,100.0,,,99.5,0.0,0.0,0.0,0.0,0.0,2.4,1.0,0.0,0.0,0.9,0.0,0.4,1.3,0.0,0.0,,,0.5
2025,Nordeste,PB,2506004,Esperança,Total,Pública,0.0,0.0,0.0,0.0,0.0,0.5,0.3,0.7,0.7,0.5,0.0,0.2,8.3,4.6,1.4,,,5.3,99.8,100.0,100.0,100.0,100.0,99.5,98.8,97.9,99.3,98.9,99.9,99.5,84.6,94.9,98.3,,,91.6,0.2,0.0,0.0,0.0,0.0,0.0,0.9,1.4,0.0,0.6,0.1,0.3,7.1,0.5,0.3,,,3.1
2025,Nordeste,PB,2506004,Esperança,Urbana,Pública,0.0,0.0,0.0,0.0,0.0,0.3,0.2,0.8,0.8,0.6,0.0,0.3,8.3,4.6,1.4,,,5.3,100.0,100.0,100.0,100.0,100.0,99.7,99.0,97.9,99.2,98.9,100.0,99.4,84.6,94.9,98.3,,,91.6,0.0,0.0,0.0,0.0,0.0,0.0,0.8,1.3,0.0,0.5,0.0,0.3,7.1,0.5,0.3,,,3.1
2025,Nordeste,PB,2506004,Esperança,Rural,Pública,0.0,0.0,0.0,0.0,0.0,2.0,0.0,0.0,0.0,0.5,0.0,0.1,,,,,,,99.2,100.0,100.0,100.0,100.0,98.0,97.5,97.7,100.0,98.4,99.8,99.5,,,,,,,0.8,0.0,0.0,0.0,0.0,0.0,2.5,2.3,0.0,1.1,0.2,0.4,,,,,,
2025,Nordeste,PB,2506103,Fagundes,Total,Total,0.0,0.0,1.2,0.0,0.0,3.1,1.1,3.5,0.6,2.1,0.2,1.0,3.2,1.6,1.7,,,2.2,97.9,98.5,95.8,96.8,98.6,88.8,91.1,90.9,98.2,92.0,97.6,95.2,91.0,92.8,98.3,,,93.7,2.1,1.5,3.0,3.2,1.4,8.1,7.8,5.6,1.2,5.9,2.2,3.8,5.8,5.6,0.0,,,4.1
2025,Nordeste,PB,2506103,Fagundes,Urbana,Total,0.0,0.0,0.0,0.0,0.0,3.5,1.2,4.2,0.7,2.4,0.0,1.2,3.2,1.6,1.7,,,2.2,96.7,97.7,98.1,94.2,97.7,88.3,93.1,89.0,98.0,92.0,96.9,94.4,91.0,92.8,98.3,,,93.7,3.3,2.3,1.9,5.8,2.3,8.2,5.7,6.8,1.3,5.6,3.1,4.4,5.8,5.6,0.0,,,4.1
2025,Nordeste,PB,2506103,Fagundes,Rural,Total,0.0,0.0,3.1,0.0,0.0,0.0,0.0,0.0,0.0,0.0,0.6,0.4,,,,,,,100.0,100.0,92.2,100.0,100.0,92.6,75.0,100.0,100.0,91.9,98.6,97.4,,,,,,,0.0,0.0,4.7,0.0,0.0,7.4,25.0,0.0,0.0,8.1,0.8,2.2,,,,,,
2025,Nordeste,PB,2506103,Fagundes,Total,Estadual,,,,,,0.0,0.0,4.4,0.0,0.8,,0.8,3.3,1.6,1.9,,,2.4,,,,,,95.1,96.8,91.3,98.5,95.7,,95.7,90.7,92.7,98.1,,,93.4,,,,,,4.9,3.2,4.3,1.5,3.5,,3.5,6.0,5.7,0.0,,,4.2
2025,Nordeste,PB,2506103,Fagundes,Urbana,Estadual,,,,,,0.0,0.0,4.4,0.0,0.8,,0.8,3.3,1.6,1.9,,,2.4,,,,,,95.1,96.8,91.3,98.5,95.7,,95.7,90.7,92.7,98.1,,,93.4,,,,,,4.9,3.2,4.3,1.5,3.5,,3.5,6.0,5.7,0.0,,,4.2
2025,Nordeste,PB,2506103,Fagundes,Total,Municipal,0.0,0.0,1.6,0.0,0.0,6.0,2.4,3.8,1.3,3.7,0.3,1.4,,,,,,,100.0,97.9,94.3,96.1,98.2,81.9,83.5,88.6,97.4,87.1,97.4,94.0,,,,,,,0.0,2.1,4.1,3.9,1.8,12.1,14.1,7.6,1.3,9.2,2.3,4.6,,,,,,
2025,Nordeste,PB,2506103,Fagundes,Urbana,Municipal,0.0,0.0,0.0,0.0,0.0,7.8,3.0,5.6,1.6,4.8,0.0,2.1,,,,,,,100.0,95.7,96.6,91.5,96.6,78.7,86.2,83.3,96.8,85.6,96.1,91.6,,,,,,,0.0,4.3,3.4,8.5,3.4,13.5,10.8,11.1,1.6,9.6,3.9,6.3,,,,,,
2025,Nordeste,PB,2506103,Fagundes,Rural,Municipal,0.0,0.0,3.1,0.0,0.0,0.0,0.0,0.0,0.0,0.0,0.6,0.4,,,,,,,100.0,100.0,92.2,100.0,100.0,92.6,75.0,100.0,100.0,91.9,98.6,97.4,,,,,,,0.0,0.0,4.7,0.0,0.0,7.4,25.0,0.0,0.0,8.1,0.8,2.2,,,,,,
2025,Nordeste,PB,2506103,Fagundes,Total,Privada,0.0,0.0,0.0,0.0,0.0,0.0,0.0,0.0,0.0,0.0,0.0,0.0,0.0,0.0,0.0,,,0.0,91.8,100.0,100.0,100.0,100.0,100.0,100.0,100.0,100.0,100.0,98.2,98.8,100.0,100.0,100.0,,,100.0,8.2,0.0,0.0,0.0,0.0,0.0,0.0,0.0,0.0,0.0,1.8,1.2,0.0,0.0,0.0,,,0.0
2025,Nordeste,PB,2506103,Fagundes,Urbana,Privada,0.0,0.0,0.0,0.0,0.0,0.0,0.0,0.0,0.0,0.0,0.0,0.0,0.0,0.0,0.0,,,0.0,91.8,100.0,100.0,100.0,100.0,100.0,100.0,100.0,100.0,100.0,98.2,98.8,100.0,100.0,100.0,,,100.0,8.2,0.0,0.0,0.0,0.0,0.0,0.0,0.0,0.0,0.0,1.8,1.2,0.0,0.0,0.0,,,0.0
2025,Nordeste,PB,2506103,Fagundes,Total,Pública,0.0,0.0,1.6,0.0,0.0,3.5,1.4,4.0,0.7,2.5,0.3,1.3,3.3,1.6,1.9,,,2.4,100.0,97.9,94.3,96.1,98.2,87.4,89.1,89.6,97.9,90.7,97.4,94.3,90.7,92.7,98.1,,,93.4,0.0,2.1,4.1,3.9,1.8,9.1,9.5,6.4,1.4,6.8,2.3,4.4,6.0,5.7,0.0,,,4.2
2025,Nordeste,PB,2506103,Fagundes,Urbana,Pública,0.0,0.0,0.0,0.0,0.0,4.1,1.6,5.0,0.8,2.9,0.0,1.7,3.3,1.6,1.9,,,2.4,100.0,95.7,96.6,91.5,96.6,86.5,91.3,87.0,97.7,90.5,96.1,92.8,90.7,92.7,98.1,,,93.4,0.0,4.3,3.4,8.5,3.4,9.4,7.1,8.0,1.5,6.6,3.9,5.5,6.0,5.7,0.0,,,4.2
2025,Nordeste,PB,2506103,Fagundes,Rural,Pública,0.0,0.0,3.1,0.0,0.0,0.0,0.0,0.0,0.0,0.0,0.6,0.4,,,,,,,100.0,100.0,92.2,100.0,100.0,92.6,75.0,100.0,100.0,91.9,98.6,97.4,,,,,,,0.0,0.0,4.7,0.0,0.0,7.4,25.0,0.0,0.0,8.1,0.8,2.2,,,,,,
2025,Nordeste,PB,2506202,Frei Martinho,Total,Total,0.0,0.0,0.0,0.0,0.0,0.0,0.0,3.1,2.4,1.3,0.0,0.7,7.4,0.0,0.0,,,2.9,100.0,100.0,100.0,100.0,100.0,82.9,82.2,81.3,92.7,85.0,100.0,92.1,88.9,100.0,100.0,,,95.7,0.0,0.0,0.0,0.0,0.0,17.1,17.8,15.6,4.9,13.7,0.0,7.2,3.7,0.0,0.0,,,1.4
2025,Nordeste,PB,2506202,Frei Martinho,Urbana,Total,0.0,0.0,0.0,0.0,0.0,0.0,0.0,3.1,2.4,1.3,0.0,0.7,7.4,0.0,0.0,,,2.9,100.0,100.0,100.0,100.0,100.0,82.9,82.2,81.3,92.7,85.0,100.0,91.8,88.9,100.0,100.0,,,95.7,0.0,0.0,0.0,0.0,0.0,17.1,17.8,15.6,4.9,13.7,0.0,7.5,3.7,0.0,0.0,,,1.4
2025,Nordeste,PB,2506202,Frei Martinho,Rural,Total,,0.0,0.0,0.0,,,,,,,0.0,0.0,,,,,,,,100.0,100.0,100.0,,,,,,,100.0,100.0,,,,,,,,0.0,0.0,0.0,,,,,,,0.0,0.0,,,,,,
2025,Nordeste,PB,2506202,Frei Martinho,Total,Estadual,,,,,,,,,,,,,7.4,0.0,0.0,,,2.9,,,,,,,,,,,,,88.9,100.0,100.0,,,95.7,,,,,,,,,,,,,3.7,0.0,0.0,,,1.4
2025,Nordeste,PB,2506202,Frei Martinho,Urbana,Estadual,,,,,,,,,,,,,7.4,0.0,0.0,,,2.9,,,,,,,,,,,,,88.9,100.0,100.0,,,95.7,,,,,,,,,,,,,3.7,0.0,0.0,,,1.4
2025,Nordeste,PB,2506202,Frei Martinho,Total,Municipal,0.0,0.0,0.0,0.0,0.0,0.0,0.0,3.1,2.4,1.3,0.0,0.7,,,,,,,100.0,100.0,100.0,100.0,100.0,82.9,82.2,81.3,92.7,85.0,100.0,92.1,,,,,,,0.0,0.0,0.0,0.0,0.0,17.1,17.8,15.6,4.9,13.7,0.0,7.2,,,,,,
2025,Nordeste,PB,2506202,Frei Martinho,Urbana,Municipal,0.0,0.0,0.0,0.0,0.0,0.0,0.0,3.1,2.4,1.3,0.0,0.7,,,,,,,100.0,100.0,100.0,100.0,100.0,82.9,82.2,81.3,92.7,85.0,100.0,91.8,,,,,,,0.0,0.0,0.0,0.0,0.0,17.1,17.8,15.6,4.9,13.7,0.0,7.5,,,,,,
2025,Nordeste,PB,2506202,Frei Martinho,Rural,Municipal,,0.0,0.0,0.0,,,,,,,0.0,0.0,,,,,,,,100.0,100.0,100.0,,,,,,,100.0,100.0,,,,,,,,0.0,0.0,0.0,,,,,,,0.0,0.0,,,,,,
2025,Nordeste,PB,2506202,Frei Martinho,Total,Pública,0.0,0.0,0.0,0.0,0.0,0.0,0.0,3.1,2.4,1.3,0.0,0.7,7.4,0.0,0.0,,,2.9,100.0,100.0,100.0,100.0,100.0,82.9,82.2,81.3,92.7,85.0,100.0,92.1,88.9,100.0,100.0,,,95.7,0.0,0.0,0.0,0.0,0.0,17.1,17.8,15.6,4.9,13.7,0.0,7.2,3.7,0.0,0.0,,,1.4
2025,Nordeste,PB,2506202,Frei Martinho,Urbana,Pública,0.0,0.0,0.0,0.0,0.0,0.0,0.0,3.1,2.4,1.3,0.0,0.7,7.4,0.0,0.0,,,2.9,100.0,100.0,100.0,100.0,100.0,82.9,82.2,81.3,92.7,85.0,100.0,91.8,88.9,100.0,100.0,,,95.7,0.0,0.0,0.0,0.0,0.0,17.1,17.8,15.6,4.9,13.7,0.0,7.5,3.7,0.0,0.0,,,1.4
2025,Nordeste,PB,2506202,Frei Martinho,Rural,Pública,,0.0,0.0,0.0,,,,,,,0.0,0.0,,,,,,,,100.0,100.0,100.0,,,,,,,100.0,100.0,,,,,,,,0.0,0.0,0.0,,,,,,,0.0,0.0,,,,,,
2025,Nordeste,PB,2506251,Gado Bravo,Total,Total,0.0,0.0,0.0,0.0,0.0,0.0,0.0,0.0,0.0,0.0,0.0,0.0,4.6,5.4,3.0,,,4.6,100.0,100.0,100.0,100.0,100.0,100.0,99.0,100.0,100.0,99.8,100.0,99.9,90.0,93.7,97.0,,,92.8,0.0,0.0,0.0,0.0,0.0,0.0,1.0,0.0,0.0,0.2,0.0,0.1,5.4,0.9,0.0,,,2.6
2025,Nordeste,PB,2506251,Gado Bravo,Urbana,Total,0.0,0.0,0.0,0.0,0.0,0.0,0.0,0.0,0.0,0.0,0.0,0.0,4.6,5.4,3.0,,,4.6,100.0,100.0,100.0,100.0,100.0,100.0,99.0,100.0,100.0,99.8,100.0,99.9,90.0,93.7,97.0,,,92.8,0.0,0.0,0.0,0.0,0.0,0.0,1.0,0.0,0.0,0.2,0.0,0.1,5.4,0.9,0.0,,,2.6
2025,Nordeste,PB,2506251,Gado Bravo,Rural,Total,0.0,0.0,0.0,0.0,0.0,,,,,,0.0,0.0,,,,,,,100.0,100.0,100.0,100.0,100.0,,,,,,100.0,100.0,,,,,,,0.0,0.0,0.0,0.0,0.0,,,,,,0.0,0.0,,,,,,
2025,Nordeste,PB,2506251,Gado Bravo,Total,Estadual,,,,,,,,,,,,,4.6,5.4,3.0,,,4.6,,,,,,,,,,,,,90.0,93.7,97.0,,,92.8,,,,,,,,,,,,,5.4,0.9,0.0,,,2.6
2025,Nordeste,PB,2506251,Gado Bravo,Urbana,Estadual,,,,,,,,,,,,,4.6,5.4,3.0,,,4.6,,,,,,,,,,,,,90.0,93.7,97.0,,,92.8,,,,,,,,,,,,,5.4,0.9,0.0,,,2.6
2025,Nordeste,PB,2506251,Gado Bravo,Total,Municipal,0.0,0.0,0.0,0.0,0.0,0.0,0.0,0.0,0.0,0.0,0.0,0.0,,,,,,,100.0,100.0,100.0,100.0,100.0,100.0,99.0,100.0,100.0,99.8,100.0,99.9,,,,,,,0.0,0.0,0.0,0.0,0.0,0.0,1.0,0.0,0.0,0.2,0.0,0.1,,,,,,
2025,Nordeste,PB,2506251,Gado Bravo,Urbana,Municipal,0.0,0.0,0.0,0.0,0.0,0.0,0.0,0.0,0.0,0.0,0.0,0.0,,,,,,,100.0,100.0,100.0,100.0,100.0,100.0,99.0,100.0,100.0,99.8,100.0,99.9,,,,,,,0.0,0.0,0.0,0.0,0.0,0.0,1.0,0.0,0.0,0.2,0.0,0.1,,,,,,
2025,Nordeste,PB,2506251,Gado Bravo,Rural,Municipal,0.0,0.0,0.0,0.0,0.0,,,,,,0.0,0.0,,,,,,,100.0,100.0,100.0,100.0,100.0,,,,,,100.0,100.0,,,,,,,0.0,0.0,0.0,0.0,0.0,,,,,,0.0,0.0,,,,,,
2025,Nordeste,PB,2506251,Gado Bravo,Total,Privada,0.0,0.0,0.0,0.0,0.0,,,,,,0.0,0.0,,,,,,,100.0,100.0,100.0,100.0,100.0,,,,,,100.0,100.0,,,,,,,0.0,0.0,0.0,0.0,0.0,,,,,,0.0,0.0,,,,,,
2025,Nordeste,PB,2506251,Gado Bravo,Urbana,Privada,0.0,0.0,0.0,0.0,0.0,,,,,,0.0,0.0,,,,,,,100.0,100.0,100.0,100.0,100.0,,,,,,100.0,100.0,,,,,,,0.0,0.0,0.0,0.0,0.0,,,,,,0.0,0.0,,,,,,
2025,Nordeste,PB,2506251,Gado Bravo,Total,Pública,0.0,0.0,0.0,0.0,0.0,0.0,0.0,0.0,0.0,0.0,0.0,0.0,4.6,5.4,3.0,,,4.6,100.0,100.0,100.0,100.0,100.0,100.0,99.0,100.0,100.0,99.8,100.0,99.9,90.0,93.7,97.0,,,92.8,0.0,0.0,0.0,0.0,0.0,0.0,1.0,0.0,0.0,0.2,0.0,0.1,5.4,0.9,0.0,,,2.6
2025,Nordeste,PB,2506251,Gado Bravo,Urbana,Pública,0.0,0.0,0.0,0.0,0.0,0.0,0.0,0.0,0.0,0.0,0.0,0.0,4.6,5.4,3.0,,,4.6,100.0,100.0,100.0,100.0,100.0,100.0,99.0,100.0,100.0,99.8,100.0,99.9,90.0,93.7,97.0,,,92.8,0.0,0.0,0.0,0.0,0.0,0.0,1.0,0.0,0.0,0.2,0.0,0.1,5.4,0.9,0.0,,,2.6
2025,Nordeste,PB,2506251,Gado Bravo,Rural,Pública,0.0,0.0,0.0,0.0,0.0,,,,,,0.0,0.0,,,,,,,100.0,100.0,100.0,100.0,100.0,,,,,,100.0,100.0,,,,,,,0.0,0.0,0.0,0.0,0.0,,,,,,0.0,0.0,,,,,,
2025,Nordeste,PB,2506301,Guarabira,Total,Total,0.3,0.0,0.3,0.2,0.0,1.0,1.9,1.2,0.9,1.2,0.2,0.6,2.1,3.7,1.8,0.0,,2.5,99.5,99.9,98.7,98.1,98.4,95.5,95.5,97.2,98.6,96.7,98.9,97.9,97.4,95.7,98.1,98.0,,97.0,0.2,0.1,1.0,1.7,1.6,3.5,2.6,1.6,0.5,2.1,0.9,1.5,0.5,0.6,0.1,2.0,,0.5
2025,Nordeste,PB,2506301,Guarabira,Urbana,Total,0.2,0.0,0.1,0.1,0.0,1.1,2.0,1.2,0.9,1.2,0.1,0.7,2.1,3.7,1.8,0.0,,2.5,99.5,99.9,98.7,98.4,98.6,95.3,95.3,97.1,98.6,96.6,99.0,97.8,97.4,95.7,98.1,98.0,,97.0,0.3,0.1,1.2,1.5,1.4,3.6,2.7,1.7,0.5,2.2,0.9,1.5,0.5,0.6,0.1,2.0,,0.5
2025,Nordeste,PB,2506301,Guarabira,Rural,Total,0.0,0.0,1.1,0.8,0.0,0.0,0.0,0.0,3.7,0.8,0.3,0.5,,,,,,,100.0,100.0,98.9,96.6,96.8,100.0,100.0,100.0,96.3,99.2,98.5,98.6,,,,,,,0.0,0.0,0.0,2.6,3.2,0.0,0.0,0.0,0.0,0.0,1.2,0.9,,,,,,
2025,Nordeste,PB,2506301,Guarabira,Total,Federal,,,,,,,,,,,,,0.0,1.0,0.0,0.0,,0.3,,,,,,,,,,,,,98.3,98.1,99.0,98.0,,98.3,,,,,,,,,,,,,1.7,0.9,1.0,2.0,,1.4
2025,Nordeste,PB,2506301,Guarabira,Urbana,Federal,,,,,,,,,,,,,0.0,1.0,0.0,0.0,,0.3,,,,,,,,,,,,,98.3,98.1,99.0,98.0,,98.3,,,,,,,,,,,,,1.7,0.9,1.0,2.0,,1.4
2025,Nordeste,PB,2506301,Guarabira,Total,Estadual,,,,,,0.0,0.9,0.8,0.7,0.6,,0.6,3.2,3.7,2.9,,,3.3,,,,,,94.3,95.3,98.3,99.3,97.0,,97.0,96.7,95.4,97.1,,,96.3,,,,,,5.7,3.8,0.9,0.0,2.4,,2.4,0.1,0.9,0.0,,,0.4
2025,Nordeste,PB,2506301,Guarabira,Urbana,Estadual,,,,,,0.0,1.0,0.9,0.0,0.4,,0.4,3.2,3.7,2.9,,,3.3,,,,,,94.1,95.0,98.2,100.0,97.1,,97.1,96.7,95.4,97.1,,,96.3,,,,,,5.9,4.0,0.9,0.0,2.5,,2.5,0.1,0.9,0.0,,,0.4
2025,Nordeste,PB,2506301,Guarabira,Rural,Estadual,,,,,,0.0,0.0,0.0,14.3,4.8,,4.8,,,,,,,,,,,,100.0,100.0,100.0,85.7,95.2,,95.2,,,,,,,,,,,,0.0,0.0,0.0,0.0,0.0,,0.0,,,,,,
2025,Nordeste,PB,2506301,Guarabira,Total,Municipal,0.0,0.0,0.2,0.4,0.0,2.1,3.2,1.9,1.5,2.2,0.1,1.0,,,,,,,100.0,100.0,98.3,97.4,97.5,92.5,92.7,95.2,97.5,94.4,98.6,96.9,,,,,,,0.0,0.0,1.5,2.2,2.5,5.4,4.1,2.9,1.0,3.4,1.3,2.1,,,,,,
2025,Nordeste,PB,2506301,Guarabira,Urbana,Municipal,0.0,0.0,0.0,0.2,0.0,2.2,3.4,2.0,1.6,2.3,0.0,1.1,,,,,,,100.0,100.0,98.2,97.7,97.7,92.0,92.4,94.9,97.4,94.1,98.7,96.6,,,,,,,0.0,0.0,1.8,2.1,2.3,5.8,4.2,3.1,1.0,3.6,1.3,2.3,,,,,,
2025,Nordeste,PB,2506301,Guarabira,Rural,Municipal,0.0,0.0,1.1,0.8,0.0,0.0,0.0,0.0,0.0,0.0,0.3,0.3,,,,,,,100.0,100.0,98.9,96.6,96.8,100.0,100.0,100.0,100.0,100.0,98.5,98.7,,,,,,,0.0,0.0,0.0,2.6,3.2,0.0,0.0,0.0,0.0,0.0,1.2,1.0,,,,,,
2025,Nordeste,PB,2506301,Guarabira,Total,Privada,0.6,0.0,0.3,0.0,0.0,0.0,0.3,0.0,0.3,0.1,0.2,0.1,0.4,4.3,0.0,,,1.8,98.8,99.7,99.4,99.2,99.7,99.2,99.4,100.0,99.7,99.6,99.4,99.5,98.6,95.7,100.0,,,97.9,0.6,0.3,0.3,0.8,0.3,0.8,0.3,0.0,0.0,0.3,0.4,0.4,1.0,0.0,0.0,,,0.3
2025,Nordeste,PB,2506301,Guarabira,Urbana,Privada,0.6,0.0,0.3,0.0,0.0,0.0,0.3,0.0,0.3,0.1,0.2,0.1,0.4,4.3,0.0,,,1.8,98.8,99.7,99.4,99.2,99.7,99.2,99.4,100.0,99.7,99.6,99.4,99.5,98.6,95.7,100.0,,,97.9,0.6,0.3,0.3,0.8,0.3,0.8,0.3,0.0,0.0,0.3,0.4,0.4,1.0,0.0,0.0,,,0.3
2025,Nordeste,PB,2506301,Guarabira,Total,Pública,0.0,0.0,0.2,0.4,0.0,1.7,2.8,1.8,1.3,1.9,0.1,0.9,2.7,3.4,2.6,0.0,,2.8,100.0,100.0,98.3,97.4,97.5,92.9,93.2,95.7,98.0,94.9,98.6,96.9,96.9,95.7,97.3,98.0,,96.7,0.0,0.0,1.5,2.2,2.5,5.4,4.0,2.5,0.7,3.2,1.3,2.2,0.4,0.9,0.1,2.0,,0.5
2025,Nordeste,PB,2506301,Guarabira,Urbana,Pública,0.0,0.0,0.0,0.2,0.0,1.8,3.0,1.8,1.1,2.0,0.0,1.1,2.7,3.4,2.6,0.0,,2.8,100.0,100.0,98.2,97.7,97.7,92.4,92.8,95.5,98.1,94.7,98.7,96.6,96.9,95.7,97.3,98.0,,96.7,0.0,0.0,1.8,2.1,2.3,5.8,4.2,2.7,0.8,3.3,1.3,2.3,0.4,0.9,0.1,2.0,,0.5
2025,Nordeste,PB,2506301,Guarabira,Rural,Pública,0.0,0.0,1.1,0.8,0.0,0.0,0.0,0.0,3.7,0.8,0.3,0.5,,,,,,,100.0,100.0,98.9,96.6,96.8,100.0,100.0,100.0,96.3,99.2,98.5,98.6,,,,,,,0.0,0.0,0.0,2.6,3.2,0.0,0.0,0.0,0.0,0.0,1.2,0.9,,,,,,
2025,Nordeste,PB,2506400,Gurinhém,Total,Total,0.0,0.0,0.0,0.0,0.0,0.0,0.5,0.6,0.0,0.3,0.0,0.1,19.6,10.7,5.5,,,12.7,100.0,100.0,99.4,100.0,100.0,99.0,98.4,99.4,100.0,99.2,99.9,99.6,76.3,88.0,93.1,,,84.8,0.0,0.0,0.6,0.0,0.0,1.0,1.1,0.0,0.0,0.5,0.1,0.3,4.1,1.3,1.4,,,2.5
2025,Nordeste,PB,2506400,Gurinhém,Urbana,Total,0.0,0.0,0.0,0.0,0.0,0.0,0.0,1.1,0.0,0.2,0.0,0.1,19.6,10.7,5.5,,,12.7,100.0,100.0,100.0,100.0,100.0,100.0,100.0,98.9,100.0,99.8,100.0,99.9,76.3,88.0,93.1,,,84.8,0.0,0.0,0.0,0.0,0.0,0.0,0.0,0.0,0.0,0.0,0.0,0.0,4.1,1.3,1.4,,,2.5
2025,Nordeste,PB,2506400,Gurinhém,Rural,Total,0.0,0.0,0.0,0.0,0.0,0.0,1.5,0.0,0.0,0.4,0.0,0.1,,,,,,,100.0,100.0,98.8,100.0,100.0,97.6,95.5,100.0,100.0,98.2,99.8,99.2,,,,,,,0.0,0.0,1.2,0.0,0.0,2.4,3.0,0.0,0.0,1.4,0.2,0.7,,,,,,
2025,Nordeste,PB,2506400,Gurinhém,Total,Estadual,,,,,,,,,,,,,19.6,10.7,5.5,,,12.7,,,,,,,,,,,,,76.3,88.0,93.1,,,84.8,,,,,,,,,,,,,4.1,1.3,1.4,,,2.5
2025,Nordeste,PB,2506400,Gurinhém,Urbana,Estadual,,,,,,,,,,,,,19.6,10.7,5.5,,,12.7,,,,,,,,,,,,,76.3,88.0,93.1,,,84.8,,,,,,,,,,,,,4.1,1.3,1.4,,,2.5
2025,Nordeste,PB,2506400,Gurinhém,Total,Municipal,0.0,0.0,0.0,0.0,0.0,0.0,0.6,0.6,0.0,0.3,0.0,0.2,,,,,,,100.0,100.0,99.3,100.0,100.0,98.9,98.2,99.4,100.0,99.1,99.9,99.5,,,,,,,0.0,0.0,0.7,0.0,0.0,1.1,1.2,0.0,0.0,0.6,0.1,0.3,,,,,,
2025,Nordeste,PB,2506400,Gurinhém,Urbana,Municipal,0.0,0.0,0.0,0.0,0.0,0.0,0.0,1.1,0.0,0.2,0.0,0.1,,,,,,,100.0,100.0,100.0,100.0,100.0,100.0,100.0,98.9,100.0,99.8,100.0,99.9,,,,,,,0.0,0.0,0.0,0.0,0.0,0.0,0.0,0.0,0.0,0.0,0.0,0.0,,,,,,
2025,Nordeste,PB,2506400,Gurinhém,Rural,Municipal,0.0,0.0,0.0,0.0,0.0,0.0,1.5,0.0,0.0,0.4,0.0,0.1,,,,,,,100.0,100.0,98.8,100.0,100.0,97.6,95.5,100.0,100.0,98.2,99.8,99.2,,,,,,,0.0,0.0,1.2,0.0,0.0,2.4,3.0,0.0,0.0,1.4,0.2,0.7,,,,,,
2025,Nordeste,PB,2506400,Gurinhém,Total,Privada,0.0,0.0,0.0,0.0,0.0,0.0,0.0,0.0,,0.0,0.0,0.0,,,,,,,100.0,100.0,100.0,100.0,100.0,100.0,100.0,100.0,,100.0,100.0,100.0,,,,,,,0.0,0.0,0.0,0.0,0.0,0.0,0.0,0.0,,0.0,0.0,0.0,,,,,,
2025,Nordeste,PB,2506400,Gurinhém,Urbana,Privada,0.0,0.0,0.0,0.0,0.0,0.0,0.0,0.0,,0.0,0.0,0.0,,,,,,,100.0,100.0,100.0,100.0,100.0,100.0,100.0,100.0,,100.0,100.0,100.0,,,,,,,0.0,0.0,0.0,0.0,0.0,0.0,0.0,0.0,,0.0,0.0,0.0,,,,,,
2025,Nordeste,PB,2506400,Gurinhém,Rural,Privada,0.0,0.0,,0.0,,,,,,,0.0,0.0,,,,,,,100.0,100.0,,100.0,,,,,,,100.0,100.0,,,,,,,0.0,0.0,,0.0,,,,,,,0.0,0.0,,,,,,
2025,Nordeste,PB,2506400,Gurinhém,Total,Pública,0.0,0.0,0.0,0.0,0.0,0.0,0.6,0.6,0.0,0.3,0.0,0.2,19.6,10.7,5.5,,,12.7,100.0,100.0,99.3,100.0,100.0,98.9,98.2,99.4,100.0,99.1,99.9,99.5,76.3,88.0,93.1,,,84.8,0.0,0.0,0.7,0.0,0.0,1.1,1.2,0.0,0.0,0.6,0.1,0.3,4.1,1.3,1.4,,,2.5
2025,Nordeste,PB,2506400,Gurinhém,Urbana,Pública,0.0,0.0,0.0,0.0,0.0,0.0,0.0,1.1,0.0,0.2,0.0,0.1,19.6,10.7,5.5,,,12.7,100.0,100.0,100.0,100.0,100.0,100.0,100.0,98.9,100.0,99.8,100.0,99.9,76.3,88.0,93.1,,,84.8,0.0,0.0,0.0,0.0,0.0,0.0,0.0,0.0,0.0,0.0,0.0,0.0,4.1,1.3,1.4,,,2.5
2025,Nordeste,PB,2506400,Gurinhém,Rural,Pública,0.0,0.0,0.0,0.0,0.0,0.0,1.5,0.0,0.0,0.4,0.0,0.1,,,,,,,100.0,100.0,98.8,100.0,100.0,97.6,95.5,100.0,100.0,98.2,99.8,99.2,,,,,,,0.0,0.0,1.2,0.0,0.0,2.4,3.0,0.0,0.0,1.4,0.2,0.7,,,,,,
2025,Nordeste,PB,2506509,Gurjão,Total,Total,0.0,0.0,0.0,0.0,0.0,0.0,6.8,1.9,0.0,2.6,0.0,1.2,0.0,0.0,0.0,,,0.0,100.0,100.0,100.0,100.0,97.7,90.5,93.2,96.2,100.0,94.9,99.6,97.4,100.0,100.0,100.0,,,100.0,0.0,0.0,0.0,0.0,2.3,9.5,0.0,1.9,0.0,2.5,0.4,1.4,0.0,0.0,0.0,,,0.0
2025,Nordeste,PB,2506509,Gurjão,Urbana,Total,0.0,0.0,0.0,0.0,0.0,0.0,6.8,1.9,0.0,2.6,0.0,1.2,0.0,0.0,0.0,,,0.0,100.0,100.0,100.0,100.0,100.0,90.5,93.2,96.2,100.0,94.9,100.0,97.6,100.0,100.0,100.0,,,100.0,0.0,0.0,0.0,0.0,0.0,9.5,0.0,1.9,0.0,2.5,0.0,1.2,0.0,0.0,0.0,,,0.0
2025,Nordeste,PB,2506509,Gurjão,Rural,Total,0.0,0.0,0.0,0.0,0.0,,,,,,0.0,0.0,,,,,,,100.0,100.0,100.0,100.0,50.0,,,,,,88.9,88.9,,,,,,,0.0,0.0,0.0,0.0,50.0,,,,,,11.1,11.1,,,,,,
2025,Nordeste,PB,2506509,Gurjão,Total,Estadual,,,,,,,,,,,,,0.0,0.0,0.0,,,0.0,,,,,,,,,,,,,100.0,100.0,100.0,,,100.0,,,,,,,,,,,,,0.0,0.0,0.0,,,0.0
2025,Nordeste,PB,2506509,Gurjão,Urbana,Estadual,,,,,,,,,,,,,0.0,0.0,0.0,,,0.0,,,,,,,,,,,,,100.0,100.0,100.0,,,100.0,,,,,,,,,,,,,0.0,0.0,0.0,,,0.0
2025,Nordeste,PB,2506509,Gurjão,Total,Municipal,0.0,0.0,0.0,0.0,0.0,0.0,6.8,1.9,0.0,2.6,0.0,1.2,,,,,,,100.0,100.0,100.0,100.0,97.7,90.5,93.2,96.2,100.0,94.9,99.6,97.4,,,,,,,0.0,0.0,0.0,0.0,2.3,9.5,0.0,1.9,0.0,2.5,0.4,1.4,,,,,,
2025,Nordeste,PB,2506509,Gurjão,Urbana,Municipal,0.0,0.0,0.0,0.0,0.0,0.0,6.8,1.9,0.0,2.6,0.0,1.2,,,,,,,100.0,100.0,100.0,100.0,100.0,90.5,93.2,96.2,100.0,94.9,100.0,97.6,,,,,,,0.0,0.0,0.0,0.0,0.0,9.5,0.0,1.9,0.0,2.5,0.0,1.2,,,,,,
2025,Nordeste,PB,2506509,Gurjão,Rural,Municipal,0.0,0.0,0.0,0.0,0.0,,,,,,0.0,0.0,,,,,,,100.0,100.0,100.0,100.0,50.0,,,,,,88.9,88.9,,,,,,,0.0,0.0,0.0,0.0,50.0,,,,,,11.1,11.1,,,,,,
2025,Nordeste,PB,2506509,Gurjão,Total,Pública,0.0,0.0,0.0,0.0,0.0,0.0,6.8,1.9,0.0,2.6,0.0,1.2,0.0,0.0,0.0,,,0.0,100.0,100.0,100.0,100.0,97.7,90.5,93.2,96.2,100.0,94.9,99.6,97.4,100.0,100.0,100.0,,,100.0,0.0,0.0,0.0,0.0,2.3,9.5,0.0,1.9,0.0,2.5,0.4,1.4,0.0,0.0,0.0,,,0.0
2025,Nordeste,PB,2506509,Gurjão,Urbana,Pública,0.0,0.0,0.0,0.0,0.0,0.0,6.8,1.9,0.0,2.6,0.0,1.2,0.0,0.0,0.0,,,0.0,100.0,100.0,100.0,100.0,100.0,90.5,93.2,96.2,100.0,94.9,100.0,97.6,100.0,100.0,100.0,,,100.0,0.0,0.0,0.0,0.0,0.0,9.5,0.0,1.9,0.0,2.5,0.0,1.2,0.0,0.0,0.0,,,0.0
2025,Nordeste,PB,2506509,Gurjão,Rural,Pública,0.0,0.0,0.0,0.0,0.0,,,,,,0.0,0.0,,,,,,,100.0,100.0,100.0,100.0,50.0,,,,,,88.9,88.9,,,,,,,0.0,0.0,0.0,0.0,50.0,,,,,,11.1,11.1,,,,,,
2025,Nordeste,PB,2506608,Ibiara,Total,Total,0.0,0.0,0.0,0.0,0.0,4.7,5.7,1.1,1.3,3.1,0.0,1.5,8.3,4.4,0.0,,,5.0,100.0,100.0,100.0,93.7,95.5,77.8,83.1,90.5,98.7,88.0,97.5,92.8,91.7,95.6,100.0,,,95.0,0.0,0.0,0.0,6.3,4.5,17.5,11.2,8.4,0.0,8.9,2.5,5.7,0.0,0.0,0.0,,,0.0
2025,Nordeste,PB,2506608,Ibiara,Urbana,Total,0.0,0.0,0.0,0.0,0.0,4.7,5.7,1.1,1.3,3.1,0.0,1.6,8.3,4.4,0.0,,,5.0,100.0,100.0,100.0,94.3,95.0,77.8,83.1,90.5,98.7,88.0,97.5,92.5,91.7,95.6,100.0,,,95.0,0.0,0.0,0.0,5.7,5.0,17.5,11.2,8.4,0.0,8.9,2.5,5.9,0.0,0.0,0.0,,,0.0
2025,Nordeste,PB,2506608,Ibiara,Rural,Total,0.0,0.0,0.0,0.0,0.0,,,,,,0.0,0.0,,,,,,,100.0,100.0,100.0,88.9,100.0,,,,,,97.6,97.6,,,,,,,0.0,0.0,0.0,11.1,0.0,,,,,,2.4,2.4,,,,,,
2025,Nordeste,PB,2506608,Ibiara,Total,Estadual,,,,,,,,0.0,0.0,0.0,,0.0,8.3,4.4,0.0,,,5.0,,,,,,,,100.0,100.0,100.0,,100.0,91.7,95.6,100.0,,,95.0,,,,,,,,0.0,0.0,0.0,,0.0,0.0,0.0,0.0,,,0.0
2025,Nordeste,PB,2506608,Ibiara,Urbana,Estadual,,,,,,,,0.0,0.0,0.0,,0.0,8.3,4.4,0.0,,,5.0,,,,,,,,100.0,100.0,100.0,,100.0,91.7,95.6,100.0,,,95.0,,,,,,,,0.0,0.0,0.0,,0.0,0.0,0.0,0.0,,,0.0
2025,Nordeste,PB,2506608,Ibiara,Total,Municipal,0.0,0.0,0.0,0.0,0.0,5.0,6.1,1.4,1.7,3.7,0.0,1.8,,,,,,,100.0,100.0,100.0,92.6,95.0,76.7,81.7,87.3,98.3,85.7,97.1,91.4,,,,,,,0.0,0.0,0.0,7.4,5.0,18.3,12.2,11.3,0.0,10.6,2.9,6.8,,,,,,
2025,Nordeste,PB,2506608,Ibiara,Urbana,Municipal,0.0,0.0,0.0,0.0,0.0,5.0,6.1,1.4,1.7,3.7,0.0,2.0,,,,,,,100.0,100.0,100.0,93.2,94.3,76.7,81.7,87.3,98.3,85.7,97.0,90.9,,,,,,,0.0,0.0,0.0,6.8,5.7,18.3,12.2,11.3,0.0,10.6,3.0,7.1,,,,,,
2025,Nordeste,PB,2506608,Ibiara,Rural,Municipal,0.0,0.0,0.0,0.0,0.0,,,,,,0.0,0.0,,,,,,,100.0,100.0,100.0,88.9,100.0,,,,,,97.6,97.6,,,,,,,0.0,0.0,0.0,11.1,0.0,,,,,,2.4,2.4,,,,,,
2025,Nordeste,PB,2506608,Ibiara,Total,Privada,0.0,0.0,0.0,0.0,0.0,0.0,0.0,0.0,,0.0,0.0,0.0,,,,,,,100.0,100.0,100.0,100.0,100.0,100.0,100.0,100.0,,100.0,100.0,100.0,,,,,,,0.0,0.0,0.0,0.0,0.0,0.0,0.0,0.0,,0.0,0.0,0.0,,,,,,
2025,Nordeste,PB,2506608,Ibiara,Urbana,Privada,0.0,0.0,0.0,0.0,0.0,0.0,0.0,0.0,,0.0,0.0,0.0,,,,,,,100.0,100.0,100.0,100.0,100.0,100.0,100.0,100.0,,100.0,100.0,100.0,,,,,,,0.0,0.0,0.0,0.0,0.0,0.0,0.0,0.0,,0.0,0.0,0.0,,,,,,
2025,Nordeste,PB,2506608,Ibiara,Total,Pública,0.0,0.0,0.0,0.0,0.0,5.0,6.1,1.1,1.3,3.2,0.0,1.7,8.3,4.4,0.0,,,5.0,100.0,100.0,100.0,92.6,95.0,76.7,81.7,90.0,98.7,87.4,97.1,92.0,91.7,95.6,100.0,,,95.0,0.0,0.0,0.0,7.4,5.0,18.3,12.2,8.9,0.0,9.4,2.9,6.3,0.0,0.0,0.0,,,0.0
2025,Nordeste,PB,2506608,Ibiara,Urbana,Pública,0.0,0.0,0.0,0.0,0.0,5.0,6.1,1.1,1.3,3.2,0.0,1.9,8.3,4.4,0.0,,,5.0,100.0,100.0,100.0,93.2,94.3,76.7,81.7,90.0,98.7,87.4,97.0,91.5,91.7,95.6,100.0,,,95.0,0.0,0.0,0.0,6.8,5.7,18.3,12.2,8.9,0.0,9.4,3.0,6.6,0.0,0.0,0.0,,,0.0
2025,Nordeste,PB,2506608,Ibiara,Rural,Pública,0.0,0.0,0.0,0.0,0.0,,,,,,0.0,0.0,,,,,,,100.0,100.0,100.0,88.9,100.0,,,,,,97.6,97.6,,,,,,,0.0,0.0,0.0,11.1,0.0,,,,,,2.4,2.4,,,,,,
2025,Nordeste,PB,2506707,Imaculada,Total,Total,0.0,0.0,0.0,0.0,0.0,1.7,4.4,0.8,0.8,2.0,0.0,1.0,1.2,2.5,0.0,,,1.3,100.0,100.0,90.1,100.0,89.7,86.5,88.7,94.7,97.6,91.3,95.7,93.6,89.7,90.8,100.0,,,92.6,0.0,0.0,9.9,0.0,10.3,11.8,6.9,4.5,1.6,6.7,4.3,5.4,9.1,6.7,0.0,,,6.1
2025,Nordeste,PB,2506707,Imaculada,Urbana,Total,0.0,0.0,0.0,0.0,0.0,0.0,1.0,0.0,0.0,0.3,0.0,0.2,1.1,1.3,0.0,,,0.9,100.0,100.0,89.4,100.0,85.9,86.5,90.1,95.2,100.0,92.3,95.0,93.7,91.3,93.4,100.0,,,94.3,0.0,0.0,10.6,0.0,14.1,13.5,8.9,4.8,0.0,7.4,5.0,6.1,7.6,5.3,0.0,,,4.8
2025,Nordeste,PB,2506707,Imaculada,Rural,Total,0.0,0.0,0.0,0.0,0.0,4.5,10.4,2.0,2.2,5.0,0.0,2.5,1.3,4.5,0.0,,,2.0,100.0,100.0,91.2,100.0,95.8,86.4,86.2,93.9,93.5,89.5,97.0,93.3,87.7,86.4,100.0,,,89.9,0.0,0.0,8.8,0.0,4.2,9.1,3.4,4.1,4.3,5.5,3.0,4.2,11.0,9.1,0.0,,,8.1
2025,Nordeste,PB,2506707,Imaculada,Total,Estadual,0.0,0.0,0.0,0.0,0.0,2.4,8.1,0.0,3.6,3.9,0.0,2.3,1.2,2.5,0.0,,,1.3,100.0,100.0,100.0,100.0,100.0,90.5,91.9,100.0,96.4,93.7,100.0,96.3,89.7,90.8,100.0,,,92.6,0.0,0.0,0.0,0.0,0.0,7.1,0.0,0.0,0.0,2.4,0.0,1.4,9.1,6.7,0.0,,,6.1
2025,Nordeste,PB,2506707,Imaculada,Urbana,Estadual,0.0,0.0,0.0,0.0,0.0,0.0,0.0,0.0,0.0,0.0,0.0,0.0,1.1,1.3,0.0,,,0.9,100.0,100.0,100.0,100.0,100.0,100.0,100.0,100.0,100.0,100.0,100.0,100.0,91.3,93.4,100.0,,,94.3,0.0,0.0,0.0,0.0,0.0,0.0,0.0,0.0,0.0,0.0,0.0,0.0,7.6,5.3,0.0,,,4.8
2025,Nordeste,PB,2506707,Imaculada,Rural,Estadual,,,,,,7.7,23.1,0.0,10.0,12.2,,12.2,1.3,4.5,0.0,,,2.0,,,,,,69.2,76.9,100.0,90.0,80.5,,80.5,87.7,86.4,100.0,,,89.9,,,,,,23.1,0.0,0.0,0.0,7.3,,7.3,11.0,9.1,0.0,,,8.1
2025,Nordeste,PB,2506707,Imaculada,Total,Municipal,0.0,0.0,0.0,0.0,0.0,1.5,3.3,0.8,0.0,1.5,0.0,0.7,,,,,,,100.0,100.0,88.0,100.0,88.5,85.2,87.7,93.8,97.9,90.6,95.0,93.0,,,,,,,0.0,0.0,12.0,0.0,11.5,13.3,9.0,5.4,2.1,7.9,5.0,6.3,,,,,,
2025,Nordeste,PB,2506707,Imaculada,Urbana,Municipal,0.0,0.0,0.0,0.0,0.0,0.0,1.3,0.0,0.0,0.4,0.0,0.1,,,,,,,100.0,100.0,85.0,100.0,83.1,81.3,87.0,94.1,100.0,90.0,93.6,91.9,,,,,,,0.0,0.0,15.0,0.0,16.9,18.7,11.7,5.9,0.0,9.6,6.4,8.0,,,,,,
2025,Nordeste,PB,2506707,Imaculada,Rural,Municipal,0.0,0.0,0.0,0.0,0.0,3.7,6.7,2.3,0.0,3.3,0.0,1.5,,,,,,,100.0,100.0,91.2,100.0,95.8,90.6,88.9,93.2,94.4,91.6,97.0,94.6,,,,,,,0.0,0.0,8.8,0.0,4.2,5.7,4.4,4.5,5.6,5.1,3.0,3.9,,,,,,
2025,Nordeste,PB,2506707,Imaculada,Total,Pública,0.0,0.0,0.0,0.0,0.0,1.7,4.4,0.8,0.8,2.0,0.0,1.0,1.2,2.5,0.0,,,1.3,100.0,100.0,90.1,100.0,89.7,86.5,88.7,94.7,97.6,91.3,95.7,93.6,89.7,90.8,100.0,,,92.6,0.0,0.0,9.9,0.0,10.3,11.8,6.9,4.5,1.6,6.7,4.3,5.4,9.1,6.7,0.0,,,6.1
2025,Nordeste,PB,2506707,Imaculada,Urbana,Pública,0.0,0.0,0.0,0.0,0.0,0.0,1.0,0.0,0.0,0.3,0.0,0.2,1.1,1.3,0.0,,,0.9,100.0,100.0,89.4,100.0,85.9,86.5,90.1,95.2,100.0,92.3,95.0,93.7,91.3,93.4,100.0,,,94.3,0.0,0.0,10.6,0.0,14.1,13.5,8.9,4.8,0.0,7.4,5.0,6.1,7.6,5.3,0.0,,,4.8
2025,Nordeste,PB,2506707,Imaculada,Rural,Pública,0.0,0.0,0.0,0.0,0.0,4.5,10.4,2.0,2.2,5.0,0.0,2.5,1.3,4.5,0.0,,,2.0,100.0,100.0,91.2,100.0,95.8,86.4,86.2,93.9,93.5,89.5,97.0,93.3,87.7,86.4,100.0,,,89.9,0.0,0.0,8.8,0.0,4.2,9.1,3.4,4.1,4.3,5.5,3.0,4.2,11.0,9.1,0.0,,,8.1
2025,Nordeste,PB,2506806,Ingá,Total,Total,0.8,0.0,0.0,0.0,0.0,0.0,0.4,0.0,0.0,0.2,0.2,0.1,7.4,2.9,0.0,,,4.7,99.2,99.6,99.3,100.0,99.6,94.3,95.4,93.6,98.6,95.3,99.5,97.8,77.5,93.7,97.1,,,86.1,0.0,0.4,0.7,0.0,0.4,5.7,4.2,6.4,1.4,4.5,0.3,2.1,15.1,3.4,2.9,,,9.2
2025,Nordeste,PB,2506806,Ingá,Urbana,Total,1.0,0.0,0.0,0.0,0.0,0.0,0.0,0.0,0.0,0.0,0.2,0.1,7.4,2.9,0.0,,,4.7,99.0,99.5,99.0,100.0,99.5,93.8,95.2,93.5,98.4,95.1,99.4,97.4,77.5,93.7,97.1,,,86.1,0.0,0.5,1.0,0.0,0.5,6.2,4.8,6.5,1.6,4.9,0.4,2.5,15.1,3.4,2.9,,,9.2
2025,Nordeste,PB,2506806,Ingá,Rural,Total,0.0,0.0,0.0,0.0,0.0,0.0,3.6,0.0,0.0,0.7,0.0,0.2,,,,,,,100.0,100.0,100.0,100.0,100.0,97.4,96.4,94.4,100.0,96.9,100.0,99.1,,,,,,,0.0,0.0,0.0,0.0,0.0,2.6,0.0,5.6,0.0,2.4,0.0,0.7,,,,,,
2025,Nordeste,PB,2506806,Ingá,Total,Estadual,,,,,,,,,,,,,7.5,3.2,0.0,,,4.9,,,,,,,,,,,,,77.3,93.6,97.5,,,85.7,,,,,,,,,,,,,15.2,3.2,2.5,,,9.4
2025,Nordeste,PB,2506806,Ingá,Urbana,Estadual,,,,,,,,,,,,,7.5,3.2,0.0,,,4.9,,,,,,,,,,,,,77.3,93.6,97.5,,,85.7,,,,,,,,,,,,,15.2,3.2,2.5,,,9.4
2025,Nordeste,PB,2506806,Ingá,Total,Municipal,0.5,0.0,0.0,0.0,0.0,0.0,0.5,0.0,0.0,0.2,0.1,0.1,,,,,,,99.5,99.5,99.5,100.0,99.5,94.2,94.6,92.6,99.4,95.0,99.6,97.6,,,,,,,0.0,0.5,0.5,0.0,0.5,5.8,4.9,7.4,0.6,4.8,0.3,2.3,,,,,,
2025,Nordeste,PB,2506806,Ingá,Urbana,Municipal,0.8,0.0,0.0,0.0,0.0,0.0,0.0,0.0,0.0,0.0,0.2,0.1,,,,,,,99.2,99.3,99.3,100.0,99.2,93.5,94.2,92.2,99.3,94.7,99.4,97.1,,,,,,,0.0,0.7,0.7,0.0,0.8,6.5,5.8,7.8,0.7,5.3,0.4,2.8,,,,,,
2025,Nordeste,PB,2506806,Ingá,Rural,Municipal,0.0,0.0,0.0,0.0,0.0,0.0,3.6,0.0,0.0,0.7,0.0,0.2,,,,,,,100.0,100.0,100.0,100.0,100.0,97.4,96.4,94.4,100.0,96.9,100.0,99.1,,,,,,,0.0,0.0,0.0,0.0,0.0,2.6,0.0,5.6,0.0,2.4,0.0,0.7,,,,,,
2025,Nordeste,PB,2506806,Ingá,Total,Privada,1.4,0.0,0.0,0.0,0.0,0.0,0.0,0.0,0.0,0.0,0.4,0.2,0.0,0.0,0.0,,,0.0,98.6,100.0,98.2,100.0,100.0,95.0,98.1,97.8,95.3,96.7,99.3,98.3,87.5,94.1,94.1,,,92.9,0.0,0.0,1.8,0.0,0.0,5.0,1.9,2.2,4.7,3.3,0.3,1.5,12.5,5.9,5.9,,,7.1
2025,Nordeste,PB,2506806,Ingá,Urbana,Privada,1.4,0.0,0.0,0.0,0.0,0.0,0.0,0.0,0.0,0.0,0.4,0.2,0.0,0.0,0.0,,,0.0,98.6,100.0,98.2,100.0,100.0,95.0,98.1,97.8,95.3,96.7,99.3,98.3,87.5,94.1,94.1,,,92.9,0.0,0.0,1.8,0.0,0.0,5.0,1.9,2.2,4.7,3.3,0.3,1.5,12.5,5.9,5.9,,,7.1
2025,Nordeste,PB,2506806,Ingá,Total,Pública,0.5,0.0,0.0,0.0,0.0,0.0,0.5,0.0,0.0,0.2,0.1,0.1,7.5,3.2,0.0,,,4.9,99.5,99.5,99.5,100.0,99.5,94.2,94.6,92.6,99.4,95.0,99.6,97.6,77.3,93.6,97.5,,,85.7,0.0,0.5,0.5,0.0,0.5,5.8,4.9,7.4,0.6,4.8,0.3,2.3,15.2,3.2,2.5,,,9.4
2025,Nordeste,PB,2506806,Ingá,Urbana,Pública,0.8,0.0,0.0,0.0,0.0,0.0,0.0,0.0,0.0,0.0,0.2,0.1,7.5,3.2,0.0,,,4.9,99.2,99.3,99.3,100.0,99.2,93.5,94.2,92.2,99.3,94.7,99.4,97.1,77.3,93.6,97.5,,,85.7,0.0,0.7,0.7,0.0,0.8,6.5,5.8,7.8,0.7,5.3,0.4,2.8,15.2,3.2,2.5,,,9.4
2025,Nordeste,PB,2506806,Ingá,Rural,Pública,0.0,0.0,0.0,0.0,0.0,0.0,3.6,0.0,0.0,0.7,0.0,0.2,,,,,,,100.0,100.0,100.0,100.0,100.0,97.4,96.4,94.4,100.0,96.9,100.0,99.1,,,,,,,0.0,0.0,0.0,0.0,0.0,2.6,0.0,5.6,0.0,2.4,0.0,0.7,,,,,,
2025,Nordeste,PB,2506905,Itabaiana,Total,Total,0.3,0.0,0.0,0.0,0.3,0.6,0.3,0.0,0.0,0.2,0.1,0.1,5.1,3.5,0.5,14.3,,3.5,99.7,100.0,98.9,99.7,99.7,99.4,99.7,99.7,99.3,99.6,99.6,99.6,89.9,94.2,99.2,85.7,,93.7,0.0,0.0,1.1,0.3,0.0,0.0,0.0,0.3,0.7,0.2,0.3,0.3,5.0,2.3,0.3,0.0,,2.8
2025,Nordeste,PB,2506905,Itabaiana,Urbana,Total,0.4,0.0,0.0,0.0,0.3,0.6,0.3,0.0,0.0,0.3,0.2,0.2,5.1,3.5,0.5,14.3,,3.5,99.6,100.0,98.7,99.7,99.7,99.4,99.7,99.7,99.2,99.5,99.5,99.5,89.9,94.2,99.2,85.7,,93.7,0.0,0.0,1.3,0.3,0.0,0.0,0.0,0.3,0.8,0.2,0.3,0.3,5.0,2.3,0.3,0.0,,2.8
2025,Nordeste,PB,2506905,Itabaiana,Rural,Total,0.0,0.0,0.0,0.0,0.0,0.0,0.0,0.0,0.0,0.0,0.0,0.0,,,,,,,100.0,100.0,100.0,100.0,100.0,100.0,100.0,100.0,100.0,100.0,100.0,100.0,,,,,,,0.0,0.0,0.0,0.0,0.0,0.0,0.0,0.0,0.0,0.0,0.0,0.0,,,,,,
2025,Nordeste,PB,2506905,Itabaiana,Total,Federal,,,,,,,,,,,,,0.0,0.0,0.0,,,0.0,,,,,,,,,,,,,91.3,97.0,98.6,,,94.6,,,,,,,,,,,,,8.7,3.0,1.4,,,5.4
2025,Nordeste,PB,2506905,Itabaiana,Urbana,Federal,,,,,,,,,,,,,0.0,0.0,0.0,,,0.0,,,,,,,,,,,,,91.3,97.0,98.6,,,94.6,,,,,,,,,,,,,8.7,3.0,1.4,,,5.4
2025,Nordeste,PB,2506905,Itabaiana,Total,Estadual,0.0,0.0,0.0,0.0,0.0,0.0,0.0,0.0,0.0,0.0,0.0,0.0,6.1,3.5,0.6,,,3.7,100.0,100.0,100.0,100.0,100.0,100.0,100.0,100.0,100.0,100.0,100.0,100.0,93.9,96.5,99.4,,,96.3,0.0,0.0,0.0,0.0,0.0,0.0,0.0,0.0,0.0,0.0,0.0,0.0,0.0,0.0,0.0,,,0.0
2025,Nordeste,PB,2506905,Itabaiana,Urbana,Estadual,0.0,0.0,0.0,0.0,0.0,0.0,0.0,0.0,0.0,0.0,0.0,0.0,6.1,3.5,0.6,,,3.7,100.0,100.0,100.0,100.0,100.0,100.0,100.0,100.0,100.0,100.0,100.0,100.0,93.9,96.5,99.4,,,96.3,0.0,0.0,0.0,0.0,0.0,0.0,0.0,0.0,0.0,0.0,0.0,0.0,0.0,0.0,0.0,,,0.0
2025,Nordeste,PB,2506905,Itabaiana,Rural,Estadual,0.0,0.0,0.0,0.0,0.0,0.0,0.0,0.0,0.0,0.0,0.0,0.0,,,,,,,100.0,100.0,100.0,100.0,100.0,100.0,100.0,100.0,100.0,100.0,100.0,100.0,,,,,,,0.0,0.0,0.0,0.0,0.0,0.0,0.0,0.0,0.0,0.0,0.0,0.0,,,,,,
2025,Nordeste,PB,2506905,Itabaiana,Total,Municipal,0.0,0.0,0.0,0.0,0.6,0.0,0.0,0.0,0.0,0.0,0.1,0.1,21.5,21.1,4.0,14.3,,17.3,100.0,100.0,100.0,100.0,99.4,100.0,100.0,100.0,100.0,100.0,99.9,99.9,58.9,68.4,96.0,85.7,,71.4,0.0,0.0,0.0,0.0,0.0,0.0,0.0,0.0,0.0,0.0,0.0,0.0,19.6,10.5,0.0,0.0,,11.3
2025,Nordeste,PB,2506905,Itabaiana,Urbana,Municipal,0.0,0.0,0.0,0.0,0.8,0.0,0.0,0.0,0.0,0.0,0.2,0.1,21.5,21.1,4.0,14.3,,17.3,100.0,100.0,100.0,100.0,99.2,100.0,100.0,100.0,100.0,100.0,99.8,99.9,58.9,68.4,96.0,85.7,,71.4,0.0,0.0,0.0,0.0,0.0,0.0,0.0,0.0,0.0,0.0,0.0,0.0,19.6,10.5,0.0,0.0,,11.3
2025,Nordeste,PB,2506905,Itabaiana,Rural,Municipal,0.0,0.0,0.0,0.0,0.0,,,,,,0.0,0.0,,,,,,,100.0,100.0,100.0,100.0,100.0,,,,,,100.0,100.0,,,,,,,0.0,0.0,0.0,0.0,0.0,,,,,,0.0,0.0,,,,,,
2025,Nordeste,PB,2506905,Itabaiana,Total,Privada,0.7,0.0,0.0,0.0,0.0,1.5,0.6,0.0,0.0,0.6,0.2,0.3,1.2,0.0,0.0,,,0.4,99.3,100.0,97.4,99.3,100.0,98.5,99.4,99.3,98.1,98.9,99.2,99.1,96.3,96.8,100.0,,,97.8,0.0,0.0,2.6,0.7,0.0,0.0,0.0,0.7,1.9,0.5,0.6,0.6,2.5,3.2,0.0,,,1.8
2025,Nordeste,PB,2506905,Itabaiana,Urbana,Privada,0.7,0.0,0.0,0.0,0.0,1.5,0.6,0.0,0.0,0.6,0.2,0.3,1.2,0.0,0.0,,,0.4,99.3,100.0,97.4,99.3,100.0,98.5,99.4,99.3,98.1,98.9,99.2,99.1,96.3,96.8,100.0,,,97.8,0.0,0.0,2.6,0.7,0.0,0.0,0.0,0.7,1.9,0.5,0.6,0.6,2.5,3.2,0.0,,,1.8
2025,Nordeste,PB,2506905,Itabaiana,Total,Pública,0.0,0.0,0.0,0.0,0.5,0.0,0.0,0.0,0.0,0.0,0.1,0.1,5.9,4.4,0.7,14.3,,4.2,100.0,100.0,100.0,100.0,99.5,100.0,100.0,100.0,100.0,100.0,99.9,99.9,88.7,93.5,98.9,85.7,,92.7,0.0,0.0,0.0,0.0,0.0,0.0,0.0,0.0,0.0,0.0,0.0,0.0,5.4,2.1,0.4,0.0,,3.1
2025,Nordeste,PB,2506905,Itabaiana,Urbana,Pública,0.0,0.0,0.0,0.0,0.7,0.0,0.0,0.0,0.0,0.0,0.1,0.1,5.9,4.4,0.7,14.3,,4.2,100.0,100.0,100.0,100.0,99.3,100.0,100.0,100.0,100.0,100.0,99.9,99.9,88.7,93.5,98.9,85.7,,92.7,0.0,0.0,0.0,0.0,0.0,0.0,0.0,0.0,0.0,0.0,0.0,0.0,5.4,2.1,0.4,0.0,,3.1
2025,Nordeste,PB,2506905,Itabaiana,Rural,Pública,0.0,0.0,0.0,0.0,0.0,0.0,0.0,0.0,0.0,0.0,0.0,0.0,,,,,,,100.0,100.0,100.0,100.0,100.0,100.0,100.0,100.0,100.0,100.0,100.0,100.0,,,,,,,0.0,0.0,0.0,0.0,0.0,0.0,0.0,0.0,0.0,0.0,0.0,0.0,,,,,,
2025,Nordeste,PB,2507002,Itaporanga,Total,Total,0.0,0.3,0.0,0.0,0.3,0.9,0.3,0.3,0.4,0.4,0.1,0.3,2.2,1.5,0.3,,,1.4,100.0,99.7,100.0,99.4,99.7,93.9,96.0,96.2,98.7,96.2,99.8,98.1,94.7,97.0,99.7,,,96.9,0.0,0.0,0.0,0.6,0.0,5.2,3.7,3.5,0.9,3.4,0.1,1.6,3.1,1.5,0.0,,,1.7
2025,Nordeste,PB,2507002,Itaporanga,Urbana,Total,0.0,0.3,0.0,0.0,0.3,0.9,0.3,0.3,0.4,0.4,0.2,0.2,2.2,1.5,0.3,,,1.4,100.0,99.7,100.0,99.3,99.7,93.9,96.0,96.2,98.7,96.2,99.7,98.1,94.7,97.0,99.7,,,96.9,0.0,0.0,0.0,0.7,0.0,5.2,3.7,3.5,0.9,3.4,0.1,1.7,3.1,1.5,0.0,,,1.7
2025,Nordeste,PB,2507002,Itaporanga,Rural,Total,0.0,0.0,0.0,0.0,0.0,,,,,,0.0,0.0,,,,,,,100.0,100.0,100.0,100.0,100.0,,,,,,100.0,100.0,,,,,,,0.0,0.0,0.0,0.0,0.0,,,,,,0.0,0.0,,,,,,
2025,Nordeste,PB,2507002,Itaporanga,Total,Federal,,,,,,,,,,,,,0.0,0.0,0.0,,,0.0,,,,,,,,,,,,,96.8,97.3,100.0,,,97.8,,,,,,,,,,,,,3.2,2.7,0.0,,,2.2
2025,Nordeste,PB,2507002,Itaporanga,Urbana,Federal,,,,,,,,,,,,,0.0,0.0,0.0,,,0.0,,,,,,,,,,,,,96.8,97.3,100.0,,,97.8,,,,,,,,,,,,,3.2,2.7,0.0,,,2.2
2025,Nordeste,PB,2507002,Itaporanga,Total,Estadual,,,,,,3.5,1.2,1.0,1.2,1.6,,1.6,4.1,2.6,0.5,,,2.6,,,,,,96.5,98.8,99.0,97.6,98.1,,98.1,92.2,96.9,99.5,,,95.7,,,,,,0.0,0.0,0.0,1.2,0.3,,0.3,3.7,0.5,0.0,,,1.7
2025,Nordeste,PB,2507002,Itaporanga,Urbana,Estadual,,,,,,3.5,1.2,1.0,1.2,1.6,,1.6,4.1,2.6,0.5,,,2.6,,,,,,96.5,98.8,99.0,97.6,98.1,,98.1,92.2,96.9,99.5,,,95.7,,,,,,0.0,0.0,0.0,1.2,0.3,,0.3,3.7,0.5,0.0,,,1.7
2025,Nordeste,PB,2507002,Itaporanga,Total,Municipal,0.0,0.0,0.0,0.0,0.0,0.0,0.0,0.0,0.0,0.0,0.0,0.0,,,,,,,100.0,100.0,100.0,100.0,100.0,91.6,93.3,92.7,100.0,94.1,100.0,97.7,,,,,,,0.0,0.0,0.0,0.0,0.0,8.4,6.7,7.3,0.0,5.9,0.0,2.3,,,,,,
2025,Nordeste,PB,2507002,Itaporanga,Urbana,Municipal,0.0,0.0,0.0,0.0,0.0,0.0,0.0,0.0,0.0,0.0,0.0,0.0,,,,,,,100.0,100.0,100.0,100.0,100.0,91.6,93.3,92.7,100.0,94.1,100.0,97.6,,,,,,,0.0,0.0,0.0,0.0,0.0,8.4,6.7,7.3,0.0,5.9,0.0,2.4,,,,,,
2025,Nordeste,PB,2507002,Itaporanga,Rural,Municipal,0.0,0.0,0.0,0.0,0.0,,,,,,0.0,0.0,,,,,,,100.0,100.0,100.0,100.0,100.0,,,,,,100.0,100.0,,,,,,,0.0,0.0,0.0,0.0,0.0,,,,,,0.0,0.0,,,,,,
2025,Nordeste,PB,2507002,Itaporanga,Total,Privada,0.0,0.6,0.0,0.0,0.7,0.8,0.0,0.0,0.0,0.3,0.2,0.3,0.0,1.7,0.0,,,0.5,100.0,99.4,100.0,98.6,99.3,95.4,97.6,98.3,98.2,97.3,99.5,98.6,100.0,96.7,100.0,,,99.0,0.0,0.0,0.0,1.4,0.0,3.8,2.4,1.7,1.8,2.4,0.3,1.1,0.0,1.6,0.0,,,0.5
2025,Nordeste,PB,2507002,Itaporanga,Urbana,Privada,0.0,0.6,0.0,0.0,0.7,0.8,0.0,0.0,0.0,0.3,0.2,0.3,0.0,1.7,0.0,,,0.5,100.0,99.4,100.0,98.6,99.3,95.4,97.6,98.3,98.2,97.3,99.5,98.6,100.0,96.7,100.0,,,99.0,0.0,0.0,0.0,1.4,0.0,3.8,2.4,1.7,1.8,2.4,0.3,1.1,0.0,1.6,0.0,,,0.5
2025,Nordeste,PB,2507002,Itaporanga,Total,Pública,0.0,0.0,0.0,0.0,0.0,1.0,0.4,0.4,0.5,0.6,0.0,0.3,2.6,1.4,0.3,,,1.6,100.0,100.0,100.0,100.0,100.0,92.9,95.2,95.2,99.0,95.5,100.0,97.8,93.9,97.1,99.7,,,96.5,0.0,0.0,0.0,0.0,0.0,6.1,4.4,4.4,0.5,3.9,0.0,1.9,3.5,1.5,0.0,,,1.9
2025,Nordeste,PB,2507002,Itaporanga,Urbana,Pública,0.0,0.0,0.0,0.0,0.0,1.0,0.4,0.4,0.5,0.6,0.0,0.3,2.6,1.4,0.3,,,1.6,100.0,100.0,100.0,100.0,100.0,92.9,95.2,95.2,99.0,95.5,100.0,97.7,93.9,97.1,99.7,,,96.5,0.0,0.0,0.0,0.0,0.0,6.1,4.4,4.4,0.5,3.9,0.0,2.0,3.5,1.5,0.0,,,1.9
2025,Nordeste,PB,2507002,Itaporanga,Rural,Pública,0.0,0.0,0.0,0.0,0.0,,,,,,0.0,0.0,,,,,,,100.0,100.0,100.0,100.0,100.0,,,,,,100.0,100.0,,,,,,,0.0,0.0,0.0,0.0,0.0,,,,,,0.0,0.0,,,,,,
2025,Nordeste,PB,2507101,Itapororoca,Total,Total,0.0,0.4,0.4,1.6,0.4,0.3,2.9,2.2,2.8,2.0,0.5,1.2,9.5,4.8,6.6,,,7.4,100.0,98.9,99.6,97.0,97.6,95.3,92.0,94.5,96.0,94.4,98.7,96.8,81.0,91.7,92.9,,,87.2,0.0,0.7,0.0,1.4,2.0,4.4,5.1,3.3,1.2,3.6,0.8,2.0,9.5,3.5,0.5,,,5.4
2025,Nordeste,PB,2507101,Itapororoca,Urbana,Total,0.0,0.5,0.5,2.5,0.5,0.3,3.0,2.0,3.0,2.0,0.7,1.4,9.5,4.8,6.6,,,7.4,100.0,98.5,99.5,96.1,98.9,95.6,91.6,94.4,95.7,94.3,98.7,96.5,81.0,91.7,92.9,,,87.2,0.0,1.0,0.0,1.4,0.6,4.1,5.4,3.6,1.3,3.7,0.6,2.1,9.5,3.5,0.5,,,5.4
2025,Nordeste,PB,2507101,Itapororoca,Rural,Total,0.0,0.0,0.0,0.0,0.0,0.0,0.0,4.5,0.0,1.3,0.0,0.3,,,,,,,100.0,100.0,100.0,98.9,94.6,92.3,100.0,95.5,100.0,96.3,98.7,98.2,,,,,,,0.0,0.0,0.0,1.1,5.4,7.7,0.0,0.0,0.0,2.4,1.3,1.5,,,,,,
2025,Nordeste,PB,2507101,Itapororoca,Total,Estadual,,,,,,0.0,16.7,23.1,15.6,13.3,,13.3,10.4,5.3,7.7,,,8.3,,,,,,90.0,83.3,61.5,81.3,80.7,,80.7,79.4,90.9,91.7,,,85.8,,,,,,10.0,0.0,15.4,3.1,6.0,,6.0,10.2,3.8,0.6,,,5.9
2025,Nordeste,PB,2507101,Itapororoca,Urbana,Estadual,,,,,,0.0,16.7,23.1,15.6,13.3,,13.3,10.4,5.3,7.7,,,8.3,,,,,,90.0,83.3,61.5,81.3,80.7,,80.7,79.4,90.9,91.7,,,85.8,,,,,,10.0,0.0,15.4,3.1,6.0,,6.0,10.2,3.8,0.6,,,5.9
2025,Nordeste,PB,2507101,Itapororoca,Total,Municipal,0.0,0.6,0.0,2.3,0.5,0.5,2.4,1.5,1.1,1.4,0.7,1.0,,,,,,,100.0,99.4,100.0,95.8,97.4,94.5,91.9,95.5,97.8,94.8,98.5,96.8,,,,,,,0.0,0.0,0.0,1.9,2.1,5.0,5.7,3.0,1.1,3.8,0.8,2.2,,,,,,
2025,Nordeste,PB,2507101,Itapororoca,Urbana,Municipal,0.0,0.9,0.0,4.1,0.9,0.5,2.5,1.1,1.2,1.3,1.1,1.2,,,,,,,100.0,99.1,100.0,93.5,99.1,94.8,91.3,95.5,97.6,94.7,98.4,96.4,,,,,,,0.0,0.0,0.0,2.4,0.0,4.7,6.2,3.4,1.2,4.0,0.5,2.4,,,,,,
2025,Nordeste,PB,2507101,Itapororoca,Rural,Municipal,0.0,0.0,0.0,0.0,0.0,0.0,0.0,4.5,0.0,1.3,0.0,0.3,,,,,,,100.0,100.0,100.0,98.9,94.6,92.3,100.0,95.5,100.0,96.3,98.7,98.2,,,,,,,0.0,0.0,0.0,1.1,5.4,7.7,0.0,0.0,0.0,2.4,1.3,1.5,,,,,,
2025,Nordeste,PB,2507101,Itapororoca,Total,Privada,0.0,0.0,1.4,0.0,0.0,0.0,0.0,0.0,0.0,0.0,0.2,0.1,0.0,0.0,0.0,,,0.0,100.0,97.8,98.6,100.0,98.4,100.0,95.8,98.4,100.0,98.5,99.1,98.9,96.9,100.0,100.0,,,98.8,0.0,2.2,0.0,0.0,1.6,0.0,4.2,1.6,0.0,1.5,0.7,1.0,3.1,0.0,0.0,,,1.2
2025,Nordeste,PB,2507101,Itapororoca,Urbana,Privada,0.0,0.0,1.4,0.0,0.0,0.0,0.0,0.0,0.0,0.0,0.2,0.1,0.0,0.0,0.0,,,0.0,100.0,97.8,98.6,100.0,98.4,100.0,95.8,98.4,100.0,98.5,99.1,98.9,96.9,100.0,100.0,,,98.8,0.0,2.2,0.0,0.0,1.6,0.0,4.2,1.6,0.0,1.5,0.7,1.0,3.1,0.0,0.0,,,1.2
2025,Nordeste,PB,2507101,Itapororoca,Total,Pública,0.0,0.6,0.0,2.3,0.5,0.4,3.5,2.8,3.2,2.5,0.7,1.6,10.4,5.3,7.7,,,8.3,100.0,99.4,100.0,95.8,97.4,94.1,91.2,93.4,95.4,93.5,98.5,96.1,79.4,90.9,91.7,,,85.8,0.0,0.0,0.0,1.9,2.1,5.5,5.3,3.8,1.4,4.0,0.8,2.3,10.2,3.8,0.6,,,5.9
2025,Nordeste,PB,2507101,Itapororoca,Urbana,Pública,0.0,0.9,0.0,4.1,0.9,0.5,3.8,2.7,3.6,2.6,1.1,1.9,10.4,5.3,7.7,,,8.3,100.0,99.1,100.0,93.5,99.1,94.3,90.6,93.1,94.9,93.2,98.4,95.5,79.4,90.9,91.7,,,85.8,0.0,0.0,0.0,2.4,0.0,5.2,5.6,4.2,1.5,4.2,0.5,2.6,10.2,3.8,0.6,,,5.9
2025,Nordeste,PB,2507101,Itapororoca,Rural,Pública,0.0,0.0,0.0,0.0,0.0,0.0,0.0,4.5,0.0,1.3,0.0,0.3,,,,,,,100.0,100.0,100.0,98.9,94.6,92.3,100.0,95.5,100.0,96.3,98.7,98.2,,,,,,,0.0,0.0,0.0,1.1,5.4,7.7,0.0,0.0,0.0,2.4,1.3,1.5,,,,,,
2025,Nordeste,PB,2507200,Itatuba,Total,Total,0.0,0.8,0.0,0.0,0.0,0.8,1.3,2.5,0.0,1.2,0.1,0.7,4.2,4.1,0.0,,,3.2,100.0,99.2,99.3,99.4,99.4,99.2,93.6,93.5,98.7,96.0,99.5,97.8,95.8,95.9,100.0,,,96.8,0.0,0.0,0.7,0.6,0.6,0.0,5.1,4.0,1.3,2.8,0.4,1.5,0.0,0.0,0.0,,,0.0
2025,Nordeste,PB,2507200,Itatuba,Urbana,Total,0.0,0.0,0.0,0.0,0.0,0.8,1.3,2.5,0.0,1.2,0.0,0.6,4.2,4.1,0.0,,,3.2,100.0,100.0,100.0,100.0,100.0,99.2,93.6,93.5,98.7,96.0,100.0,97.9,95.8,95.9,100.0,,,96.8,0.0,0.0,0.0,0.0,0.0,0.0,5.1,4.0,1.3,2.8,0.0,1.5,0.0,0.0,0.0,,,0.0
2025,Nordeste,PB,2507200,Itatuba,Rural,Total,0.0,3.6,0.0,0.0,0.0,,,,,,0.5,0.5,,,,,,,100.0,96.4,97.0,96.8,97.7,,,,,,97.7,97.7,,,,,,,0.0,0.0,3.0,3.2,2.3,,,,,,1.8,1.8,,,,,,
2025,Nordeste,PB,2507200,Itatuba,Total,Estadual,,,,,,,,,,,,,4.2,4.1,0.0,,,3.2,,,,,,,,,,,,,95.8,95.9,100.0,,,96.8,,,,,,,,,,,,,0.0,0.0,0.0,,,0.0
2025,Nordeste,PB,2507200,Itatuba,Urbana,Estadual,,,,,,,,,,,,,4.2,4.1,0.0,,,3.2,,,,,,,,,,,,,95.8,95.9,100.0,,,96.8,,,,,,,,,,,,,0.0,0.0,0.0,,,0.0
2025,Nordeste,PB,2507200,Itatuba,Total,Municipal,0.0,0.9,0.0,0.0,0.0,0.8,1.3,2.5,0.0,1.2,0.1,0.7,,,,,,,100.0,99.1,99.1,99.3,99.4,99.2,93.6,93.5,98.7,96.0,99.4,97.7,,,,,,,0.0,0.0,0.9,0.7,0.6,0.0,5.1,4.0,1.3,2.8,0.5,1.6,,,,,,
2025,Nordeste,PB,2507200,Itatuba,Urbana,Municipal,0.0,0.0,0.0,0.0,0.0,0.8,1.3,2.5,0.0,1.2,0.0,0.7,,,,,,,100.0,100.0,100.0,100.0,100.0,99.2,93.6,93.5,98.7,96.0,100.0,97.7,,,,,,,0.0,0.0,0.0,0.0,0.0,0.0,5.1,4.0,1.3,2.8,0.0,1.6,,,,,,
2025,Nordeste,PB,2507200,Itatuba,Rural,Municipal,0.0,3.6,0.0,0.0,0.0,,,,,,0.5,0.5,,,,,,,100.0,96.4,97.0,96.8,97.7,,,,,,97.7,97.7,,,,,,,0.0,0.0,3.0,3.2,2.3,,,,,,1.8,1.8,,,,,,
2025,Nordeste,PB,2507200,Itatuba,Total,Privada,0.0,0.0,0.0,0.0,0.0,,,,,,0.0,0.0,,,,,,,100.0,100.0,100.0,100.0,100.0,,,,,,100.0,100.0,,,,,,,0.0,0.0,0.0,0.0,0.0,,,,,,0.0,0.0,,,,,,
2025,Nordeste,PB,2507200,Itatuba,Urbana,Privada,0.0,0.0,0.0,0.0,0.0,,,,,,0.0,0.0,,,,,,,100.0,100.0,100.0,100.0,100.0,,,,,,100.0,100.0,,,,,,,0.0,0.0,0.0,0.0,0.0,,,,,,0.0,0.0,,,,,,
2025,Nordeste,PB,2507200,Itatuba,Total,Pública,0.0,0.9,0.0,0.0,0.0,0.8,1.3,2.5,0.0,1.2,0.1,0.7,4.2,4.1,0.0,,,3.2,100.0,99.1,99.1,99.3,99.4,99.2,93.6,93.5,98.7,96.0,99.4,97.7,95.8,95.9,100.0,,,96.8,0.0,0.0,0.9,0.7,0.6,0.0,5.1,4.0,1.3,2.8,0.5,1.6,0.0,0.0,0.0,,,0.0
2025,Nordeste,PB,2507200,Itatuba,Urbana,Pública,0.0,0.0,0.0,0.0,0.0,0.8,1.3,2.5,0.0,1.2,0.0,0.7,4.2,4.1,0.0,,,3.2,100.0,100.0,100.0,100.0,100.0,99.2,93.6,93.5,98.7,96.0,100.0,97.7,95.8,95.9,100.0,,,96.8,0.0,0.0,0.0,0.0,0.0,0.0,5.1,4.0,1.3,2.8,0.0,1.6,0.0,0.0,0.0,,,0.0
2025,Nordeste,PB,2507200,Itatuba,Rural,Pública,0.0,3.6,0.0,0.0,0.0,,,,,,0.5,0.5,,,,,,,100.0,96.4,97.0,96.8,97.7,,,,,,97.7,97.7,,,,,,,0.0,0.0,3.0,3.2,2.3,,,,,,1.8,1.8,,,,,,
2025,Nordeste,PB,2507309,Jacaraú,Total,Total,0.0,0.0,0.4,0.7,0.8,4.0,9.6,4.3,6.5,6.0,0.4,2.9,9.3,2.7,3.6,,,5.6,99.6,100.0,91.3,92.3,94.0,85.6,78.0,89.4,91.4,86.5,95.2,91.3,81.0,95.2,95.7,,,89.5,0.4,0.0,8.3,7.0,5.2,10.4,12.4,6.3,2.1,7.5,4.4,5.8,9.7,2.1,0.7,,,4.9
2025,Nordeste,PB,2507309,Jacaraú,Urbana,Total,0.0,0.0,0.0,1.2,1.5,3.7,12.7,2.5,8.0,6.6,0.5,3.5,9.3,2.7,3.6,,,5.6,99.3,100.0,92.5,94.3,93.2,87.7,73.9,89.2,90.0,85.8,95.9,91.0,81.0,95.2,95.7,,,89.5,0.7,0.0,7.5,4.5,5.3,8.6,13.4,8.3,2.0,7.6,3.6,5.5,9.7,2.1,0.7,,,4.9
2025,Nordeste,PB,2507309,Jacaraú,Rural,Total,0.0,0.0,0.9,0.0,0.0,4.7,4.0,7.2,2.5,4.7,0.2,2.0,,,,,,,100.0,100.0,89.8,89.8,94.9,82.2,85.5,89.7,95.0,87.8,94.4,91.8,,,,,,,0.0,0.0,9.3,10.2,5.1,13.1,10.5,3.1,2.5,7.5,5.4,6.2,,,,,,
2025,Nordeste,PB,2507309,Jacaraú,Total,Estadual,,,,,,,,,,,,,9.6,2.7,3.9,,,5.9,,,,,,,,,,,,,80.3,95.1,95.3,,,89.0,,,,,,,,,,,,,10.1,2.2,0.8,,,5.1
2025,Nordeste,PB,2507309,Jacaraú,Urbana,Estadual,,,,,,,,,,,,,9.6,2.7,3.9,,,5.9,,,,,,,,,,,,,80.3,95.1,95.3,,,89.0,,,,,,,,,,,,,10.1,2.2,0.8,,,5.1
2025,Nordeste,PB,2507309,Jacaraú,Total,Municipal,0.0,0.0,0.5,0.8,1.0,4.5,11.4,5.1,7.2,6.9,0.5,3.4,,,,,,,100.0,100.0,90.3,91.7,93.3,84.4,73.8,87.4,90.4,84.6,94.8,90.1,,,,,,,0.0,0.0,9.2,7.5,5.7,11.1,14.8,7.5,2.4,8.5,4.7,6.5,,,,,,
2025,Nordeste,PB,2507309,Jacaraú,Urbana,Municipal,0.0,0.0,0.0,1.7,2.2,4.4,16.8,3.4,9.4,8.3,0.8,4.7,,,,,,,100.0,100.0,90.8,93.9,91.3,86.0,65.4,85.5,88.2,82.5,95.1,88.6,,,,,,,0.0,0.0,9.2,4.4,6.5,9.6,17.8,11.1,2.4,9.2,4.1,6.7,,,,,,
2025,Nordeste,PB,2507309,Jacaraú,Rural,Municipal,0.0,0.0,0.9,0.0,0.0,4.7,4.0,7.2,2.5,4.7,0.2,2.0,,,,,,,100.0,100.0,89.8,89.8,94.9,82.2,85.5,89.7,95.0,87.8,94.4,91.8,,,,,,,0.0,0.0,9.3,10.2,5.1,13.1,10.5,3.1,2.5,7.5,5.4,6.2,,,,,,
2025,Nordeste,PB,2507309,Jacaraú,Total,Privada,0.0,0.0,0.0,0.0,0.0,0.0,0.0,0.0,0.0,0.0,0.0,0.0,0.0,0.0,0.0,,,0.0,97.8,100.0,97.2,95.3,97.6,96.3,100.0,100.0,100.0,99.2,97.6,98.2,100.0,100.0,100.0,,,100.0,2.2,0.0,2.8,4.7,2.4,3.7,0.0,0.0,0.0,0.8,2.4,1.8,0.0,0.0,0.0,,,0.0
2025,Nordeste,PB,2507309,Jacaraú,Urbana,Privada,0.0,0.0,0.0,0.0,0.0,0.0,0.0,0.0,0.0,0.0,0.0,0.0,0.0,0.0,0.0,,,0.0,97.8,100.0,97.2,95.3,97.6,96.3,100.0,100.0,100.0,99.2,97.6,98.2,100.0,100.0,100.0,,,100.0,2.2,0.0,2.8,4.7,2.4,3.7,0.0,0.0,0.0,0.8,2.4,1.8,0.0,0.0,0.0,,,0.0
2025,Nordeste,PB,2507309,Jacaraú,Total,Pública,0.0,0.0,0.5,0.8,1.0,4.5,11.4,5.1,7.2,6.9,0.5,3.4,9.6,2.7,3.9,,,5.9,100.0,100.0,90.3,91.7,93.3,84.4,73.8,87.4,90.4,84.6,94.8,90.1,80.3,95.1,95.3,,,89.0,0.0,0.0,9.2,7.5,5.7,11.1,14.8,7.5,2.4,8.5,4.7,6.5,10.1,2.2,0.8,,,5.1
2025,Nordeste,PB,2507309,Jacaraú,Urbana,Pública,0.0,0.0,0.0,1.7,2.2,4.4,16.8,3.4,9.4,8.3,0.8,4.7,9.6,2.7,3.9,,,5.9,100.0,100.0,90.8,93.9,91.3,86.0,65.4,85.5,88.2,82.5,95.1,88.6,80.3,95.1,95.3,,,89.0,0.0,0.0,9.2,4.4,6.5,9.6,17.8,11.1,2.4,9.2,4.1,6.7,10.1,2.2,0.8,,,5.1
2025,Nordeste,PB,2507309,Jacaraú,Rural,Pública,0.0,0.0,0.9,0.0,0.0,4.7,4.0,7.2,2.5,4.7,0.2,2.0,,,,,,,100.0,100.0,89.8,89.8,94.9,82.2,85.5,89.7,95.0,87.8,94.4,91.8,,,,,,,0.0,0.0,9.3,10.2,5.1,13.1,10.5,3.1,2.5,7.5,5.4,6.2,,,,,,
2025,Nordeste,PB,2507408,Jericó,Total,Total,4.8,0.0,0.0,1.4,0.0,5.3,5.4,0.0,3.1,3.9,1.0,2.2,0.0,0.0,0.0,,,0.0,95.2,100.0,100.0,97.3,100.0,93.6,94.6,100.0,96.9,95.8,98.7,97.5,100.0,100.0,100.0,,,100.0,0.0,0.0,0.0,1.3,0.0,1.1,0.0,0.0,0.0,0.3,0.3,0.3,0.0,0.0,0.0,,,0.0
2025,Nordeste,PB,2507408,Jericó,Urbana,Total,5.1,0.0,0.0,1.6,0.0,5.3,5.4,0.0,3.1,3.9,1.3,2.6,0.0,0.0,0.0,,,0.0,94.9,100.0,100.0,96.7,100.0,93.6,94.6,100.0,96.9,95.8,98.4,97.1,100.0,100.0,100.0,,,100.0,0.0,0.0,0.0,1.7,0.0,1.1,0.0,0.0,0.0,0.3,0.3,0.3,0.0,0.0,0.0,,,0.0
2025,Nordeste,PB,2507408,Jericó,Rural,Total,0.0,0.0,0.0,0.0,0.0,,,,,,0.0,0.0,,,,,,,100.0,100.0,100.0,100.0,100.0,,,,,,100.0,100.0,,,,,,,0.0,0.0,0.0,0.0,0.0,,,,,,0.0,0.0,,,,,,
2025,Nordeste,PB,2507408,Jericó,Total,Estadual,,,,,,,,,,,,,0.0,0.0,0.0,,,0.0,,,,,,,,,,,,,100.0,100.0,100.0,,,100.0,,,,,,,,,,,,,0.0,0.0,0.0,,,0.0
2025,Nordeste,PB,2507408,Jericó,Urbana,Estadual,,,,,,,,,,,,,0.0,0.0,0.0,,,0.0,,,,,,,,,,,,,100.0,100.0,100.0,,,100.0,,,,,,,,,,,,,0.0,0.0,0.0,,,0.0
2025,Nordeste,PB,2507408,Jericó,Total,Municipal,6.2,0.0,0.0,1.4,0.0,5.3,5.9,0.0,3.6,4.2,1.1,2.5,,,,,,,93.8,100.0,100.0,97.1,100.0,93.6,94.1,100.0,96.4,95.5,98.6,97.2,,,,,,,0.0,0.0,0.0,1.5,0.0,1.1,0.0,0.0,0.0,0.3,0.3,0.3,,,,,,
2025,Nordeste,PB,2507408,Jericó,Urbana,Municipal,6.7,0.0,0.0,1.9,0.0,5.3,5.9,0.0,3.6,4.2,1.5,2.9,,,,,,,93.3,100.0,100.0,96.2,100.0,93.6,94.1,100.0,96.4,95.5,98.1,96.7,,,,,,,0.0,0.0,0.0,1.9,0.0,1.1,0.0,0.0,0.0,0.3,0.4,0.4,,,,,,
2025,Nordeste,PB,2507408,Jericó,Rural,Municipal,0.0,0.0,0.0,0.0,0.0,,,,,,0.0,0.0,,,,,,,100.0,100.0,100.0,100.0,100.0,,,,,,100.0,100.0,,,,,,,0.0,0.0,0.0,0.0,0.0,,,,,,0.0,0.0,,,,,,
2025,Nordeste,PB,2507408,Jericó,Total,Privada,0.0,0.0,0.0,0.0,0.0,,0.0,0.0,0.0,0.0,0.0,0.0,,,,,,,100.0,100.0,100.0,100.0,100.0,,100.0,100.0,100.0,100.0,100.0,100.0,,,,,,,0.0,0.0,0.0,0.0,0.0,,0.0,0.0,0.0,0.0,0.0,0.0,,,,,,
2025,Nordeste,PB,2507408,Jericó,Urbana,Privada,0.0,0.0,0.0,0.0,0.0,,0.0,0.0,0.0,0.0,0.0,0.0,,,,,,,100.0,100.0,100.0,100.0,100.0,,100.0,100.0,100.0,100.0,100.0,100.0,,,,,,,0.0,0.0,0.0,0.0,0.0,,0.0,0.0,0.0,0.0,0.0,0.0,,,,,,
2025,Nordeste,PB,2507408,Jericó,Total,Pública,6.2,0.0,0.0,1.4,0.0,5.3,5.9,0.0,3.6,4.2,1.1,2.5,0.0,0.0,0.0,,,0.0,93.8,100.0,100.0,97.1,100.0,93.6,94.1,100.0,96.4,95.5,98.6,97.2,100.0,100.0,100.0,,,100.0,0.0,0.0,0.0,1.5,0.0,1.1,0.0,0.0,0.0,0.3,0.3,0.3,0.0,0.0,0.0,,,0.0
2025,Nordeste,PB,2507408,Jericó,Urbana,Pública,6.7,0.0,0.0,1.9,0.0,5.3,5.9,0.0,3.6,4.2,1.5,2.9,0.0,0.0,0.0,,,0.0,93.3,100.0,100.0,96.2,100.0,93.6,94.1,100.0,96.4,95.5,98.1,96.7,100.0,100.0,100.0,,,100.0,0.0,0.0,0.0,1.9,0.0,1.1,0.0,0.0,0.0,0.3,0.4,0.4,0.0,0.0,0.0,,,0.0
2025,Nordeste,PB,2507408,Jericó,Rural,Pública,0.0,0.0,0.0,0.0,0.0,,,,,,0.0,0.0,,,,,,,100.0,100.0,100.0,100.0,100.0,,,,,,100.0,100.0,,,,,,,0.0,0.0,0.0,0.0,0.0,,,,,,0.0,0.0,,,,,,
2025,Nordeste,PB,2507507,João Pessoa,Total,Total,0.7,0.4,0.7,0.5,0.5,1.6,1.5,1.2,1.0,1.4,0.5,0.9,5.2,3.1,2.0,2.3,0.0,3.6,99.2,98.6,97.2,98.0,98.0,93.1,94.0,95.1,96.8,94.7,98.2,96.6,89.0,93.6,96.6,94.4,100.0,92.6,0.1,1.0,2.1,1.5,1.5,5.3,4.5,3.7,2.2,3.9,1.3,2.5,5.8,3.3,1.4,3.3,0.0,3.8
2025,Nordeste,PB,2507507,João Pessoa,Urbana,Total,0.7,0.4,0.7,0.5,0.5,1.6,1.5,1.2,1.0,1.4,0.5,0.9,5.2,3.1,2.0,2.3,0.0,3.6,99.2,98.6,97.2,98.0,98.0,93.1,94.0,95.1,96.8,94.7,98.2,96.6,89.0,93.6,96.6,94.4,100.0,92.6,0.1,1.0,2.1,1.5,1.5,5.3,4.5,3.7,2.2,3.9,1.3,2.5,5.8,3.3,1.4,3.3,0.0,3.8
2025,Nordeste,PB,2507507,João Pessoa,Total,Federal,0.0,0.0,0.0,0.0,0.0,,,,,,0.0,0.0,4.5,1.0,0.4,2.3,,1.9,100.0,97.1,100.0,97.0,100.0,,,,,,98.8,98.8,80.7,95.2,95.9,94.4,,91.8,0.0,2.9,0.0,3.0,0.0,,,,,,1.2,1.2,14.8,3.8,3.7,3.3,,6.3
2025,Nordeste,PB,2507507,João Pessoa,Urbana,Federal,0.0,0.0,0.0,0.0,0.0,,,,,,0.0,0.0,4.5,1.0,0.4,2.3,,1.9,100.0,97.1,100.0,97.0,100.0,,,,,,98.8,98.8,80.7,95.2,95.9,94.4,,91.8,0.0,2.9,0.0,3.0,0.0,,,,,,1.2,1.2,14.8,3.8,3.7,3.3,,6.3
2025,Nordeste,PB,2507507,João Pessoa,Total,Estadual,3.9,1.1,1.6,1.7,1.8,4.1,3.1,2.9,2.4,3.1,1.9,2.6,7.4,4.8,3.2,,,5.5,95.9,97.3,97.7,98.3,95.4,91.3,93.4,93.7,95.7,93.7,97.0,94.8,85.5,90.9,94.9,,,89.6,0.2,1.6,0.7,0.0,2.8,4.6,3.5,3.4,1.9,3.2,1.1,2.6,7.1,4.3,1.9,,,4.9
2025,Nordeste,PB,2507507,João Pessoa,Urbana,Estadual,3.9,1.1,1.6,1.7,1.8,4.1,3.1,2.9,2.4,3.1,1.9,2.6,7.4,4.8,3.2,,,5.5,95.9,97.3,97.7,98.3,95.4,91.3,93.4,93.7,95.7,93.7,97.0,94.8,85.5,90.9,94.9,,,89.6,0.2,1.6,0.7,0.0,2.8,4.6,3.5,3.4,1.9,3.2,1.1,2.6,7.1,4.3,1.9,,,4.9
2025,Nordeste,PB,2507507,João Pessoa,Total,Municipal,0.6,0.5,0.8,0.8,0.7,2.1,2.0,1.5,1.3,1.7,0.7,1.1,,,,,,,99.4,98.0,95.8,96.8,97.3,89.8,91.1,92.8,95.8,92.2,97.4,95.2,,,,,,,0.0,1.5,3.4,2.4,2.0,8.1,6.9,5.7,2.9,6.1,1.9,3.7,,,,,,
2025,Nordeste,PB,2507507,João Pessoa,Urbana,Municipal,0.6,0.5,0.8,0.8,0.7,2.1,2.0,1.5,1.3,1.7,0.7,1.1,,,,,,,99.4,98.0,95.8,96.8,97.3,89.8,91.1,92.8,95.8,92.2,97.4,95.2,,,,,,,0.0,1.5,3.4,2.4,2.0,8.1,6.9,5.7,2.9,6.1,1.9,3.7,,,,,,
2025,Nordeste,PB,2507507,João Pessoa,Total,Privada,0.4,0.1,0.2,0.1,0.2,0.2,0.1,0.0,0.0,0.1,0.2,0.2,0.2,0.2,0.1,,0.0,0.1,99.3,99.7,99.5,99.7,99.4,99.2,99.1,99.1,98.7,99.0,99.5,99.3,97.6,98.7,99.6,,100.0,98.6,0.3,0.2,0.3,0.2,0.4,0.6,0.8,0.9,1.3,0.9,0.3,0.5,2.2,1.1,0.3,,0.0,1.3
2025,Nordeste,PB,2507507,João Pessoa,Urbana,Privada,0.4,0.1,0.2,0.1,0.2,0.2,0.1,0.0,0.0,0.1,0.2,0.2,0.2,0.2,0.1,,0.0,0.1,99.3,99.7,99.5,99.7,99.4,99.2,99.1,99.1,98.7,99.0,99.5,99.3,97.6,98.7,99.6,,100.0,98.6,0.3,0.2,0.3,0.2,0.4,0.6,0.8,0.9,1.3,0.9,0.3,0.5,2.2,1.1,0.3,,0.0,1.3
2025,Nordeste,PB,2507507,João Pessoa,Total,Pública,0.8,0.6,0.9,0.8,0.8,2.4,2.2,1.8,1.6,2.0,0.7,1.4,7.2,4.6,3.1,2.3,,5.2,99.2,97.9,96.0,97.0,97.1,90.1,91.6,93.0,95.8,92.5,97.4,95.1,85.4,91.1,94.9,94.4,,89.8,0.0,1.5,3.1,2.2,2.1,7.5,6.2,5.2,2.6,5.5,1.9,3.5,7.4,4.3,2.0,3.3,,5.0
2025,Nordeste,PB,2507507,João Pessoa,Urbana,Pública,0.8,0.6,0.9,0.8,0.8,2.4,2.2,1.8,1.6,2.0,0.7,1.4,7.2,4.6,3.1,2.3,,5.2,99.2,97.9,96.0,97.0,97.1,90.1,91.6,93.0,95.8,92.5,97.4,95.1,85.4,91.1,94.9,94.4,,89.8,0.0,1.5,3.1,2.2,2.1,7.5,6.2,5.2,2.6,5.5,1.9,3.5,7.4,4.3,2.0,3.3,,5.0
2025,Nordeste,PB,2507606,Juarez Távora,Total,Total,0.0,0.0,0.0,0.0,0.0,0.0,0.0,0.9,0.8,0.4,0.0,0.2,15.0,3.4,2.9,,,7.9,100.0,99.0,100.0,100.0,100.0,98.3,97.8,99.1,97.6,98.2,99.8,99.0,85.0,96.6,97.1,,,92.1,0.0,1.0,0.0,0.0,0.0,1.7,2.2,0.0,1.6,1.4,0.2,0.8,0.0,0.0,0.0,,,0.0
2025,Nordeste,PB,2507606,Juarez Távora,Urbana,Total,0.0,0.0,0.0,0.0,0.0,0.0,0.0,0.9,0.8,0.4,0.0,0.2,15.0,3.4,2.9,,,7.9,100.0,98.8,100.0,100.0,100.0,98.3,97.8,99.1,97.6,98.2,99.8,98.9,85.0,96.6,97.1,,,92.1,0.0,1.2,0.0,0.0,0.0,1.7,2.2,0.0,1.6,1.4,0.2,0.9,0.0,0.0,0.0,,,0.0
2025,Nordeste,PB,2507606,Juarez Távora,Rural,Total,0.0,0.0,0.0,0.0,0.0,,,,,,0.0,0.0,,,,,,,100.0,100.0,100.0,100.0,100.0,,,,,,100.0,100.0,,,,,,,0.0,0.0,0.0,0.0,0.0,,,,,,0.0,0.0,,,,,,
2025,Nordeste,PB,2507606,Juarez Távora,Total,Estadual,,,,,,,,,,,,,15.0,3.4,2.9,,,7.9,,,,,,,,,,,,,85.0,96.6,97.1,,,92.1,,,,,,,,,,,,,0.0,0.0,0.0,,,0.0
2025,Nordeste,PB,2507606,Juarez Távora,Urbana,Estadual,,,,,,,,,,,,,15.0,3.4,2.9,,,7.9,,,,,,,,,,,,,85.0,96.6,97.1,,,92.1,,,,,,,,,,,,,0.0,0.0,0.0,,,0.0
2025,Nordeste,PB,2507606,Juarez Távora,Total,Municipal,0.0,0.0,0.0,0.0,0.0,0.0,0.0,1.0,0.9,0.4,0.0,0.3,,,,,,,100.0,100.0,100.0,100.0,100.0,99.0,100.0,99.0,98.2,99.1,100.0,99.5,,,,,,,0.0,0.0,0.0,0.0,0.0,1.0,0.0,0.0,0.9,0.5,0.0,0.2,,,,,,
2025,Nordeste,PB,2507606,Juarez Távora,Urbana,Municipal,0.0,0.0,0.0,0.0,0.0,0.0,0.0,1.0,0.9,0.4,0.0,0.3,,,,,,,100.0,100.0,100.0,100.0,100.0,99.0,100.0,99.0,98.2,99.1,100.0,99.4,,,,,,,0.0,0.0,0.0,0.0,0.0,1.0,0.0,0.0,0.9,0.5,0.0,0.3,,,,,,
2025,Nordeste,PB,2507606,Juarez Távora,Rural,Municipal,0.0,0.0,0.0,0.0,0.0,,,,,,0.0,0.0,,,,,,,100.0,100.0,100.0,100.0,100.0,,,,,,100.0,100.0,,,,,,,0.0,0.0,0.0,0.0,0.0,,,,,,0.0,0.0,,,,,,
2025,Nordeste,PB,2507606,Juarez Távora,Total,Privada,0.0,0.0,0.0,0.0,0.0,0.0,0.0,0.0,0.0,0.0,0.0,0.0,,,,,,,100.0,96.6,100.0,100.0,100.0,91.7,85.0,100.0,94.1,92.2,99.3,97.2,,,,,,,0.0,3.4,0.0,0.0,0.0,8.3,15.0,0.0,5.9,7.8,0.7,2.8,,,,,,
2025,Nordeste,PB,2507606,Juarez Távora,Urbana,Privada,0.0,0.0,0.0,0.0,0.0,0.0,0.0,0.0,0.0,0.0,0.0,0.0,,,,,,,100.0,96.6,100.0,100.0,100.0,91.7,85.0,100.0,94.1,92.2,99.3,97.2,,,,,,,0.0,3.4,0.0,0.0,0.0,8.3,15.0,0.0,5.9,7.8,0.7,2.8,,,,,,
2025,Nordeste,PB,2507606,Juarez Távora,Total,Pública,0.0,0.0,0.0,0.0,0.0,0.0,0.0,1.0,0.9,0.4,0.0,0.3,15.0,3.4,2.9,,,7.9,100.0,100.0,100.0,100.0,100.0,99.0,100.0,99.0,98.2,99.1,100.0,99.5,85.0,96.6,97.1,,,92.1,0.0,0.0,0.0,0.0,0.0,1.0,0.0,0.0,0.9,0.5,0.0,0.2,0.0,0.0,0.0,,,0.0
2025,Nordeste,PB,2507606,Juarez Távora,Urbana,Pública,0.0,0.0,0.0,0.0,0.0,0.0,0.0,1.0,0.9,0.4,0.0,0.3,15.0,3.4,2.9,,,7.9,100.0,100.0,100.0,100.0,100.0,99.0,100.0,99.0,98.2,99.1,100.0,99.4,85.0,96.6,97.1,,,92.1,0.0,0.0,0.0,0.0,0.0,1.0,0.0,0.0,0.9,0.5,0.0,0.3,0.0,0.0,0.0,,,0.0
2025,Nordeste,PB,2507606,Juarez Távora,Rural,Pública,0.0,0.0,0.0,0.0,0.0,,,,,,0.0,0.0,,,,,,,100.0,100.0,100.0,100.0,100.0,,,,,,100.0,100.0,,,,,,,0.0,0.0,0.0,0.0,0.0,,,,,,0.0,0.0,,,,,,
2025,Nordeste,PB,2507705,Juazeirinho,Total,Total,0.0,0.0,0.4,0.3,0.0,0.2,0.0,0.5,0.0,0.2,0.2,0.1,4.0,6.0,2.5,,,4.1,98.8,97.9,79.6,89.2,93.5,89.9,88.9,96.7,98.4,92.5,92.1,92.3,93.0,91.8,97.5,,,94.1,1.2,2.1,20.0,10.5,6.5,9.9,11.1,2.8,1.6,7.3,7.7,7.6,3.0,2.2,0.0,,,1.8
2025,Nordeste,PB,2507705,Juazeirinho,Urbana,Total,0.0,0.0,0.7,0.0,0.0,0.2,0.0,0.5,0.0,0.2,0.1,0.1,4.0,6.0,2.5,,,4.1,97.9,96.2,76.4,90.3,93.8,89.9,88.9,96.7,98.4,92.5,91.3,92.0,93.0,91.8,97.5,,,94.1,2.1,3.8,22.9,9.7,6.2,9.9,11.1,2.8,1.6,7.3,8.6,7.9,3.0,2.2,0.0,,,1.8
2025,Nordeste,PB,2507705,Juazeirinho,Rural,Total,0.0,0.0,0.0,0.8,0.0,,,,,,0.1,0.1,,,,,,,100.0,100.0,83.6,87.6,93.1,,,,,,93.2,93.2,,,,,,,0.0,0.0,16.4,11.6,6.9,,,,,,6.7,6.7,,,,,,
2025,Nordeste,PB,2507705,Juazeirinho,Total,Estadual,,,,,,0.0,0.0,3.0,0.0,0.5,,0.5,4.0,6.0,2.5,,,4.1,,,,,,100.0,100.0,94.1,100.0,99.0,,99.0,93.0,91.8,97.5,,,94.1,,,,,,0.0,0.0,2.9,0.0,0.5,,0.5,3.0,2.2,0.0,,,1.8
2025,Nordeste,PB,2507705,Juazeirinho,Urbana,Estadual,,,,,,0.0,0.0,3.0,0.0,0.5,,0.5,4.0,6.0,2.5,,,4.1,,,,,,100.0,100.0,94.1,100.0,99.0,,99.0,93.0,91.8,97.5,,,94.1,,,,,,0.0,0.0,2.9,0.0,0.5,,0.5,3.0,2.2,0.0,,,1.8
2025,Nordeste,PB,2507705,Juazeirinho,Total,Municipal,0.0,0.0,0.0,0.3,0.0,0.3,0.0,0.0,0.0,0.1,0.1,0.1,,,,,,,98.8,97.9,79.9,89.2,93.5,87.8,85.7,97.2,98.1,91.0,92.1,91.7,,,,,,,1.2,2.1,20.1,10.5,6.5,11.9,14.3,2.8,1.9,8.9,7.8,8.2,,,,,,
2025,Nordeste,PB,2507705,Juazeirinho,Urbana,Municipal,0.0,0.0,0.0,0.0,0.0,0.3,0.0,0.0,0.0,0.1,0.0,0.0,,,,,,,97.8,96.2,77.0,90.3,93.8,87.8,85.7,97.2,98.1,91.0,91.4,91.2,,,,,,,2.2,3.8,23.0,9.7,6.2,11.9,14.3,2.8,1.9,8.9,8.6,8.8,,,,,,
2025,Nordeste,PB,2507705,Juazeirinho,Rural,Municipal,0.0,0.0,0.0,0.8,0.0,,,,,,0.1,0.1,,,,,,,100.0,100.0,83.6,87.6,93.1,,,,,,93.2,93.2,,,,,,,0.0,0.0,16.4,11.6,6.9,,,,,,6.7,6.7,,,,,,
2025,Nordeste,PB,2507705,Juazeirinho,Total,Privada,0.0,0.0,100.0,,,,,,,,16.7,16.7,,,,,,,100.0,100.0,0.0,,,,,,,,83.3,83.3,,,,,,,0.0,0.0,0.0,,,,,,,,0.0,0.0,,,,,,
2025,Nordeste,PB,2507705,Juazeirinho,Urbana,Privada,0.0,0.0,100.0,,,,,,,,16.7,16.7,,,,,,,100.0,100.0,0.0,,,,,,,,83.3,83.3,,,,,,,0.0,0.0,0.0,,,,,,,,0.0,0.0,,,,,,
2025,Nordeste,PB,2507705,Juazeirinho,Total,Pública,0.0,0.0,0.0,0.3,0.0,0.2,0.0,0.5,0.0,0.2,0.1,0.1,4.0,6.0,2.5,,,4.1,98.8,97.9,79.9,89.2,93.5,89.9,88.9,96.7,98.4,92.5,92.1,92.3,93.0,91.8,97.5,,,94.1,1.2,2.1,20.1,10.5,6.5,9.9,11.1,2.8,1.6,7.3,7.8,7.6,3.0,2.2,0.0,,,1.8
2025,Nordeste,PB,2507705,Juazeirinho,Urbana,Pública,0.0,0.0,0.0,0.0,0.0,0.2,0.0,0.5,0.0,0.2,0.0,0.1,4.0,6.0,2.5,,,4.1,97.8,96.2,77.0,90.3,93.8,89.9,88.9,96.7,98.4,92.5,91.4,92.0,93.0,91.8,97.5,,,94.1,2.2,3.8,23.0,9.7,6.2,9.9,11.1,2.8,1.6,7.3,8.6,7.9,3.0,2.2,0.0,,,1.8
2025,Nordeste,PB,2507705,Juazeirinho,Rural,Pública,0.0,0.0,0.0,0.8,0.0,,,,,,0.1,0.1,,,,,,,100.0,100.0,83.6,87.6,93.1,,,,,,93.2,93.2,,,,,,,0.0,0.0,16.4,11.6,6.9,,,,,,6.7,6.7,,,,,,
2025,Nordeste,PB,2507804,Junco do Seridó,Total,Total,0.0,0.0,0.0,0.0,0.0,0.0,0.0,0.0,0.0,0.0,0.0,0.0,17.7,0.0,0.0,,,6.8,100.0,100.0,93.5,92.2,95.5,87.4,91.2,89.0,99.0,91.5,96.3,94.2,77.9,100.0,100.0,,,91.5,0.0,0.0,6.5,7.8,4.5,12.6,8.8,11.0,1.0,8.5,3.7,5.8,4.4,0.0,0.0,,,1.7
2025,Nordeste,PB,2507804,Junco do Seridó,Urbana,Total,0.0,0.0,0.0,0.0,0.0,0.0,0.0,0.0,0.0,0.0,0.0,0.0,17.7,0.0,0.0,,,6.8,100.0,100.0,92.6,91.6,94.8,86.5,90.7,87.8,98.9,90.9,95.7,93.5,77.9,100.0,100.0,,,91.5,0.0,0.0,7.4,8.4,5.2,13.5,9.3,12.2,1.1,9.1,4.3,6.5,4.4,0.0,0.0,,,1.7
2025,Nordeste,PB,2507804,Junco do Seridó,Rural,Total,0.0,0.0,0.0,0.0,0.0,0.0,0.0,0.0,0.0,0.0,0.0,0.0,,,,,,,100.0,100.0,100.0,95.0,100.0,100.0,100.0,100.0,100.0,100.0,98.9,99.1,,,,,,,0.0,0.0,0.0,5.0,0.0,0.0,0.0,0.0,0.0,0.0,1.1,0.9,,,,,,
2025,Nordeste,PB,2507804,Junco do Seridó,Total,Estadual,,,,,,,,,,,,,17.7,0.0,0.0,,,6.8,,,,,,,,,,,,,77.9,100.0,100.0,,,91.5,,,,,,,,,,,,,4.4,0.0,0.0,,,1.7
2025,Nordeste,PB,2507804,Junco do Seridó,Urbana,Estadual,,,,,,,,,,,,,17.7,0.0,0.0,,,6.8,,,,,,,,,,,,,77.9,100.0,100.0,,,91.5,,,,,,,,,,,,,4.4,0.0,0.0,,,1.7
2025,Nordeste,PB,2507804,Junco do Seridó,Total,Municipal,0.0,0.0,0.0,0.0,0.0,0.0,0.0,0.0,0.0,0.0,0.0,0.0,,,,,,,100.0,100.0,92.1,90.4,94.4,87.4,91.2,89.0,99.0,91.5,95.4,93.6,,,,,,,0.0,0.0,7.9,9.6,5.6,12.6,8.8,11.0,1.0,8.5,4.6,6.4,,,,,,
2025,Nordeste,PB,2507804,Junco do Seridó,Urbana,Municipal,0.0,0.0,0.0,0.0,0.0,0.0,0.0,0.0,0.0,0.0,0.0,0.0,,,,,,,100.0,100.0,90.8,88.9,93.2,86.5,90.7,87.8,98.9,90.9,94.5,92.6,,,,,,,0.0,0.0,9.2,11.1,6.8,13.5,9.3,12.2,1.1,9.1,5.5,7.4,,,,,,
2025,Nordeste,PB,2507804,Junco do Seridó,Rural,Municipal,0.0,0.0,0.0,0.0,0.0,0.0,0.0,0.0,0.0,0.0,0.0,0.0,,,,,,,100.0,100.0,100.0,95.0,100.0,100.0,100.0,100.0,100.0,100.0,98.9,99.1,,,,,,,0.0,0.0,0.0,5.0,0.0,0.0,0.0,0.0,0.0,0.0,1.1,0.9,,,,,,
2025,Nordeste,PB,2507804,Junco do Seridó,Total,Privada,0.0,0.0,0.0,0.0,0.0,,,,,,0.0,0.0,,,,,,,100.0,100.0,100.0,100.0,100.0,,,,,,100.0,100.0,,,,,,,0.0,0.0,0.0,0.0,0.0,,,,,,0.0,0.0,,,,,,
2025,Nordeste,PB,2507804,Junco do Seridó,Urbana,Privada,0.0,0.0,0.0,0.0,0.0,,,,,,0.0,0.0,,,,,,,100.0,100.0,100.0,100.0,100.0,,,,,,100.0,100.0,,,,,,,0.0,0.0,0.0,0.0,0.0,,,,,,0.0,0.0,,,,,,
2025,Nordeste,PB,2507804,Junco do Seridó,Total,Pública,0.0,0.0,0.0,0.0,0.0,0.0,0.0,0.0,0.0,0.0,0.0,0.0,17.7,0.0,0.0,,,6.8,100.0,100.0,92.1,90.4,94.4,87.4,91.2,89.0,99.0,91.5,95.4,93.6,77.9,100.0,100.0,,,91.5,0.0,0.0,7.9,9.6,5.6,12.6,8.8,11.0,1.0,8.5,4.6,6.4,4.4,0.0,0.0,,,1.7
2025,Nordeste,PB,2507804,Junco do Seridó,Urbana,Pública,0.0,0.0,0.0,0.0,0.0,0.0,0.0,0.0,0.0,0.0,0.0,0.0,17.7,0.0,0.0,,,6.8,100.0,100.0,90.8,88.9,93.2,86.5,90.7,87.8,98.9,90.9,94.5,92.6,77.9,100.0,100.0,,,91.5,0.0,0.0,9.2,11.1,6.8,13.5,9.3,12.2,1.1,9.1,5.5,7.4,4.4,0.0,0.0,,,1.7
2025,Nordeste,PB,2507804,Junco do Seridó,Rural,Pública,0.0,0.0,0.0,0.0,0.0,0.0,0.0,0.0,0.0,0.0,0.0,0.0,,,,,,,100.0,100.0,100.0,95.0,100.0,100.0,100.0,100.0,100.0,100.0,98.9,99.1,,,,,,,0.0,0.0,0.0,5.0,0.0,0.0,0.0,0.0,0.0,0.0,1.1,0.9,,,,,,
2025,Nordeste,PB,2507903,Juripiranga,Total,Total,0.0,0.0,0.0,0.0,0.0,0.0,1.1,0.6,0.0,0.5,0.0,0.2,4.3,0.8,1.2,,,2.0,100.0,99.4,100.0,100.0,100.0,98.8,93.6,95.2,98.5,96.4,99.9,98.5,90.3,96.7,98.8,,,95.3,0.0,0.6,0.0,0.0,0.0,1.2,5.3,4.2,1.5,3.1,0.1,1.3,5.4,2.5,0.0,,,2.7
2025,Nordeste,PB,2507903,Juripiranga,Urbana,Total,0.0,0.0,0.0,0.0,0.0,0.0,1.1,0.6,0.0,0.5,0.0,0.2,4.3,0.8,1.2,,,2.0,100.0,99.4,100.0,100.0,100.0,98.8,93.6,95.2,98.5,96.4,99.9,98.4,90.3,96.7,98.8,,,95.3,0.0,0.6,0.0,0.0,0.0,1.2,5.3,4.2,1.5,3.1,0.1,1.4,5.4,2.5,0.0,,,2.7
2025,Nordeste,PB,2507903,Juripiranga,Rural,Total,0.0,0.0,0.0,0.0,0.0,,,,,,0.0,0.0,,,,,,,100.0,100.0,100.0,100.0,100.0,,,,,,100.0,100.0,,,,,,,0.0,0.0,0.0,0.0,0.0,,,,,,0.0,0.0,,,,,,
2025,Nordeste,PB,2507903,Juripiranga,Total,Estadual,,0.0,0.0,0.0,0.0,0.0,5.0,2.9,0.0,2.2,0.0,1.4,4.3,0.8,1.2,,,2.0,,100.0,100.0,100.0,100.0,94.1,80.0,85.7,92.9,87.6,100.0,92.2,90.3,96.7,98.8,,,95.3,,0.0,0.0,0.0,0.0,5.9,15.0,11.4,7.1,10.2,0.0,6.4,5.4,2.5,0.0,,,2.7
2025,Nordeste,PB,2507903,Juripiranga,Urbana,Estadual,,0.0,0.0,0.0,0.0,0.0,5.0,2.9,0.0,2.2,0.0,1.4,4.3,0.8,1.2,,,2.0,,100.0,100.0,100.0,100.0,94.1,80.0,85.7,92.9,87.6,100.0,92.2,90.3,96.7,98.8,,,95.3,,0.0,0.0,0.0,0.0,5.9,15.0,11.4,7.1,10.2,0.0,6.4,5.4,2.5,0.0,,,2.7
2025,Nordeste,PB,2507903,Juripiranga,Total,Municipal,0.0,0.0,0.0,0.0,0.0,0.0,0.0,0.0,0.0,0.0,0.0,0.0,,,,,,,100.0,99.2,100.0,100.0,100.0,100.0,97.7,97.7,100.0,98.8,99.8,99.4,,,,,,,0.0,0.8,0.0,0.0,0.0,0.0,2.3,2.3,0.0,1.2,0.2,0.6,,,,,,
2025,Nordeste,PB,2507903,Juripiranga,Urbana,Municipal,0.0,0.0,0.0,0.0,0.0,0.0,0.0,0.0,0.0,0.0,0.0,0.0,,,,,,,100.0,99.2,100.0,100.0,100.0,100.0,97.7,97.7,100.0,98.8,99.8,99.4,,,,,,,0.0,0.8,0.0,0.0,0.0,0.0,2.3,2.3,0.0,1.2,0.2,0.6,,,,,,
2025,Nordeste,PB,2507903,Juripiranga,Rural,Municipal,0.0,0.0,0.0,0.0,0.0,,,,,,0.0,0.0,,,,,,,100.0,100.0,100.0,100.0,100.0,,,,,,100.0,100.0,,,,,,,0.0,0.0,0.0,0.0,0.0,,,,,,0.0,0.0,,,,,,
2025,Nordeste,PB,2507903,Juripiranga,Total,Privada,0.0,0.0,0.0,0.0,0.0,,,,,,0.0,0.0,,,,,,,100.0,100.0,100.0,100.0,100.0,,,,,,100.0,100.0,,,,,,,0.0,0.0,0.0,0.0,0.0,,,,,,0.0,0.0,,,,,,
2025,Nordeste,PB,2507903,Juripiranga,Urbana,Privada,0.0,0.0,0.0,0.0,0.0,,,,,,0.0,0.0,,,,,,,100.0,100.0,100.0,100.0,100.0,,,,,,100.0,100.0,,,,,,,0.0,0.0,0.0,0.0,0.0,,,,,,0.0,0.0,,,,,,
2025,Nordeste,PB,2507903,Juripiranga,Total,Pública,0.0,0.0,0.0,0.0,0.0,0.0,1.1,0.6,0.0,0.5,0.0,0.2,4.3,0.8,1.2,,,2.0,100.0,99.3,100.0,100.0,100.0,98.8,93.6,95.2,98.5,96.4,99.9,98.3,90.3,96.7,98.8,,,95.3,0.0,0.7,0.0,0.0,0.0,1.2,5.3,4.2,1.5,3.1,0.1,1.5,5.4,2.5,0.0,,,2.7
2025,Nordeste,PB,2507903,Juripiranga,Urbana,Pública,0.0,0.0,0.0,0.0,0.0,0.0,1.1,0.6,0.0,0.5,0.0,0.2,4.3,0.8,1.2,,,2.0,100.0,99.2,100.0,100.0,100.0,98.8,93.6,95.2,98.5,96.4,99.9,98.2,90.3,96.7,98.8,,,95.3,0.0,0.8,0.0,0.0,0.0,1.2,5.3,4.2,1.5,3.1,0.1,1.6,5.4,2.5,0.0,,,2.7
2025,Nordeste,PB,2507903,Juripiranga,Rural,Pública,0.0,0.0,0.0,0.0,0.0,,,,,,0.0,0.0,,,,,,,100.0,100.0,100.0,100.0,100.0,,,,,,100.0,100.0,,,,,,,0.0,0.0,0.0,0.0,0.0,,,,,,0.0,0.0,,,,,,
2025,Nordeste,PB,2508000,Juru,Total,Total,0.0,0.0,0.0,0.0,0.0,0.0,0.0,0.0,0.0,0.0,0.0,0.0,4.7,0.0,0.0,,,2.3,100.0,100.0,99.0,100.0,99.2,97.5,98.0,99.2,100.0,98.5,99.7,99.1,94.1,100.0,100.0,,,97.1,0.0,0.0,1.0,0.0,0.8,2.5,2.0,0.8,0.0,1.5,0.3,0.9,1.2,0.0,0.0,,,0.6
2025,Nordeste,PB,2508000,Juru,Urbana,Total,0.0,0.0,0.0,0.0,0.0,0.0,0.0,0.0,0.0,0.0,0.0,0.0,,,,,,,100.0,100.0,100.0,100.0,100.0,100.0,97.2,100.0,100.0,99.2,100.0,99.6,,,,,,,0.0,0.0,0.0,0.0,0.0,0.0,2.8,0.0,0.0,0.8,0.0,0.4,,,,,,
2025,Nordeste,PB,2508000,Juru,Rural,Total,0.0,0.0,0.0,0.0,0.0,0.0,0.0,0.0,0.0,0.0,0.0,0.0,4.7,0.0,0.0,,,2.3,100.0,100.0,97.6,100.0,97.7,94.2,100.0,97.2,100.0,97.3,99.0,98.2,94.1,100.0,100.0,,,97.1,0.0,0.0,2.4,0.0,2.3,5.8,0.0,2.8,0.0,2.7,1.0,1.8,1.2,0.0,0.0,,,0.6
2025,Nordeste,PB,2508000,Juru,Total,Estadual,,,,,,0.0,0.0,0.0,0.0,0.0,,0.0,4.7,0.0,0.0,,,2.3,,,,,,100.0,94.1,100.0,100.0,97.9,,97.9,94.1,100.0,100.0,,,97.1,,,,,,0.0,5.9,0.0,0.0,2.1,,2.1,1.2,0.0,0.0,,,0.6
2025,Nordeste,PB,2508000,Juru,Urbana,Estadual,,,,,,0.0,0.0,0.0,0.0,0.0,,0.0,,,,,,,,,,,,100.0,94.1,100.0,100.0,97.9,,97.9,,,,,,,,,,,,0.0,5.9,0.0,0.0,2.1,,2.1,,,,,,
2025,Nordeste,PB,2508000,Juru,Rural,Estadual,,,,,,,,,,,,,4.7,0.0,0.0,,,2.3,,,,,,,,,,,,,94.1,100.0,100.0,,,97.1,,,,,,,,,,,,,1.2,0.0,0.0,,,0.6
2025,Nordeste,PB,2508000,Juru,Total,Municipal,0.0,0.0,0.0,0.0,0.0,0.0,0.0,0.0,0.0,0.0,0.0,0.0,,,,,,,100.0,100.0,99.0,100.0,99.2,97.1,100.0,98.9,100.0,98.7,99.7,99.3,,,,,,,0.0,0.0,1.0,0.0,0.8,2.9,0.0,1.1,0.0,1.3,0.3,0.7,,,,,,
2025,Nordeste,PB,2508000,Juru,Urbana,Municipal,0.0,0.0,0.0,0.0,0.0,0.0,0.0,0.0,0.0,0.0,0.0,0.0,,,,,,,100.0,100.0,100.0,100.0,100.0,100.0,100.0,100.0,100.0,100.0,100.0,100.0,,,,,,,0.0,0.0,0.0,0.0,0.0,0.0,0.0,0.0,0.0,0.0,0.0,0.0,,,,,,
2025,Nordeste,PB,2508000,Juru,Rural,Municipal,0.0,0.0,0.0,0.0,0.0,0.0,0.0,0.0,0.0,0.0,0.0,0.0,,,,,,,100.0,100.0,97.6,100.0,97.7,94.2,100.0,97.2,100.0,97.3,99.0,98.2,,,,,,,0.0,0.0,2.4,0.0,2.3,5.8,0.0,2.8,0.0,2.7,1.0,1.8,,,,,,
2025,Nordeste,PB,2508000,Juru,Total,Pública,0.0,0.0,0.0,0.0,0.0,0.0,0.0,0.0,0.0,0.0,0.0,0.0,4.7,0.0,0.0,,,2.3,100.0,100.0,99.0,100.0,99.2,97.5,98.0,99.2,100.0,98.5,99.7,99.1,94.1,100.0,100.0,,,97.1,0.0,0.0,1.0,0.0,0.8,2.5,2.0,0.8,0.0,1.5,0.3,0.9,1.2,0.0,0.0,,,0.6
2025,Nordeste,PB,2508000,Juru,Urbana,Pública,0.0,0.0,0.0,0.0,0.0,0.0,0.0,0.0,0.0,0.0,0.0,0.0,,,,,,,100.0,100.0,100.0,100.0,100.0,100.0,97.2,100.0,100.0,99.2,100.0,99.6,,,,,,,0.0,0.0,0.0,0.0,0.0,0.0,2.8,0.0,0.0,0.8,0.0,0.4,,,,,,
2025,Nordeste,PB,2508000,Juru,Rural,Pública,0.0,0.0,0.0,0.0,0.0,0.0,0.0,0.0,0.0,0.0,0.0,0.0,4.7,0.0,0.0,,,2.3,100.0,100.0,97.6,100.0,97.7,94.2,100.0,97.2,100.0,97.3,99.0,98.2,94.1,100.0,100.0,,,97.1,0.0,0.0,2.4,0.0,2.3,5.8,0.0,2.8,0.0,2.7,1.0,1.8,1.2,0.0,0.0,,,0.6
2025,Nordeste,PB,2508109,Lagoa,Total,Total,0.0,3.7,0.0,4.3,0.0,0.0,0.0,0.0,0.0,0.0,1.9,1.0,0.0,0.0,0.0,,,0.0,100.0,96.3,100.0,94.3,100.0,96.1,95.2,98.0,100.0,97.2,97.7,97.5,100.0,100.0,100.0,,,100.0,0.0,0.0,0.0,1.4,0.0,3.9,4.8,2.0,0.0,2.8,0.4,1.5,0.0,0.0,0.0,,,0.0
2025,Nordeste,PB,2508109,Lagoa,Urbana,Total,0.0,2.3,0.0,5.2,0.0,0.0,0.0,0.0,0.0,0.0,1.8,0.9,0.0,0.0,0.0,,,0.0,100.0,97.7,100.0,93.0,100.0,96.1,95.2,98.0,100.0,97.2,97.7,97.5,100.0,100.0,100.0,,,100.0,0.0,0.0,0.0,1.8,0.0,3.9,4.8,2.0,0.0,2.8,0.5,1.6,0.0,0.0,0.0,,,0.0
2025,Nordeste,PB,2508109,Lagoa,Rural,Total,0.0,9.1,0.0,0.0,0.0,,,,,,2.2,2.2,,,,,,,100.0,90.9,100.0,100.0,100.0,,,,,,97.8,97.8,,,,,,,0.0,0.0,0.0,0.0,0.0,,,,,,0.0,0.0,,,,,,
2025,Nordeste,PB,2508109,Lagoa,Total,Estadual,,,,,,0.0,0.0,0.0,0.0,0.0,,0.0,0.0,0.0,0.0,,,0.0,,,,,,100.0,100.0,100.0,100.0,100.0,,100.0,100.0,100.0,100.0,,,100.0,,,,,,0.0,0.0,0.0,0.0,0.0,,0.0,0.0,0.0,0.0,,,0.0
2025,Nordeste,PB,2508109,Lagoa,Urbana,Estadual,,,,,,0.0,0.0,0.0,0.0,0.0,,0.0,0.0,0.0,0.0,,,0.0,,,,,,100.0,100.0,100.0,100.0,100.0,,100.0,100.0,100.0,100.0,,,100.0,,,,,,0.0,0.0,0.0,0.0,0.0,,0.0,0.0,0.0,0.0,,,0.0
2025,Nordeste,PB,2508109,Lagoa,Total,Municipal,0.0,3.7,0.0,4.3,0.0,0.0,0.0,0.0,0.0,0.0,1.9,1.3,,,,,,,100.0,96.3,100.0,94.3,100.0,93.3,91.4,96.0,100.0,95.0,97.7,96.9,,,,,,,0.0,0.0,0.0,1.4,0.0,6.7,8.6,4.0,0.0,5.0,0.4,1.8,,,,,,
2025,Nordeste,PB,2508109,Lagoa,Urbana,Municipal,0.0,2.3,0.0,5.2,0.0,0.0,0.0,0.0,0.0,0.0,1.8,1.1,,,,,,,100.0,97.7,100.0,93.0,100.0,93.3,91.4,96.0,100.0,95.0,97.7,96.8,,,,,,,0.0,0.0,0.0,1.8,0.0,6.7,8.6,4.0,0.0,5.0,0.5,2.1,,,,,,
2025,Nordeste,PB,2508109,Lagoa,Rural,Municipal,0.0,9.1,0.0,0.0,0.0,,,,,,2.2,2.2,,,,,,,100.0,90.9,100.0,100.0,100.0,,,,,,97.8,97.8,,,,,,,0.0,0.0,0.0,0.0,0.0,,,,,,0.0,0.0,,,,,,
2025,Nordeste,PB,2508109,Lagoa,Total,Pública,0.0,3.7,0.0,4.3,0.0,0.0,0.0,0.0,0.0,0.0,1.9,1.0,0.0,0.0,0.0,,,0.0,100.0,96.3,100.0,94.3,100.0,96.1,95.2,98.0,100.0,97.2,97.7,97.5,100.0,100.0,100.0,,,100.0,0.0,0.0,0.0,1.4,0.0,3.9,4.8,2.0,0.0,2.8,0.4,1.5,0.0,0.0,0.0,,,0.0
2025,Nordeste,PB,2508109,Lagoa,Urbana,Pública,0.0,2.3,0.0,5.2,0.0,0.0,0.0,0.0,0.0,0.0,1.8,0.9,0.0,0.0,0.0,,,0.0,100.0,97.7,100.0,93.0,100.0,96.1,95.2,98.0,100.0,97.2,97.7,97.5,100.0,100.0,100.0,,,100.0,0.0,0.0,0.0,1.8,0.0,3.9,4.8,2.0,0.0,2.8,0.5,1.6,0.0,0.0,0.0,,,0.0
2025,Nordeste,PB,2508109,Lagoa,Rural,Pública,0.0,9.1,0.0,0.0,0.0,,,,,,2.2,2.2,,,,,,,100.0,90.9,100.0,100.0,100.0,,,,,,97.8,97.8,,,,,,,0.0,0.0,0.0,0.0,0.0,,,,,,0.0,0.0,,,,,,
2025,Nordeste,PB,2508208,Lagoa de Dentro,Total,Total,0.8,0.0,0.8,0.0,0.0,5.4,5.2,0.9,2.5,3.6,0.3,1.7,9.6,5.9,1.4,,,6.1,99.2,97.1,93.8,96.2,92.7,78.5,80.4,89.3,96.3,85.0,95.8,91.4,88.3,91.2,98.6,,,92.2,0.0,2.9,5.4,3.8,7.3,16.1,14.4,9.8,1.2,11.4,3.9,6.9,2.1,2.9,0.0,,,1.7
2025,Nordeste,PB,2508208,Lagoa de Dentro,Urbana,Total,1.2,0.0,1.1,0.0,0.0,5.4,5.2,0.9,2.5,3.6,0.4,2.1,9.6,5.9,1.4,,,6.1,98.8,97.6,93.6,96.3,93.7,78.5,80.4,89.3,96.3,85.0,96.0,90.3,88.3,91.2,98.6,,,92.2,0.0,2.4,5.3,3.7,6.3,16.1,14.4,9.8,1.2,11.4,3.6,7.6,2.1,2.9,0.0,,,1.7
2025,Nordeste,PB,2508208,Lagoa de Dentro,Rural,Total,0.0,0.0,0.0,0.0,0.0,,,,,,0.0,0.0,,,,,,,100.0,96.1,94.3,95.9,90.9,,,,,,95.5,95.5,,,,,,,0.0,3.9,5.7,4.1,9.1,,,,,,4.5,4.5,,,,,,
2025,Nordeste,PB,2508208,Lagoa de Dentro,Total,Estadual,,,,,,15.4,24.9,7.7,0.0,12.5,,12.5,9.6,5.9,1.4,,,6.1,,,,,,76.9,68.8,84.6,100.0,82.1,,82.1,88.3,91.2,98.6,,,92.2,,,,,,7.7,6.3,7.7,0.0,5.4,,5.4,2.1,2.9,0.0,,,1.7
2025,Nordeste,PB,2508208,Lagoa de Dentro,Urbana,Estadual,,,,,,15.4,24.9,7.7,0.0,12.5,,12.5,9.6,5.9,1.4,,,6.1,,,,,,76.9,68.8,84.6,100.0,82.1,,82.1,88.3,91.2,98.6,,,92.2,,,,,,7.7,6.3,7.7,0.0,5.4,,5.4,2.1,2.9,0.0,,,1.7
2025,Nordeste,PB,2508208,Lagoa de Dentro,Total,Municipal,1.0,0.0,0.9,0.0,0.0,4.8,1.3,0.0,2.9,2.4,0.4,1.2,,,,,,,99.0,96.5,92.6,95.7,91.4,76.8,82.7,89.9,95.6,85.0,95.0,90.9,,,,,,,0.0,3.5,6.5,4.3,8.6,18.4,16.0,10.1,1.5,12.6,4.6,7.9,,,,,,
2025,Nordeste,PB,2508208,Lagoa de Dentro,Urbana,Municipal,1.7,0.0,1.4,0.0,0.0,4.8,1.3,0.0,2.9,2.4,0.6,1.6,,,,,,,98.3,96.8,91.8,95.5,91.8,76.8,82.7,89.9,95.6,85.0,94.7,89.5,,,,,,,0.0,3.2,6.8,4.5,8.2,18.4,16.0,10.1,1.5,12.6,4.7,8.9,,,,,,
2025,Nordeste,PB,2508208,Lagoa de Dentro,Rural,Municipal,0.0,0.0,0.0,0.0,0.0,,,,,,0.0,0.0,,,,,,,100.0,96.1,94.3,95.9,90.9,,,,,,95.5,95.5,,,,,,,0.0,3.9,5.7,4.1,9.1,,,,,,4.5,4.5,,,,,,
2025,Nordeste,PB,2508208,Lagoa de Dentro,Total,Privada,0.0,0.0,0.0,0.0,0.0,0.0,,,,0.0,0.0,0.0,,,,,,,100.0,100.0,100.0,100.0,100.0,100.0,,,,100.0,100.0,100.0,,,,,,,0.0,0.0,0.0,0.0,0.0,0.0,,,,0.0,0.0,0.0,,,,,,
2025,Nordeste,PB,2508208,Lagoa de Dentro,Urbana,Privada,0.0,0.0,0.0,0.0,0.0,0.0,,,,0.0,0.0,0.0,,,,,,,100.0,100.0,100.0,100.0,100.0,100.0,,,,100.0,100.0,100.0,,,,,,,0.0,0.0,0.0,0.0,0.0,0.0,,,,0.0,0.0,0.0,,,,,,
2025,Nordeste,PB,2508208,Lagoa de Dentro,Total,Pública,1.0,0.0,0.9,0.0,0.0,5.8,5.2,0.9,2.5,3.7,0.4,1.9,9.6,5.9,1.4,,,6.1,99.0,96.5,92.6,95.7,91.4,76.8,80.4,89.3,96.3,84.6,95.0,90.4,88.3,91.2,98.6,,,92.2,0.0,3.5,6.5,4.3,8.6,17.4,14.4,9.8,1.2,11.7,4.6,7.7,2.1,2.9,0.0,,,1.7
2025,Nordeste,PB,2508208,Lagoa de Dentro,Urbana,Pública,1.7,0.0,1.4,0.0,0.0,5.8,5.2,0.9,2.5,3.7,0.6,2.4,9.6,5.9,1.4,,,6.1,98.3,96.8,91.8,95.5,91.8,76.8,80.4,89.3,96.3,84.6,94.7,88.9,88.3,91.2,98.6,,,92.2,0.0,3.2,6.8,4.5,8.2,17.4,14.4,9.8,1.2,11.7,4.7,8.7,2.1,2.9,0.0,,,1.7
2025,Nordeste,PB,2508208,Lagoa de Dentro,Rural,Pública,0.0,0.0,0.0,0.0,0.0,,,,,,0.0,0.0,,,,,,,100.0,96.1,94.3,95.9,90.9,,,,,,95.5,95.5,,,,,,,0.0,3.9,5.7,4.1,9.1,,,,,,4.5,4.5,,,,,,
2025,Nordeste,PB,2508307,Lagoa Seca,Total,Total,0.0,0.0,0.0,0.0,0.0,0.0,0.2,0.0,0.0,0.0,0.0,0.0,10.8,5.4,3.1,,,6.9,99.7,99.7,100.0,100.0,100.0,98.3,96.9,98.0,98.4,97.9,99.9,99.0,84.3,93.3,96.9,,,90.8,0.3,0.3,0.0,0.0,0.0,1.7,2.9,2.0,1.6,2.1,0.1,1.0,4.9,1.3,0.0,,,2.3
2025,Nordeste,PB,2508307,Lagoa Seca,Urbana,Total,0.0,0.0,0.0,0.0,0.0,0.0,0.4,0.0,0.0,0.1,0.0,0.0,10.8,5.4,3.1,,,6.9,99.5,99.5,100.0,100.0,100.0,97.7,96.2,97.2,97.8,97.2,99.8,98.4,84.3,93.3,96.9,,,90.8,0.5,0.5,0.0,0.0,0.0,2.3,3.4,2.8,2.2,2.7,0.2,1.6,4.9,1.3,0.0,,,2.3
2025,Nordeste,PB,2508307,Lagoa Seca,Rural,Total,0.0,0.0,0.0,0.0,0.0,0.0,0.0,0.0,0.0,0.0,0.0,0.0,,,,,,,100.0,100.0,100.0,100.0,100.0,100.0,98.9,100.0,100.0,99.7,100.0,99.9,,,,,,,0.0,0.0,0.0,0.0,0.0,0.0,1.1,0.0,0.0,0.3,0.0,0.1,,,,,,
2025,Nordeste,PB,2508307,Lagoa Seca,Total,Estadual,,,,,,0.0,0.0,0.0,0.0,0.0,,0.0,10.8,5.4,3.1,,,6.9,,,,,,100.0,100.0,100.0,100.0,100.0,,100.0,84.3,93.3,96.9,,,90.8,,,,,,0.0,0.0,0.0,0.0,0.0,,0.0,4.9,1.3,0.0,,,2.3
2025,Nordeste,PB,2508307,Lagoa Seca,Urbana,Estadual,,,,,,0.0,0.0,0.0,0.0,0.0,,0.0,10.8,5.4,3.1,,,6.9,,,,,,100.0,100.0,100.0,100.0,100.0,,100.0,84.3,93.3,96.9,,,90.8,,,,,,0.0,0.0,0.0,0.0,0.0,,0.0,4.9,1.3,0.0,,,2.3
2025,Nordeste,PB,2508307,Lagoa Seca,Total,Municipal,0.0,0.0,0.0,0.0,0.0,0.0,0.0,0.0,0.0,0.0,0.0,0.0,,,,,,,100.0,100.0,100.0,100.0,100.0,99.4,98.3,98.2,100.0,98.9,100.0,99.5,,,,,,,0.0,0.0,0.0,0.0,0.0,0.6,1.7,1.8,0.0,1.1,0.0,0.5,,,,,,
2025,Nordeste,PB,2508307,Lagoa Seca,Urbana,Municipal,0.0,0.0,0.0,0.0,0.0,0.0,0.0,0.0,0.0,0.0,0.0,0.0,,,,,,,100.0,100.0,100.0,100.0,100.0,99.1,97.9,97.2,100.0,98.4,100.0,99.1,,,,,,,0.0,0.0,0.0,0.0,0.0,0.9,2.1,2.8,0.0,1.6,0.0,0.9,,,,,,
2025,Nordeste,PB,2508307,Lagoa Seca,Rural,Municipal,0.0,0.0,0.0,0.0,0.0,0.0,0.0,0.0,0.0,0.0,0.0,0.0,,,,,,,100.0,100.0,100.0,100.0,100.0,100.0,98.9,100.0,100.0,99.7,100.0,99.9,,,,,,,0.0,0.0,0.0,0.0,0.0,0.0,1.1,0.0,0.0,0.3,0.0,0.1,,,,,,
2025,Nordeste,PB,2508307,Lagoa Seca,Total,Privada,0.0,0.0,0.0,0.0,0.0,0.0,1.1,0.0,0.0,0.3,0.0,0.1,,,,,,,98.7,98.8,100.0,100.0,100.0,93.9,92.6,97.1,93.3,94.1,99.5,97.0,,,,,,,1.3,1.2,0.0,0.0,0.0,6.1,6.3,2.9,6.7,5.6,0.5,2.9,,,,,,
2025,Nordeste,PB,2508307,Lagoa Seca,Urbana,Privada,0.0,0.0,0.0,0.0,0.0,0.0,1.1,0.0,0.0,0.3,0.0,0.1,,,,,,,98.7,98.8,100.0,100.0,100.0,93.9,92.6,97.1,93.3,94.1,99.5,97.0,,,,,,,1.3,1.2,0.0,0.0,0.0,6.1,6.3,2.9,6.7,5.6,0.5,2.9,,,,,,
2025,Nordeste,PB,2508307,Lagoa Seca,Total,Pública,0.0,0.0,0.0,0.0,0.0,0.0,0.0,0.0,0.0,0.0,0.0,0.0,10.8,5.4,3.1,,,6.9,100.0,100.0,100.0,100.0,100.0,99.4,98.3,98.2,100.0,98.9,100.0,99.5,84.3,93.3,96.9,,,90.8,0.0,0.0,0.0,0.0,0.0,0.6,1.7,1.8,0.0,1.1,0.0,0.5,4.9,1.3,0.0,,,2.3
2025,Nordeste,PB,2508307,Lagoa Seca,Urbana,Pública,0.0,0.0,0.0,0.0,0.0,0.0,0.0,0.0,0.0,0.0,0.0,0.0,10.8,5.4,3.1,,,6.9,100.0,100.0,100.0,100.0,100.0,99.1,97.9,97.2,100.0,98.5,100.0,99.1,84.3,93.3,96.9,,,90.8,0.0,0.0,0.0,0.0,0.0,0.9,2.1,2.8,0.0,1.5,0.0,0.9,4.9,1.3,0.0,,,2.3
2025,Nordeste,PB,2508307,Lagoa Seca,Rural,Pública,0.0,0.0,0.0,0.0,0.0,0.0,0.0,0.0,0.0,0.0,0.0,0.0,,,,,,,100.0,100.0,100.0,100.0,100.0,100.0,98.9,100.0,100.0,99.7,100.0,99.9,,,,,,,0.0,0.0,0.0,0.0,0.0,0.0,1.1,0.0,0.0,0.3,0.0,0.1,,,,,,
2025,Nordeste,PB,2508406,Lastro,Total,Total,0.0,0.0,0.0,0.0,0.0,0.0,4.9,5.1,0.0,2.7,0.0,1.1,2.7,0.0,0.0,,,1.2,100.0,100.0,100.0,100.0,100.0,100.0,92.7,89.7,96.1,94.1,100.0,97.5,94.7,100.0,100.0,,,97.6,0.0,0.0,0.0,0.0,0.0,0.0,2.4,5.2,3.9,3.2,0.0,1.4,2.6,0.0,0.0,,,1.2
2025,Nordeste,PB,2508406,Lastro,Urbana,Total,0.0,0.0,0.0,0.0,0.0,0.0,4.9,5.1,0.0,2.7,0.0,1.4,2.7,0.0,0.0,,,1.2,100.0,100.0,100.0,100.0,100.0,100.0,92.7,89.7,96.1,94.1,100.0,97.0,94.7,100.0,100.0,,,97.6,0.0,0.0,0.0,0.0,0.0,0.0,2.4,5.2,3.9,3.2,0.0,1.6,2.6,0.0,0.0,,,1.2
2025,Nordeste,PB,2508406,Lastro,Rural,Total,0.0,0.0,0.0,0.0,,,,,,,0.0,0.0,,,,,,,100.0,100.0,100.0,100.0,,,,,,,100.0,100.0,,,,,,,0.0,0.0,0.0,0.0,,,,,,,0.0,0.0,,,,,,
2025,Nordeste,PB,2508406,Lastro,Total,Estadual,,,,,,,,,,,,,2.7,0.0,0.0,,,1.2,,,,,,,,,,,,,94.7,100.0,100.0,,,97.6,,,,,,,,,,,,,2.6,0.0,0.0,,,1.2
2025,Nordeste,PB,2508406,Lastro,Urbana,Estadual,,,,,,,,,,,,,2.7,0.0,0.0,,,1.2,,,,,,,,,,,,,94.7,100.0,100.0,,,97.6,,,,,,,,,,,,,2.6,0.0,0.0,,,1.2
2025,Nordeste,PB,2508406,Lastro,Total,Municipal,0.0,0.0,0.0,0.0,0.0,0.0,4.9,5.1,0.0,2.7,0.0,1.1,,,,,,,100.0,100.0,100.0,100.0,100.0,100.0,92.7,89.7,96.1,94.1,100.0,97.5,,,,,,,0.0,0.0,0.0,0.0,0.0,0.0,2.4,5.2,3.9,3.2,0.0,1.4,,,,,,
2025,Nordeste,PB,2508406,Lastro,Urbana,Municipal,0.0,0.0,0.0,0.0,0.0,0.0,4.9,5.1,0.0,2.7,0.0,1.4,,,,,,,100.0,100.0,100.0,100.0,100.0,100.0,92.7,89.7,96.1,94.1,100.0,97.0,,,,,,,0.0,0.0,0.0,0.0,0.0,0.0,2.4,5.2,3.9,3.2,0.0,1.6,,,,,,
2025,Nordeste,PB,2508406,Lastro,Rural,Municipal,0.0,0.0,0.0,0.0,,,,,,,0.0,0.0,,,,,,,100.0,100.0,100.0,100.0,,,,,,,100.0,100.0,,,,,,,0.0,0.0,0.0,0.0,,,,,,,0.0,0.0,,,,,,
2025,Nordeste,PB,2508406,Lastro,Total,Pública,0.0,0.0,0.0,0.0,0.0,0.0,4.9,5.1,0.0,2.7,0.0,1.1,2.7,0.0,0.0,,,1.2,100.0,100.0,100.0,100.0,100.0,100.0,92.7,89.7,96.1,94.1,100.0,97.5,94.7,100.0,100.0,,,97.6,0.0,0.0,0.0,0.0,0.0,0.0,2.4,5.2,3.9,3.2,0.0,1.4,2.6,0.0,0.0,,,1.2
2025,Nordeste,PB,2508406,Lastro,Urbana,Pública,0.0,0.0,0.0,0.0,0.0,0.0,4.9,5.1,0.0,2.7,0.0,1.4,2.7,0.0,0.0,,,1.2,100.0,100.0,100.0,100.0,100.0,100.0,92.7,89.7,96.1,94.1,100.0,97.0,94.7,100.0,100.0,,,97.6,0.0,0.0,0.0,0.0,0.0,0.0,2.4,5.2,3.9,3.2,0.0,1.6,2.6,0.0,0.0,,,1.2
2025,Nordeste,PB,2508406,Lastro,Rural,Pública,0.0,0.0,0.0,0.0,,,,,,,0.0,0.0,,,,,,,100.0,100.0,100.0,100.0,,,,,,,100.0,100.0,,,,,,,0.0,0.0,0.0,0.0,,,,,,,0.0,0.0,,,,,,
2025,Nordeste,PB,2508505,Livramento,Total,Total,0.0,0.0,0.0,0.0,0.0,0.9,1.1,1.9,3.2,1.8,0.0,0.8,5.3,0.0,0.0,,,2.8,100.0,100.0,98.8,99.0,98.2,95.5,96.8,93.6,96.0,95.5,99.2,97.5,91.2,100.0,100.0,,,95.3,0.0,0.0,1.2,1.0,1.8,3.6,2.1,4.5,0.8,2.7,0.8,1.7,3.5,0.0,0.0,,,1.9
2025,Nordeste,PB,2508505,Livramento,Urbana,Total,0.0,0.0,0.0,0.0,0.0,0.9,1.1,1.9,3.2,1.8,0.0,0.9,5.3,0.0,0.0,,,2.8,100.0,100.0,100.0,100.0,100.0,95.5,96.8,93.6,96.0,95.5,100.0,97.6,91.2,100.0,100.0,,,95.3,0.0,0.0,0.0,0.0,0.0,3.6,2.1,4.5,0.8,2.7,0.0,1.5,3.5,0.0,0.0,,,1.9
2025,Nordeste,PB,2508505,Livramento,Rural,Total,0.0,0.0,0.0,0.0,0.0,,,,,,0.0,0.0,,,,,,,100.0,100.0,96.2,96.6,93.1,,,,,,97.2,97.2,,,,,,,0.0,0.0,3.8,3.4,6.9,,,,,,2.8,2.8,,,,,,
2025,Nordeste,PB,2508505,Livramento,Total,Estadual,,,,,,,,,,,,,5.3,0.0,0.0,,,2.8,,,,,,,,,,,,,91.2,100.0,100.0,,,95.3,,,,,,,,,,,,,3.5,0.0,0.0,,,1.9
2025,Nordeste,PB,2508505,Livramento,Urbana,Estadual,,,,,,,,,,,,,5.3,0.0,0.0,,,2.8,,,,,,,,,,,,,91.2,100.0,100.0,,,95.3,,,,,,,,,,,,,3.5,0.0,0.0,,,1.9
2025,Nordeste,PB,2508505,Livramento,Total,Municipal,0.0,0.0,0.0,0.0,0.0,0.9,1.1,1.9,3.2,1.8,0.0,0.8,,,,,,,100.0,100.0,98.8,99.0,98.2,95.5,96.8,93.6,96.0,95.5,99.2,97.5,,,,,,,0.0,0.0,1.2,1.0,1.8,3.6,2.1,4.5,0.8,2.7,0.8,1.7,,,,,,
2025,Nordeste,PB,2508505,Livramento,Urbana,Municipal,0.0,0.0,0.0,0.0,0.0,0.9,1.1,1.9,3.2,1.8,0.0,0.9,,,,,,,100.0,100.0,100.0,100.0,100.0,95.5,96.8,93.6,96.0,95.5,100.0,97.6,,,,,,,0.0,0.0,0.0,0.0,0.0,3.6,2.1,4.5,0.8,2.7,0.0,1.5,,,,,,
2025,Nordeste,PB,2508505,Livramento,Rural,Municipal,0.0,0.0,0.0,0.0,0.0,,,,,,0.0,0.0,,,,,,,100.0,100.0,96.2,96.6,93.1,,,,,,97.2,97.2,,,,,,,0.0,0.0,3.8,3.4,6.9,,,,,,2.8,2.8,,,,,,
2025,Nordeste,PB,2508505,Livramento,Total,Pública,0.0,0.0,0.0,0.0,0.0,0.9,1.1,1.9,3.2,1.8,0.0,0.8,5.3,0.0,0.0,,,2.8,100.0,100.0,98.8,99.0,98.2,95.5,96.8,93.6,96.0,95.5,99.2,97.5,91.2,100.0,100.0,,,95.3,0.0,0.0,1.2,1.0,1.8,3.6,2.1,4.5,0.8,2.7,0.8,1.7,3.5,0.0,0.0,,,1.9
2025,Nordeste,PB,2508505,Livramento,Urbana,Pública,0.0,0.0,0.0,0.0,0.0,0.9,1.1,1.9,3.2,1.8,0.0,0.9,5.3,0.0,0.0,,,2.8,100.0,100.0,100.0,100.0,100.0,95.5,96.8,93.6,96.0,95.5,100.0,97.6,91.2,100.0,100.0,,,95.3,0.0,0.0,0.0,0.0,0.0,3.6,2.1,4.5,0.8,2.7,0.0,1.5,3.5,0.0,0.0,,,1.9
2025,Nordeste,PB,2508505,Livramento,Rural,Pública,0.0,0.0,0.0,0.0,0.0,,,,,,0.0,0.0,,,,,,,100.0,100.0,96.2,96.6,93.1,,,,,,97.2,97.2,,,,,,,0.0,0.0,3.8,3.4,6.9,,,,,,2.8,2.8,,,,,,
2025,Nordeste,PB,2508554,Logradouro,Total,Total,0.0,0.0,2.2,0.0,0.0,1.4,4.5,0.0,0.0,1.5,0.3,0.9,3.5,0.0,0.0,,,1.4,100.0,100.0,97.8,100.0,100.0,94.4,94.0,98.6,100.0,96.6,99.7,98.3,92.9,100.0,100.0,,,97.3,0.0,0.0,0.0,0.0,0.0,4.2,1.5,1.4,0.0,1.9,0.0,0.8,3.6,0.0,0.0,,,1.3
2025,Nordeste,PB,2508554,Logradouro,Urbana,Total,0.0,0.0,5.9,0.0,0.0,2.3,4.9,0.0,0.0,1.7,0.6,1.2,3.5,0.0,0.0,,,1.4,100.0,100.0,94.1,100.0,100.0,92.9,95.1,100.0,100.0,97.2,99.4,98.2,92.9,100.0,100.0,,,97.3,0.0,0.0,0.0,0.0,0.0,4.8,0.0,0.0,0.0,1.1,0.0,0.6,3.6,0.0,0.0,,,1.3
2025,Nordeste,PB,2508554,Logradouro,Rural,Total,0.0,0.0,0.0,0.0,0.0,0.0,3.9,0.0,0.0,1.2,0.0,0.4,,,,,,,100.0,100.0,100.0,100.0,100.0,96.6,92.3,93.8,100.0,95.3,100.0,98.5,,,,,,,0.0,0.0,0.0,0.0,0.0,3.4,3.8,6.2,0.0,3.5,0.0,1.1,,,,,,
2025,Nordeste,PB,2508554,Logradouro,Total,Estadual,,,,,,,,,,,,,3.5,0.0,0.0,,,1.4,,,,,,,,,,,,,92.9,100.0,100.0,,,97.3,,,,,,,,,,,,,3.6,0.0,0.0,,,1.3
2025,Nordeste,PB,2508554,Logradouro,Urbana,Estadual,,,,,,,,,,,,,3.5,0.0,0.0,,,1.4,,,,,,,,,,,,,92.9,100.0,100.0,,,97.3,,,,,,,,,,,,,3.6,0.0,0.0,,,1.3
2025,Nordeste,PB,2508554,Logradouro,Total,Municipal,0.0,0.0,2.2,0.0,0.0,1.4,4.5,0.0,0.0,1.5,0.3,0.9,,,,,,,100.0,100.0,97.8,100.0,100.0,94.4,94.0,98.6,100.0,96.6,99.7,98.3,,,,,,,0.0,0.0,0.0,0.0,0.0,4.2,1.5,1.4,0.0,1.9,0.0,0.8,,,,,,
2025,Nordeste,PB,2508554,Logradouro,Urbana,Municipal,0.0,0.0,5.9,0.0,0.0,2.3,4.9,0.0,0.0,1.7,0.6,1.2,,,,,,,100.0,100.0,94.1,100.0,100.0,92.9,95.1,100.0,100.0,97.2,99.4,98.2,,,,,,,0.0,0.0,0.0,0.0,0.0,4.8,0.0,0.0,0.0,1.1,0.0,0.6,,,,,,
2025,Nordeste,PB,2508554,Logradouro,Rural,Municipal,0.0,0.0,0.0,0.0,0.0,0.0,3.9,0.0,0.0,1.2,0.0,0.4,,,,,,,100.0,100.0,100.0,100.0,100.0,96.6,92.3,93.8,100.0,95.3,100.0,98.5,,,,,,,0.0,0.0,0.0,0.0,0.0,3.4,3.8,6.2,0.0,3.5,0.0,1.1,,,,,,
2025,Nordeste,PB,2508554,Logradouro,Total,Pública,0.0,0.0,2.2,0.0,0.0,1.4,4.5,0.0,0.0,1.5,0.3,0.9,3.5,0.0,0.0,,,1.4,100.0,100.0,97.8,100.0,100.0,94.4,94.0,98.6,100.0,96.6,99.7,98.3,92.9,100.0,100.0,,,97.3,0.0,0.0,0.0,0.0,0.0,4.2,1.5,1.4,0.0,1.9,0.0,0.8,3.6,0.0,0.0,,,1.3
2025,Nordeste,PB,2508554,Logradouro,Urbana,Pública,0.0,0.0,5.9,0.0,0.0,2.3,4.9,0.0,0.0,1.7,0.6,1.2,3.5,0.0,0.0,,,1.4,100.0,100.0,94.1,100.0,100.0,92.9,95.1,100.0,100.0,97.2,99.4,98.2,92.9,100.0,100.0,,,97.3,0.0,0.0,0.0,0.0,0.0,4.8,0.0,0.0,0.0,1.1,0.0,0.6,3.6,0.0,0.0,,,1.3
2025,Nordeste,PB,2508554,Logradouro,Rural,Pública,0.0,0.0,0.0,0.0,0.0,0.0,3.9,0.0,0.0,1.2,0.0,0.4,,,,,,,100.0,100.0,100.0,100.0,100.0,96.6,92.3,93.8,100.0,95.3,100.0,98.5,,,,,,,0.0,0.0,0.0,0.0,0.0,3.4,3.8,6.2,0.0,3.5,0.0,1.1,,,,,,
2025,Nordeste,PB,2508604,Lucena,Total,Total,0.0,0.7,0.4,0.0,0.0,0.4,0.0,0.0,0.0,0.1,0.2,0.2,2.8,6.4,3.7,,,4.4,99.6,95.1,94.6,95.6,95.6,80.6,89.0,89.2,97.4,88.0,96.1,93.0,90.4,87.9,92.6,,,90.0,0.4,4.2,5.0,4.4,4.4,19.0,11.0,10.8,2.6,11.9,3.7,6.8,6.8,5.7,3.7,,,5.6
2025,Nordeste,PB,2508604,Lucena,Urbana,Total,0.0,0.9,0.4,0.0,0.0,0.4,0.0,0.0,0.0,0.2,0.3,0.2,2.8,6.4,3.7,,,4.4,99.5,94.3,94.0,94.8,96.5,80.1,88.6,88.2,97.6,87.3,95.8,92.6,90.4,87.9,92.6,,,90.0,0.5,4.8,5.6,5.2,3.5,19.5,11.4,11.8,2.4,12.5,3.9,7.2,6.8,5.7,3.7,,,5.6
2025,Nordeste,PB,2508604,Lucena,Rural,Total,0.0,0.0,0.0,0.0,0.0,0.0,0.0,0.0,0.0,0.0,0.0,0.0,,,,,,,100.0,100.0,100.0,100.0,90.0,85.2,94.1,93.9,96.2,92.2,97.8,95.8,,,,,,,0.0,0.0,0.0,0.0,10.0,14.8,5.9,6.1,3.8,7.8,2.2,4.2,,,,,,
2025,Nordeste,PB,2508604,Lucena,Total,Estadual,,,,,,,,,,,,,2.8,6.4,3.7,,,4.4,,,,,,,,,,,,,90.4,87.9,92.6,,,90.0,,,,,,,,,,,,,6.8,5.7,3.7,,,5.6
2025,Nordeste,PB,2508604,Lucena,Urbana,Estadual,,,,,,,,,,,,,2.8,6.4,3.7,,,4.4,,,,,,,,,,,,,90.4,87.9,92.6,,,90.0,,,,,,,,,,,,,6.8,5.7,3.7,,,5.6
2025,Nordeste,PB,2508604,Lucena,Total,Municipal,0.0,0.9,0.5,0.0,0.0,0.0,0.0,0.0,0.0,0.0,0.3,0.2,,,,,,,100.0,93.7,93.4,94.7,94.4,80.1,87.6,88.5,97.2,87.2,95.1,91.8,,,,,,,0.0,5.4,6.1,5.3,5.6,19.9,12.4,11.5,2.8,12.8,4.6,8.0,,,,,,
2025,Nordeste,PB,2508604,Lucena,Urbana,Municipal,0.0,1.2,0.6,0.0,0.0,0.0,0.0,0.0,0.0,0.0,0.3,0.2,,,,,,,100.0,92.4,92.4,93.6,95.4,79.5,86.9,87.2,97.5,86.4,94.6,91.1,,,,,,,0.0,6.4,7.0,6.4,4.6,20.5,13.1,12.8,2.5,13.6,5.1,8.7,,,,,,
2025,Nordeste,PB,2508604,Lucena,Rural,Municipal,0.0,0.0,0.0,0.0,0.0,0.0,0.0,0.0,0.0,0.0,0.0,0.0,,,,,,,100.0,100.0,100.0,100.0,90.0,85.2,94.1,93.9,96.2,92.2,97.8,95.8,,,,,,,0.0,0.0,0.0,0.0,10.0,14.8,5.9,6.1,3.8,7.8,2.2,4.2,,,,,,
2025,Nordeste,PB,2508604,Lucena,Total,Privada,0.0,0.0,0.0,0.0,0.0,8.3,0.0,0.0,0.0,1.8,0.0,0.3,,,,,,,98.5,100.0,98.4,100.0,100.0,91.7,100.0,100.0,100.0,98.2,99.3,99.1,,,,,,,1.5,0.0,1.6,0.0,0.0,0.0,0.0,0.0,0.0,0.0,0.7,0.6,,,,,,
2025,Nordeste,PB,2508604,Lucena,Urbana,Privada,0.0,0.0,0.0,0.0,0.0,8.3,0.0,0.0,0.0,1.8,0.0,0.3,,,,,,,98.5,100.0,98.4,100.0,100.0,91.7,100.0,100.0,100.0,98.2,99.3,99.1,,,,,,,1.5,0.0,1.6,0.0,0.0,0.0,0.0,0.0,0.0,0.0,0.7,0.6,,,,,,
2025,Nordeste,PB,2508604,Lucena,Total,Pública,0.0,0.9,0.5,0.0,0.0,0.0,0.0,0.0,0.0,0.0,0.3,0.2,2.8,6.4,3.7,,,4.4,100.0,93.7,93.4,94.7,94.4,80.1,87.6,88.5,97.2,87.2,95.1,91.8,90.4,87.9,92.6,,,90.0,0.0,5.4,6.1,5.3,5.6,19.9,12.4,11.5,2.8,12.8,4.6,8.0,6.8,5.7,3.7,,,5.6
2025,Nordeste,PB,2508604,Lucena,Urbana,Pública,0.0,1.2,0.6,0.0,0.0,0.0,0.0,0.0,0.0,0.0,0.3,0.2,2.8,6.4,3.7,,,4.4,100.0,92.4,92.4,93.6,95.4,79.5,86.9,87.2,97.5,86.4,94.6,91.1,90.4,87.9,92.6,,,90.0,0.0,6.4,7.0,6.4,4.6,20.5,13.1,12.8,2.5,13.6,5.1,8.7,6.8,5.7,3.7,,,5.6
2025,Nordeste,PB,2508604,Lucena,Rural,Pública,0.0,0.0,0.0,0.0,0.0,0.0,0.0,0.0,0.0,0.0,0.0,0.0,,,,,,,100.0,100.0,100.0,100.0,90.0,85.2,94.1,93.9,96.2,92.2,97.8,95.8,,,,,,,0.0,0.0,0.0,0.0,10.0,14.8,5.9,6.1,3.8,7.8,2.2,4.2,,,,,,
2025,Nordeste,PB,2508703,Mãe d'Água,Total,Total,0.0,0.0,0.0,0.0,0.0,0.0,0.0,0.0,0.0,0.0,0.0,0.0,0.0,0.0,0.0,,,0.0,100.0,100.0,97.7,100.0,98.3,95.8,97.7,98.2,98.3,97.8,99.1,98.5,78.6,100.0,100.0,,,92.0,0.0,0.0,2.3,0.0,1.7,4.2,2.3,1.8,1.7,2.2,0.9,1.5,21.4,0.0,0.0,,,8.0
2025,Nordeste,PB,2508703,Mãe d'Água,Urbana,Total,0.0,0.0,0.0,0.0,0.0,0.0,0.0,0.0,0.0,0.0,0.0,0.0,0.0,0.0,0.0,,,0.0,100.0,100.0,95.8,100.0,97.1,95.8,97.7,98.2,98.3,97.8,98.5,98.1,78.6,100.0,100.0,,,92.0,0.0,0.0,4.2,0.0,2.9,4.2,2.3,1.8,1.7,2.2,1.5,1.9,21.4,0.0,0.0,,,8.0
2025,Nordeste,PB,2508703,Mãe d'Água,Rural,Total,0.0,0.0,0.0,0.0,0.0,,,,,,0.0,0.0,,,,,,,100.0,100.0,100.0,100.0,100.0,,,,,,100.0,100.0,,,,,,,0.0,0.0,0.0,0.0,0.0,,,,,,0.0,0.0,,,,,,
2025,Nordeste,PB,2508703,Mãe d'Água,Total,Estadual,,,,,,,,,,,,,0.0,0.0,0.0,,,0.0,,,,,,,,,,,,,78.6,100.0,100.0,,,92.0,,,,,,,,,,,,,21.4,0.0,0.0,,,8.0
2025,Nordeste,PB,2508703,Mãe d'Água,Urbana,Estadual,,,,,,,,,,,,,0.0,0.0,0.0,,,0.0,,,,,,,,,,,,,78.6,100.0,100.0,,,92.0,,,,,,,,,,,,,21.4,0.0,0.0,,,8.0
2025,Nordeste,PB,2508703,Mãe d'Água,Total,Municipal,0.0,0.0,0.0,0.0,0.0,0.0,0.0,0.0,0.0,0.0,0.0,0.0,,,,,,,100.0,100.0,97.7,100.0,98.3,95.8,97.7,98.2,98.3,97.8,99.1,98.5,,,,,,,0.0,0.0,2.3,0.0,1.7,4.2,2.3,1.8,1.7,2.2,0.9,1.5,,,,,,
2025,Nordeste,PB,2508703,Mãe d'Água,Urbana,Municipal,0.0,0.0,0.0,0.0,0.0,0.0,0.0,0.0,0.0,0.0,0.0,0.0,,,,,,,100.0,100.0,95.8,100.0,97.1,95.8,97.7,98.2,98.3,97.8,98.5,98.1,,,,,,,0.0,0.0,4.2,0.0,2.9,4.2,2.3,1.8,1.7,2.2,1.5,1.9,,,,,,
2025,Nordeste,PB,2508703,Mãe d'Água,Rural,Municipal,0.0,0.0,0.0,0.0,0.0,,,,,,0.0,0.0,,,,,,,100.0,100.0,100.0,100.0,100.0,,,,,,100.0,100.0,,,,,,,0.0,0.0,0.0,0.0,0.0,,,,,,0.0,0.0,,,,,,
2025,Nordeste,PB,2508703,Mãe d'Água,Total,Pública,0.0,0.0,0.0,0.0,0.0,0.0,0.0,0.0,0.0,0.0,0.0,0.0,0.0,0.0,0.0,,,0.0,100.0,100.0,97.7,100.0,98.3,95.8,97.7,98.2,98.3,97.8,99.1,98.5,78.6,100.0,100.0,,,92.0,0.0,0.0,2.3,0.0,1.7,4.2,2.3,1.8,1.7,2.2,0.9,1.5,21.4,0.0,0.0,,,8.0
2025,Nordeste,PB,2508703,Mãe d'Água,Urbana,Pública,0.0,0.0,0.0,0.0,0.0,0.0,0.0,0.0,0.0,0.0,0.0,0.0,0.0,0.0,0.0,,,0.0,100.0,100.0,95.8,100.0,97.1,95.8,97.7,98.2,98.3,97.8,98.5,98.1,78.6,100.0,100.0,,,92.0,0.0,0.0,4.2,0.0,2.9,4.2,2.3,1.8,1.7,2.2,1.5,1.9,21.4,0.0,0.0,,,8.0
2025,Nordeste,PB,2508703,Mãe d'Água,Rural,Pública,0.0,0.0,0.0,0.0,0.0,,,,,,0.0,0.0,,,,,,,100.0,100.0,100.0,100.0,100.0,,,,,,100.0,100.0,,,,,,,0.0,0.0,0.0,0.0,0.0,,,,,,0.0,0.0,,,,,,
2025,Nordeste,PB,2508802,Malta,Total,Total,0.0,0.0,0.0,0.0,0.0,0.0,0.0,0.0,0.0,0.0,0.0,0.0,1.7,2.2,4.0,,,2.6,100.0,100.0,100.0,100.0,100.0,100.0,100.0,100.0,100.0,100.0,100.0,100.0,86.2,95.6,96.0,,,92.2,0.0,0.0,0.0,0.0,0.0,0.0,0.0,0.0,0.0,0.0,0.0,0.0,12.1,2.2,0.0,,,5.2
2025,Nordeste,PB,2508802,Malta,Urbana,Total,0.0,0.0,0.0,0.0,0.0,0.0,0.0,0.0,0.0,0.0,0.0,0.0,1.7,2.2,4.0,,,2.6,100.0,100.0,100.0,100.0,100.0,100.0,100.0,100.0,100.0,100.0,100.0,100.0,86.2,95.6,96.0,,,92.2,0.0,0.0,0.0,0.0,0.0,0.0,0.0,0.0,0.0,0.0,0.0,0.0,12.1,2.2,0.0,,,5.2
2025,Nordeste,PB,2508802,Malta,Rural,Total,0.0,0.0,,0.0,0.0,,,,,,0.0,0.0,,,,,,,100.0,100.0,,100.0,100.0,,,,,,100.0,100.0,,,,,,,0.0,0.0,,0.0,0.0,,,,,,0.0,0.0,,,,,,
2025,Nordeste,PB,2508802,Malta,Total,Estadual,,,,,,,,,,,,,1.7,2.2,4.0,,,2.6,,,,,,,,,,,,,86.2,95.6,96.0,,,92.2,,,,,,,,,,,,,12.1,2.2,0.0,,,5.2
2025,Nordeste,PB,2508802,Malta,Urbana,Estadual,,,,,,,,,,,,,1.7,2.2,4.0,,,2.6,,,,,,,,,,,,,86.2,95.6,96.0,,,92.2,,,,,,,,,,,,,12.1,2.2,0.0,,,5.2
2025,Nordeste,PB,2508802,Malta,Total,Municipal,0.0,0.0,0.0,0.0,0.0,0.0,0.0,0.0,0.0,0.0,0.0,0.0,,,,,,,100.0,100.0,100.0,100.0,100.0,100.0,100.0,100.0,100.0,100.0,100.0,100.0,,,,,,,0.0,0.0,0.0,0.0,0.0,0.0,0.0,0.0,0.0,0.0,0.0,0.0,,,,,,
2025,Nordeste,PB,2508802,Malta,Urbana,Municipal,0.0,0.0,0.0,0.0,0.0,0.0,0.0,0.0,0.0,0.0,0.0,0.0,,,,,,,100.0,100.0,100.0,100.0,100.0,100.0,100.0,100.0,100.0,100.0,100.0,100.0,,,,,,,0.0,0.0,0.0,0.0,0.0,0.0,0.0,0.0,0.0,0.0,0.0,0.0,,,,,,
2025,Nordeste,PB,2508802,Malta,Rural,Municipal,0.0,0.0,,0.0,0.0,,,,,,0.0,0.0,,,,,,,100.0,100.0,,100.0,100.0,,,,,,100.0,100.0,,,,,,,0.0,0.0,,0.0,0.0,,,,,,0.0,0.0,,,,,,
2025,Nordeste,PB,2508802,Malta,Total,Pública,0.0,0.0,0.0,0.0,0.0,0.0,0.0,0.0,0.0,0.0,0.0,0.0,1.7,2.2,4.0,,,2.6,100.0,100.0,100.0,100.0,100.0,100.0,100.0,100.0,100.0,100.0,100.0,100.0,86.2,95.6,96.0,,,92.2,0.0,0.0,0.0,0.0,0.0,0.0,0.0,0.0,0.0,0.0,0.0,0.0,12.1,2.2,0.0,,,5.2
2025,Nordeste,PB,2508802,Malta,Urbana,Pública,0.0,0.0,0.0,0.0,0.0,0.0,0.0,0.0,0.0,0.0,0.0,0.0,1.7,2.2,4.0,,,2.6,100.0,100.0,100.0,100.0,100.0,100.0,100.0,100.0,100.0,100.0,100.0,100.0,86.2,95.6,96.0,,,92.2,0.0,0.0,0.0,0.0,0.0,0.0,0.0,0.0,0.0,0.0,0.0,0.0,12.1,2.2,0.0,,,5.2
2025,Nordeste,PB,2508802,Malta,Rural,Pública,0.0,0.0,,0.0,0.0,,,,,,0.0,0.0,,,,,,,100.0,100.0,,100.0,100.0,,,,,,100.0,100.0,,,,,,,0.0,0.0,,0.0,0.0,,,,,,0.0,0.0,,,,,,
2025,Nordeste,PB,2508901,Mamanguape,Total,Total,0.6,0.2,0.1,0.3,0.0,1.7,1.6,2.3,1.4,1.8,0.2,0.9,6.4,4.7,3.3,,,5.0,99.0,99.7,99.5,99.6,99.7,96.2,94.9,95.6,97.5,96.0,99.5,97.9,92.1,95.0,95.6,,,94.0,0.4,0.1,0.4,0.1,0.3,2.1,3.5,2.1,1.1,2.2,0.3,1.2,1.5,0.3,1.1,,,1.0
2025,Nordeste,PB,2508901,Mamanguape,Urbana,Total,0.8,0.2,0.2,0.2,0.0,1.7,1.0,1.8,0.7,1.3,0.3,0.8,6.1,4.9,3.3,,,4.9,98.7,99.6,99.3,99.8,99.5,96.6,96.5,96.6,98.9,97.1,99.4,98.3,92.4,94.8,95.6,,,94.1,0.5,0.2,0.5,0.0,0.5,1.7,2.5,1.6,0.4,1.6,0.3,0.9,1.5,0.3,1.1,,,1.0
2025,Nordeste,PB,2508901,Mamanguape,Rural,Total,0.0,0.0,0.0,0.5,0.0,1.4,4.1,4.2,4.8,3.5,0.1,1.3,9.4,2.2,,,,6.8,100.0,100.0,100.0,99.1,100.0,94.4,88.3,90.7,90.4,91.0,99.8,96.7,89.2,97.8,,,,92.4,0.0,0.0,0.0,0.4,0.0,4.2,7.6,5.1,4.8,5.5,0.1,2.0,1.4,0.0,,,,0.8
2025,Nordeste,PB,2508901,Mamanguape,Total,Estadual,,,,,,3.8,3.4,5.8,4.8,4.4,,4.4,7.5,5.8,4.5,,,6.2,,,,,,94.3,91.9,92.9,91.3,92.7,,92.7,91.1,93.8,94.1,,,92.7,,,,,,1.9,4.7,1.3,3.9,2.9,,2.9,1.4,0.4,1.4,,,1.1
2025,Nordeste,PB,2508901,Mamanguape,Urbana,Estadual,,,,,,8.9,4.3,8.1,2.1,6.0,,6.0,7.3,6.1,4.5,,,6.2,,,,,,91.1,95.7,91.9,97.9,94.0,,94.0,91.3,93.5,94.1,,,92.7,,,,,,0.0,0.0,0.0,0.0,0.0,,0.0,1.4,0.4,1.4,,,1.1
2025,Nordeste,PB,2508901,Mamanguape,Rural,Estadual,,,,,,1.8,2.9,4.3,6.2,3.6,,3.6,9.4,2.2,,,,6.8,,,,,,95.5,90.2,93.5,87.5,92.0,,92.0,89.2,97.8,,,,92.4,,,,,,2.7,6.9,2.2,6.3,4.4,,4.4,1.4,0.0,,,,0.8
2025,Nordeste,PB,2508901,Mamanguape,Total,Municipal,0.4,0.0,0.0,0.3,0.0,1.7,1.5,1.5,0.0,1.2,0.2,0.6,,,,,,,99.6,100.0,100.0,99.5,100.0,95.9,95.2,96.3,100.0,96.7,99.8,98.6,,,,,,,0.0,0.0,0.0,0.2,0.0,2.4,3.3,2.2,0.0,2.1,0.0,0.8,,,,,,
2025,Nordeste,PB,2508901,Mamanguape,Urbana,Municipal,0.6,0.0,0.0,0.3,0.0,1.7,0.8,1.3,0.0,1.1,0.2,0.6,,,,,,,99.4,100.0,100.0,99.7,100.0,96.3,96.6,97.4,100.0,97.4,99.8,98.7,,,,,,,0.0,0.0,0.0,0.0,0.0,2.0,2.6,1.3,0.0,1.5,0.0,0.7,,,,,,
2025,Nordeste,PB,2508901,Mamanguape,Rural,Municipal,0.0,0.0,0.0,0.5,0.0,0.0,7.0,3.8,0.0,3.2,0.1,0.5,,,,,,,100.0,100.0,100.0,99.1,100.0,90.3,83.7,80.8,100.0,87.9,99.8,98.4,,,,,,,0.0,0.0,0.0,0.4,0.0,9.7,9.3,15.4,0.0,8.9,0.1,1.1,,,,,,
2025,Nordeste,PB,2508901,Mamanguape,Total,Privada,1.1,0.5,0.5,0.0,0.0,0.0,0.5,1.0,1.6,0.7,0.5,0.6,0.7,0.0,0.0,,,0.3,97.9,99.1,98.1,100.0,98.8,98.5,96.6,96.4,97.3,97.2,98.7,98.1,97.2,100.0,100.0,,,99.0,1.0,0.4,1.4,0.0,1.2,1.5,2.9,2.6,1.1,2.1,0.8,1.3,2.1,0.0,0.0,,,0.7
2025,Nordeste,PB,2508901,Mamanguape,Urbana,Privada,1.1,0.5,0.5,0.0,0.0,0.0,0.5,1.0,1.6,0.7,0.5,0.6,0.7,0.0,0.0,,,0.3,97.9,99.1,98.1,100.0,98.8,98.5,96.6,96.4,97.3,97.2,98.7,98.1,97.2,100.0,100.0,,,99.0,1.0,0.4,1.4,0.0,1.2,1.5,2.9,2.6,1.1,2.1,0.8,1.3,2.1,0.0,0.0,,,0.7
2025,Nordeste,PB,2508901,Mamanguape,Total,Pública,0.4,0.0,0.0,0.3,0.0,2.2,2.0,2.6,1.3,2.1,0.2,1.0,7.5,5.8,4.5,,,6.2,99.6,100.0,100.0,99.5,100.0,95.5,94.3,95.4,97.6,95.6,99.8,97.9,91.1,93.8,94.1,,,92.7,0.0,0.0,0.0,0.2,0.0,2.3,3.7,2.0,1.1,2.3,0.0,1.1,1.4,0.4,1.4,,,1.1
2025,Nordeste,PB,2508901,Mamanguape,Urbana,Pública,0.6,0.0,0.0,0.3,0.0,2.4,1.2,2.3,0.3,1.6,0.2,0.9,7.3,6.1,4.5,,,6.2,99.4,100.0,100.0,99.7,100.0,95.8,96.5,96.6,99.7,97.0,99.8,98.4,91.3,93.5,94.1,,,92.7,0.0,0.0,0.0,0.0,0.0,1.8,2.3,1.1,0.0,1.4,0.0,0.7,1.4,0.4,1.4,,,1.1
2025,Nordeste,PB,2508901,Mamanguape,Rural,Pública,0.0,0.0,0.0,0.5,0.0,1.4,4.1,4.2,4.8,3.5,0.1,1.3,9.4,2.2,,,,6.8,100.0,100.0,100.0,99.1,100.0,94.4,88.3,90.7,90.4,91.0,99.8,96.7,89.2,97.8,,,,92.4,0.0,0.0,0.0,0.4,0.0,4.2,7.6,5.1,4.8,5.5,0.1,2.0,1.4,0.0,,,,0.8
2025,Nordeste,PB,2509008,Manaíra,Total,Total,0.8,0.0,0.0,0.0,0.0,0.6,0.0,0.0,0.0,0.1,0.1,0.1,2.9,1.1,0.0,,,1.6,99.2,100.0,100.0,100.0,100.0,96.8,100.0,98.1,100.0,98.6,99.9,99.3,97.1,98.9,100.0,,,98.4,0.0,0.0,0.0,0.0,0.0,2.6,0.0,1.9,0.0,1.3,0.0,0.6,0.0,0.0,0.0,,,0.0
2025,Nordeste,PB,2509008,Manaíra,Urbana,Total,1.0,0.0,0.0,0.0,0.0,0.6,0.0,0.0,0.0,0.2,0.2,0.2,2.9,1.1,0.0,,,1.6,99.0,100.0,100.0,100.0,100.0,96.6,100.0,97.9,100.0,98.4,99.8,99.1,97.1,98.9,100.0,,,98.4,0.0,0.0,0.0,0.0,0.0,2.8,0.0,2.1,0.0,1.4,0.0,0.7,0.0,0.0,0.0,,,0.0
2025,Nordeste,PB,2509008,Manaíra,Rural,Total,0.0,0.0,0.0,0.0,0.0,0.0,0.0,0.0,0.0,0.0,0.0,0.0,,,,,,,100.0,100.0,100.0,100.0,100.0,100.0,100.0,100.0,100.0,100.0,100.0,100.0,,,,,,,0.0,0.0,0.0,0.0,0.0,0.0,0.0,0.0,0.0,0.0,0.0,0.0,,,,,,
2025,Nordeste,PB,2509008,Manaíra,Total,Estadual,3.7,0.0,0.0,0.0,0.0,3.1,0.0,0.0,0.0,0.8,0.6,0.7,2.9,1.1,0.0,,,1.6,96.3,100.0,100.0,100.0,100.0,84.4,100.0,91.4,100.0,93.8,99.4,96.8,97.1,98.9,100.0,,,98.4,0.0,0.0,0.0,0.0,0.0,12.5,0.0,8.6,0.0,5.4,0.0,2.5,0.0,0.0,0.0,,,0.0
2025,Nordeste,PB,2509008,Manaíra,Urbana,Estadual,3.7,0.0,0.0,0.0,0.0,3.1,0.0,0.0,0.0,0.8,0.6,0.7,2.9,1.1,0.0,,,1.6,96.3,100.0,100.0,100.0,100.0,84.4,100.0,91.4,100.0,93.8,99.4,96.8,97.1,98.9,100.0,,,98.4,0.0,0.0,0.0,0.0,0.0,12.5,0.0,8.6,0.0,5.4,0.0,2.5,0.0,0.0,0.0,,,0.0
2025,Nordeste,PB,2509008,Manaíra,Total,Municipal,0.0,0.0,0.0,0.0,0.0,0.0,0.0,0.0,0.0,0.0,0.0,0.0,,,,,,,100.0,100.0,100.0,100.0,100.0,100.0,100.0,100.0,100.0,100.0,100.0,100.0,,,,,,,0.0,0.0,0.0,0.0,0.0,0.0,0.0,0.0,0.0,0.0,0.0,0.0,,,,,,
2025,Nordeste,PB,2509008,Manaíra,Urbana,Municipal,0.0,0.0,0.0,0.0,0.0,0.0,0.0,0.0,0.0,0.0,0.0,0.0,,,,,,,100.0,100.0,100.0,100.0,100.0,100.0,100.0,100.0,100.0,100.0,100.0,100.0,,,,,,,0.0,0.0,0.0,0.0,0.0,0.0,0.0,0.0,0.0,0.0,0.0,0.0,,,,,,
2025,Nordeste,PB,2509008,Manaíra,Rural,Municipal,0.0,0.0,0.0,0.0,0.0,0.0,0.0,0.0,0.0,0.0,0.0,0.0,,,,,,,100.0,100.0,100.0,100.0,100.0,100.0,100.0,100.0,100.0,100.0,100.0,100.0,,,,,,,0.0,0.0,0.0,0.0,0.0,0.0,0.0,0.0,0.0,0.0,0.0,0.0,,,,,,
2025,Nordeste,PB,2509008,Manaíra,Total,Pública,0.8,0.0,0.0,0.0,0.0,0.6,0.0,0.0,0.0,0.1,0.1,0.1,2.9,1.1,0.0,,,1.6,99.2,100.0,100.0,100.0,100.0,96.8,100.0,98.1,100.0,98.6,99.9,99.3,97.1,98.9,100.0,,,98.4,0.0,0.0,0.0,0.0,0.0,2.6,0.0,1.9,0.0,1.3,0.0,0.6,0.0,0.0,0.0,,,0.0
2025,Nordeste,PB,2509008,Manaíra,Urbana,Pública,1.0,0.0,0.0,0.0,0.0,0.6,0.0,0.0,0.0,0.2,0.2,0.2,2.9,1.1,0.0,,,1.6,99.0,100.0,100.0,100.0,100.0,96.6,100.0,97.9,100.0,98.4,99.8,99.1,97.1,98.9,100.0,,,98.4,0.0,0.0,0.0,0.0,0.0,2.8,0.0,2.1,0.0,1.4,0.0,0.7,0.0,0.0,0.0,,,0.0
2025,Nordeste,PB,2509008,Manaíra,Rural,Pública,0.0,0.0,0.0,0.0,0.0,0.0,0.0,0.0,0.0,0.0,0.0,0.0,,,,,,,100.0,100.0,100.0,100.0,100.0,100.0,100.0,100.0,100.0,100.0,100.0,100.0,,,,,,,0.0,0.0,0.0,0.0,0.0,0.0,0.0,0.0,0.0,0.0,0.0,0.0,,,,,,
2025,Nordeste,PB,2509057,Marcação,Total,Total,0.0,1.1,0.0,1.0,1.7,5.3,2.7,0.8,2.2,2.8,0.7,1.5,6.1,6.8,9.1,,,7.2,91.9,94.5,89.7,87.8,93.9,90.8,92.0,96.1,97.1,93.9,91.5,92.4,92.9,91.5,90.9,,,91.8,8.1,4.4,10.3,11.2,4.4,3.9,5.3,3.1,0.7,3.3,7.8,6.1,1.0,1.7,0.0,,,1.0
2025,Nordeste,PB,2509057,Marcação,Urbana,Total,0.0,0.0,0.0,0.0,0.0,0.0,0.0,0.0,0.0,0.0,0.0,0.0,,,,,,,100.0,100.0,100.0,100.0,100.0,96.7,98.1,95.2,100.0,97.4,100.0,98.5,,,,,,,0.0,0.0,0.0,0.0,0.0,3.3,1.9,4.8,0.0,2.6,0.0,1.5,,,,,,
2025,Nordeste,PB,2509057,Marcação,Rural,Total,0.0,1.3,0.0,1.3,2.1,8.6,4.1,1.5,3.6,4.7,0.9,2.1,6.1,6.8,9.1,,,7.2,89.9,93.5,87.3,84.6,92.2,87.1,88.8,97.0,95.2,91.5,89.5,90.1,92.9,91.5,90.9,,,91.8,10.1,5.2,12.7,14.1,5.7,4.3,7.1,1.5,1.2,3.8,9.6,7.8,1.0,1.7,0.0,,,1.0
2025,Nordeste,PB,2509057,Marcação,Total,Estadual,0.0,1.7,0.0,0.0,2.2,8.6,4.1,1.5,3.6,4.7,0.9,2.7,6.1,6.8,9.1,,,7.2,100.0,98.3,96.1,84.5,91.3,87.1,88.8,97.0,95.2,91.5,93.0,92.3,92.9,91.5,90.9,,,91.8,0.0,0.0,3.9,15.5,6.5,4.3,7.1,1.5,1.2,3.8,6.1,5.0,1.0,1.7,0.0,,,1.0
2025,Nordeste,PB,2509057,Marcação,Rural,Estadual,0.0,1.7,0.0,0.0,2.2,8.6,4.1,1.5,3.6,4.7,0.9,2.7,6.1,6.8,9.1,,,7.2,100.0,98.3,96.1,84.5,91.3,87.1,88.8,97.0,95.2,91.5,93.0,92.3,92.9,91.5,90.9,,,91.8,0.0,0.0,3.9,15.5,6.5,4.3,7.1,1.5,1.2,3.8,6.1,5.0,1.0,1.7,0.0,,,1.0
2025,Nordeste,PB,2509057,Marcação,Total,Municipal,0.0,0.9,0.0,1.9,1.2,0.0,0.0,0.0,0.0,0.0,0.7,0.5,,,,,,,87.6,92.4,86.6,89.4,96.4,96.7,98.1,95.2,100.0,97.4,90.0,92.1,,,,,,,12.4,6.7,13.4,8.7,2.4,3.3,1.9,4.8,0.0,2.6,9.3,7.4,,,,,,
2025,Nordeste,PB,2509057,Marcação,Urbana,Municipal,0.0,0.0,0.0,0.0,0.0,0.0,0.0,0.0,0.0,0.0,0.0,0.0,,,,,,,100.0,100.0,100.0,100.0,100.0,96.7,98.1,95.2,100.0,97.4,100.0,98.4,,,,,,,0.0,0.0,0.0,0.0,0.0,3.3,1.9,4.8,0.0,2.6,0.0,1.6,,,,,,
2025,Nordeste,PB,2509057,Marcação,Rural,Municipal,0.0,1.1,0.0,2.8,2.0,,,,,,0.9,0.9,,,,,,,84.4,90.6,82.8,84.7,93.9,,,,,,86.6,86.6,,,,,,,15.6,8.3,17.2,12.5,4.1,,,,,,12.5,12.5,,,,,,
2025,Nordeste,PB,2509057,Marcação,Total,Privada,0.0,0.0,0.0,0.0,0.0,,,,,,0.0,0.0,,,,,,,100.0,100.0,100.0,100.0,100.0,,,,,,100.0,100.0,,,,,,,0.0,0.0,0.0,0.0,0.0,,,,,,0.0,0.0,,,,,,
2025,Nordeste,PB,2509057,Marcação,Urbana,Privada,0.0,0.0,0.0,0.0,0.0,,,,,,0.0,0.0,,,,,,,100.0,100.0,100.0,100.0,100.0,,,,,,100.0,100.0,,,,,,,0.0,0.0,0.0,0.0,0.0,,,,,,0.0,0.0,,,,,,
2025,Nordeste,PB,2509057,Marcação,Total,Pública,0.0,1.1,0.0,1.1,1.7,5.3,2.7,0.8,2.2,2.8,0.8,1.5,6.1,6.8,9.1,,,7.2,91.4,94.4,89.3,87.2,93.7,90.8,92.0,96.1,97.1,93.9,91.1,92.2,92.9,91.5,90.9,,,91.8,8.6,4.5,10.7,11.7,4.6,3.9,5.3,3.1,0.7,3.3,8.1,6.3,1.0,1.7,0.0,,,1.0
2025,Nordeste,PB,2509057,Marcação,Urbana,Pública,0.0,0.0,0.0,0.0,0.0,0.0,0.0,0.0,0.0,0.0,0.0,0.0,,,,,,,100.0,100.0,100.0,100.0,100.0,96.7,98.1,95.2,100.0,97.4,100.0,98.4,,,,,,,0.0,0.0,0.0,0.0,0.0,3.3,1.9,4.8,0.0,2.6,0.0,1.6,,,,,,
2025,Nordeste,PB,2509057,Marcação,Rural,Pública,0.0,1.3,0.0,1.3,2.1,8.6,4.1,1.5,3.6,4.7,0.9,2.1,6.1,6.8,9.1,,,7.2,89.9,93.5,87.3,84.6,92.2,87.1,88.8,97.0,95.2,91.5,89.5,90.1,92.9,91.5,90.9,,,91.8,10.1,5.2,12.7,14.1,5.7,4.3,7.1,1.5,1.2,3.8,9.6,7.8,1.0,1.7,0.0,,,1.0
2025,Nordeste,PB,2509107,Mari,Total,Total,0.6,1.0,0.7,0.0,0.0,5.2,4.0,3.2,0.8,3.6,0.4,1.8,8.8,7.8,5.7,,,7.7,99.4,98.0,98.4,98.0,98.2,86.2,88.5,88.9,95.6,89.3,98.4,94.5,75.6,87.1,94.3,,,83.8,0.0,1.0,0.9,2.0,1.8,8.6,7.5,7.9,3.6,7.1,1.2,3.7,15.6,5.1,0.0,,,8.5
2025,Nordeste,PB,2509107,Mari,Urbana,Total,0.7,1.2,0.7,0.0,0.0,5.7,4.8,3.4,0.5,3.9,0.5,2.0,8.8,7.8,5.7,,,7.7,99.3,97.6,98.5,98.1,98.1,84.6,86.8,87.4,95.6,88.0,98.3,93.9,75.6,87.1,94.3,,,83.8,0.0,1.2,0.8,1.9,1.9,9.7,8.4,9.2,3.9,8.1,1.2,4.1,15.6,5.1,0.0,,,8.5
2025,Nordeste,PB,2509107,Mari,Rural,Total,0.0,0.0,0.0,0.0,0.0,1.9,0.0,2.4,2.2,1.7,0.0,0.7,,,,,,,100.0,100.0,98.1,97.7,98.4,96.2,97.8,97.6,95.6,96.7,98.8,97.9,,,,,,,0.0,0.0,1.9,2.3,1.6,1.9,2.2,0.0,2.2,1.6,1.2,1.4,,,,,,
2025,Nordeste,PB,2509107,Mari,Total,Estadual,,,,,,3.8,0.8,3.0,0.9,2.1,,2.1,8.8,7.8,5.7,,,7.7,,,,,,82.6,87.9,85.8,94.0,87.4,,87.4,75.6,87.1,94.3,,,83.8,,,,,,13.6,11.3,11.2,5.1,10.5,,10.5,15.6,5.1,0.0,,,8.5
2025,Nordeste,PB,2509107,Mari,Urbana,Estadual,,,,,,3.8,0.8,3.0,0.9,2.1,,2.1,8.8,7.8,5.7,,,7.7,,,,,,82.6,87.9,85.8,94.0,87.4,,87.4,75.6,87.1,94.3,,,83.8,,,,,,13.6,11.3,11.2,5.1,10.5,,10.5,15.6,5.1,0.0,,,8.5
2025,Nordeste,PB,2509107,Mari,Total,Municipal,0.4,1.4,0.8,0.0,0.0,7.5,9.3,4.8,1.0,6.2,0.5,2.1,,,,,,,99.6,97.2,98.0,97.9,97.8,85.1,83.9,88.5,96.9,87.7,98.1,95.1,,,,,,,0.0,1.4,1.2,2.1,2.2,7.4,6.8,6.7,2.1,6.1,1.4,2.8,,,,,,
2025,Nordeste,PB,2509107,Mari,Urbana,Municipal,0.5,1.8,1.0,0.0,0.0,9.4,15.1,6.4,0.0,8.6,0.6,2.6,,,,,,,99.5,96.5,98.0,97.9,97.6,81.3,75.3,82.5,98.1,82.8,97.9,94.1,,,,,,,0.0,1.7,1.0,2.1,2.4,9.3,9.6,11.1,1.9,8.6,1.5,3.3,,,,,,
2025,Nordeste,PB,2509107,Mari,Rural,Municipal,0.0,0.0,0.0,0.0,0.0,1.9,0.0,2.4,2.2,1.7,0.0,0.7,,,,,,,100.0,100.0,98.1,97.7,98.4,96.2,97.8,97.6,95.6,96.7,98.8,97.9,,,,,,,0.0,0.0,1.9,2.3,1.6,1.9,2.2,0.0,2.2,1.6,1.2,1.4,,,,,,
2025,Nordeste,PB,2509107,Mari,Total,Privada,1.2,0.0,0.0,0.0,0.0,0.0,0.0,0.0,0.0,0.0,0.2,0.1,,,,,,,98.8,100.0,100.0,98.7,100.0,100.0,100.0,100.0,97.1,99.4,99.5,99.5,,,,,,,0.0,0.0,0.0,1.3,0.0,0.0,0.0,0.0,2.9,0.6,0.3,0.4,,,,,,
2025,Nordeste,PB,2509107,Mari,Urbana,Privada,1.2,0.0,0.0,0.0,0.0,0.0,0.0,0.0,0.0,0.0,0.2,0.1,,,,,,,98.8,100.0,100.0,98.7,100.0,100.0,100.0,100.0,97.1,99.4,99.5,99.5,,,,,,,0.0,0.0,0.0,1.3,0.0,0.0,0.0,0.0,2.9,0.6,0.3,0.4,,,,,,
2025,Nordeste,PB,2509107,Mari,Total,Pública,0.4,1.4,0.8,0.0,0.0,6.0,4.9,3.8,1.0,4.2,0.5,2.1,8.8,7.8,5.7,,,7.7,99.6,97.2,98.0,97.9,97.8,84.1,86.0,87.0,95.3,87.5,98.1,93.4,75.6,87.1,94.3,,,83.8,0.0,1.4,1.2,2.1,2.2,9.9,9.1,9.2,3.7,8.3,1.4,4.5,15.6,5.1,0.0,,,8.5
2025,Nordeste,PB,2509107,Mari,Urbana,Pública,0.5,1.8,1.0,0.0,0.0,6.8,6.1,4.0,0.6,4.7,0.6,2.5,8.8,7.8,5.7,,,7.7,99.5,96.5,98.0,97.9,97.6,81.9,83.2,84.8,95.3,85.6,97.9,92.3,75.6,87.1,94.3,,,83.8,0.0,1.7,1.0,2.1,2.4,11.3,10.7,11.2,4.1,9.7,1.5,5.2,15.6,5.1,0.0,,,8.5
2025,Nordeste,PB,2509107,Mari,Rural,Pública,0.0,0.0,0.0,0.0,0.0,1.9,0.0,2.4,2.2,1.7,0.0,0.7,,,,,,,100.0,100.0,98.1,97.7,98.4,96.2,97.8,97.6,95.6,96.7,98.8,97.9,,,,,,,0.0,0.0,1.9,2.3,1.6,1.9,2.2,0.0,2.2,1.6,1.2,1.4,,,,,,
2025,Nordeste,PB,2509156,Marizópolis,Total,Total,0.0,0.0,0.0,0.0,0.0,0.0,0.0,0.0,0.0,0.0,0.0,0.0,4.7,1.5,4.3,,,3.4,100.0,100.0,100.0,100.0,100.0,100.0,100.0,100.0,100.0,100.0,100.0,100.0,95.3,98.5,95.7,,,96.6,0.0,0.0,0.0,0.0,0.0,0.0,0.0,0.0,0.0,0.0,0.0,0.0,0.0,0.0,0.0,,,0.0
2025,Nordeste,PB,2509156,Marizópolis,Urbana,Total,0.0,0.0,0.0,0.0,0.0,0.0,0.0,0.0,0.0,0.0,0.0,0.0,4.7,1.5,4.3,,,3.4,100.0,100.0,100.0,100.0,100.0,100.0,100.0,100.0,100.0,100.0,100.0,100.0,95.3,98.5,95.7,,,96.6,0.0,0.0,0.0,0.0,0.0,0.0,0.0,0.0,0.0,0.0,0.0,0.0,0.0,0.0,0.0,,,0.0
2025,Nordeste,PB,2509156,Marizópolis,Rural,Total,0.0,0.0,0.0,0.0,0.0,,,,,,0.0,0.0,,,,,,,100.0,100.0,100.0,100.0,100.0,,,,,,100.0,100.0,,,,,,,0.0,0.0,0.0,0.0,0.0,,,,,,0.0,0.0,,,,,,
2025,Nordeste,PB,2509156,Marizópolis,Total,Estadual,,,,,,,,,,,,,4.7,1.5,4.3,,,3.4,,,,,,,,,,,,,95.3,98.5,95.7,,,96.6,,,,,,,,,,,,,0.0,0.0,0.0,,,0.0
2025,Nordeste,PB,2509156,Marizópolis,Urbana,Estadual,,,,,,,,,,,,,4.7,1.5,4.3,,,3.4,,,,,,,,,,,,,95.3,98.5,95.7,,,96.6,,,,,,,,,,,,,0.0,0.0,0.0,,,0.0
2025,Nordeste,PB,2509156,Marizópolis,Total,Municipal,0.0,0.0,0.0,0.0,0.0,0.0,0.0,0.0,0.0,0.0,0.0,0.0,,,,,,,100.0,100.0,100.0,100.0,100.0,100.0,100.0,100.0,100.0,100.0,100.0,100.0,,,,,,,0.0,0.0,0.0,0.0,0.0,0.0,0.0,0.0,0.0,0.0,0.0,0.0,,,,,,
2025,Nordeste,PB,2509156,Marizópolis,Urbana,Municipal,0.0,0.0,0.0,0.0,0.0,0.0,0.0,0.0,0.0,0.0,0.0,0.0,,,,,,,100.0,100.0,100.0,100.0,100.0,100.0,100.0,100.0,100.0,100.0,100.0,100.0,,,,,,,0.0,0.0,0.0,0.0,0.0,0.0,0.0,0.0,0.0,0.0,0.0,0.0,,,,,,
2025,Nordeste,PB,2509156,Marizópolis,Rural,Municipal,0.0,0.0,0.0,0.0,0.0,,,,,,0.0,0.0,,,,,,,100.0,100.0,100.0,100.0,100.0,,,,,,100.0,100.0,,,,,,,0.0,0.0,0.0,0.0,0.0,,,,,,0.0,0.0,,,,,,
2025,Nordeste,PB,2509156,Marizópolis,Total,Privada,0.0,0.0,0.0,,0.0,,,,,,0.0,0.0,,,,,,,100.0,100.0,100.0,,100.0,,,,,,100.0,100.0,,,,,,,0.0,0.0,0.0,,0.0,,,,,,0.0,0.0,,,,,,
2025,Nordeste,PB,2509156,Marizópolis,Urbana,Privada,0.0,0.0,0.0,,0.0,,,,,,0.0,0.0,,,,,,,100.0,100.0,100.0,,100.0,,,,,,100.0,100.0,,,,,,,0.0,0.0,0.0,,0.0,,,,,,0.0,0.0,,,,,,
2025,Nordeste,PB,2509156,Marizópolis,Total,Pública,0.0,0.0,0.0,0.0,0.0,0.0,0.0,0.0,0.0,0.0,0.0,0.0,4.7,1.5,4.3,,,3.4,100.0,100.0,100.0,100.0,100.0,100.0,100.0,100.0,100.0,100.0,100.0,100.0,95.3,98.5,95.7,,,96.6,0.0,0.0,0.0,0.0,0.0,0.0,0.0,0.0,0.0,0.0,0.0,0.0,0.0,0.0,0.0,,,0.0
2025,Nordeste,PB,2509156,Marizópolis,Urbana,Pública,0.0,0.0,0.0,0.0,0.0,0.0,0.0,0.0,0.0,0.0,0.0,0.0,4.7,1.5,4.3,,,3.4,100.0,100.0,100.0,100.0,100.0,100.0,100.0,100.0,100.0,100.0,100.0,100.0,95.3,98.5,95.7,,,96.6,0.0,0.0,0.0,0.0,0.0,0.0,0.0,0.0,0.0,0.0,0.0,0.0,0.0,0.0,0.0,,,0.0
2025,Nordeste,PB,2509156,Marizópolis,Rural,Pública,0.0,0.0,0.0,0.0,0.0,,,,,,0.0,0.0,,,,,,,100.0,100.0,100.0,100.0,100.0,,,,,,100.0,100.0,,,,,,,0.0,0.0,0.0,0.0,0.0,,,,,,0.0,0.0,,,,,,
2025,Nordeste,PB,2509206,Massaranduba,Total,Total,0.5,0.0,0.0,0.6,0.0,1.4,1.0,0.7,0.0,0.8,0.2,0.5,6.9,4.3,0.0,,,4.4,99.5,99.5,96.7,96.7,98.0,93.5,95.6,97.9,99.3,96.2,98.2,97.3,85.6,94.9,100.0,,,91.9,0.0,0.5,3.3,2.7,2.0,5.1,3.4,1.4,0.7,3.0,1.6,2.2,7.5,0.8,0.0,,,3.7
2025,Nordeste,PB,2509206,Massaranduba,Urbana,Total,0.8,0.0,0.0,0.0,0.0,1.1,1.1,0.0,0.0,0.7,0.2,0.4,7.9,4.7,0.0,,,5.1,99.2,100.0,94.5,97.3,98.3,94.2,97.3,99.2,99.3,97.1,97.9,97.5,85.4,95.3,100.0,,,91.8,0.0,0.0,5.5,2.7,1.7,4.7,1.6,0.8,0.7,2.2,1.9,2.1,6.7,0.0,0.0,,,3.1
2025,Nordeste,PB,2509206,Massaranduba,Rural,Total,0.0,0.0,0.0,1.4,0.0,4.3,0.0,5.2,0.0,2.4,0.2,0.6,0.0,0.0,0.0,,,0.0,100.0,98.9,100.0,95.8,97.5,87.0,80.0,89.5,100.0,88.8,98.5,96.9,87.0,91.7,100.0,,,92.9,0.0,1.1,0.0,2.8,2.5,8.7,20.0,5.3,0.0,8.8,1.3,2.5,13.0,8.3,0.0,,,7.1
2025,Nordeste,PB,2509206,Massaranduba,Total,Estadual,,,,,,,,,,,,,8.3,5.0,0.0,,,5.1,,,,,,,,,,,,,83.5,94.0,100.0,,,90.9,,,,,,,,,,,,,8.2,1.0,0.0,,,4.0
2025,Nordeste,PB,2509206,Massaranduba,Urbana,Estadual,,,,,,,,,,,,,9.6,5.7,0.0,,,6.1,,,,,,,,,,,,,83.0,94.3,100.0,,,90.5,,,,,,,,,,,,,7.4,0.0,0.0,,,3.4
2025,Nordeste,PB,2509206,Massaranduba,Rural,Estadual,,,,,,,,,,,,,0.0,0.0,0.0,,,0.0,,,,,,,,,,,,,87.0,91.7,100.0,,,92.9,,,,,,,,,,,,,13.0,8.3,0.0,,,7.1
2025,Nordeste,PB,2509206,Massaranduba,Total,Municipal,0.5,0.0,0.0,0.6,0.0,1.6,1.2,0.9,0.0,1.0,0.2,0.5,,,,,,,99.5,99.3,96.1,96.1,97.6,93.4,95.2,97.3,100.0,96.1,97.8,97.1,,,,,,,0.0,0.7,3.9,3.3,2.4,5.0,3.6,1.8,0.0,2.9,2.0,2.4,,,,,,
2025,Nordeste,PB,2509206,Massaranduba,Urbana,Municipal,1.1,0.0,0.0,0.0,0.0,1.3,1.3,0.0,0.0,0.8,0.3,0.5,,,,,,,98.9,100.0,92.3,96.3,97.7,94.3,97.3,98.9,100.0,97.2,97.0,97.2,,,,,,,0.0,0.0,7.7,3.7,2.3,4.4,1.4,1.1,0.0,2.0,2.7,2.3,,,,,,
2025,Nordeste,PB,2509206,Massaranduba,Rural,Municipal,0.0,0.0,0.0,1.4,0.0,4.3,0.0,5.2,0.0,2.4,0.2,0.6,,,,,,,100.0,98.9,100.0,95.8,97.5,87.0,80.0,89.5,100.0,88.8,98.5,96.9,,,,,,,0.0,1.1,0.0,2.8,2.5,8.7,20.0,5.3,0.0,8.8,1.3,2.5,,,,,,
2025,Nordeste,PB,2509206,Massaranduba,Total,Privada,0.0,0.0,0.0,0.0,0.0,0.0,0.0,0.0,0.0,0.0,0.0,0.0,0.0,0.0,0.0,,,0.0,100.0,100.0,100.0,100.0,100.0,93.9,97.4,100.0,95.5,96.7,100.0,98.6,96.6,100.0,100.0,,,98.3,0.0,0.0,0.0,0.0,0.0,6.1,2.6,0.0,4.5,3.3,0.0,1.4,3.4,0.0,0.0,,,1.7
2025,Nordeste,PB,2509206,Massaranduba,Urbana,Privada,0.0,0.0,0.0,0.0,0.0,0.0,0.0,0.0,0.0,0.0,0.0,0.0,0.0,0.0,0.0,,,0.0,100.0,100.0,100.0,100.0,100.0,93.9,97.4,100.0,95.5,96.7,100.0,98.6,96.6,100.0,100.0,,,98.3,0.0,0.0,0.0,0.0,0.0,6.1,2.6,0.0,4.5,3.3,0.0,1.4,3.4,0.0,0.0,,,1.7
2025,Nordeste,PB,2509206,Massaranduba,Total,Pública,0.5,0.0,0.0,0.6,0.0,1.6,1.2,0.9,0.0,1.0,0.2,0.5,8.3,5.0,0.0,,,5.1,99.5,99.3,96.1,96.1,97.6,93.4,95.2,97.3,100.0,96.1,97.8,97.1,83.5,94.0,100.0,,,90.9,0.0,0.7,3.9,3.3,2.4,5.0,3.6,1.8,0.0,2.9,2.0,2.4,8.2,1.0,0.0,,,4.0
2025,Nordeste,PB,2509206,Massaranduba,Urbana,Pública,1.1,0.0,0.0,0.0,0.0,1.3,1.3,0.0,0.0,0.8,0.3,0.5,9.6,5.7,0.0,,,6.1,98.9,100.0,92.3,96.3,97.7,94.3,97.3,98.9,100.0,97.2,97.0,97.2,83.0,94.3,100.0,,,90.5,0.0,0.0,7.7,3.7,2.3,4.4,1.4,1.1,0.0,2.0,2.7,2.3,7.4,0.0,0.0,,,3.4
2025,Nordeste,PB,2509206,Massaranduba,Rural,Pública,0.0,0.0,0.0,1.4,0.0,4.3,0.0,5.2,0.0,2.4,0.2,0.6,0.0,0.0,0.0,,,0.0,100.0,98.9,100.0,95.8,97.5,87.0,80.0,89.5,100.0,88.8,98.5,96.9,87.0,91.7,100.0,,,92.9,0.0,1.1,0.0,2.8,2.5,8.7,20.0,5.3,0.0,8.8,1.3,2.5,13.0,8.3,0.0,,,7.1
2025,Nordeste,PB,2509305,Mataraca,Total,Total,0.0,0.0,0.0,0.0,0.0,0.0,0.0,0.0,0.0,0.0,0.0,0.0,2.5,3.4,2.5,,,2.8,100.0,100.0,91.7,94.8,97.8,95.9,95.0,99.2,100.0,97.2,96.7,96.9,95.0,95.7,96.7,,,95.8,0.0,0.0,8.3,5.2,2.2,4.1,5.0,0.8,0.0,2.8,3.3,3.1,2.5,0.9,0.8,,,1.4
2025,Nordeste,PB,2509305,Mataraca,Urbana,Total,0.0,0.0,0.0,0.0,0.0,0.0,0.0,0.0,0.0,0.0,0.0,0.0,2.5,3.4,2.5,,,2.8,100.0,100.0,92.8,93.8,98.2,95.9,95.0,99.2,100.0,97.2,96.8,97.0,95.0,95.7,96.7,,,95.8,0.0,0.0,7.2,6.2,1.8,4.1,5.0,0.8,0.0,2.8,3.2,3.0,2.5,0.9,0.8,,,1.4
2025,Nordeste,PB,2509305,Mataraca,Rural,Total,0.0,0.0,0.0,0.0,0.0,,,,,,0.0,0.0,,,,,,,100.0,100.0,87.8,98.0,96.4,,,,,,96.2,96.2,,,,,,,0.0,0.0,12.2,2.0,3.6,,,,,,3.8,3.8,,,,,,
2025,Nordeste,PB,2509305,Mataraca,Total,Estadual,,,,,,,,,,,,,2.5,3.4,2.5,,,2.8,,,,,,,,,,,,,95.0,95.7,96.7,,,95.8,,,,,,,,,,,,,2.5,0.9,0.8,,,1.4
2025,Nordeste,PB,2509305,Mataraca,Urbana,Estadual,,,,,,,,,,,,,2.5,3.4,2.5,,,2.8,,,,,,,,,,,,,95.0,95.7,96.7,,,95.8,,,,,,,,,,,,,2.5,0.9,0.8,,,1.4
2025,Nordeste,PB,2509305,Mataraca,Total,Municipal,0.0,0.0,0.0,0.0,0.0,0.0,0.0,0.0,0.0,0.0,0.0,0.0,,,,,,,100.0,100.0,91.7,94.8,97.8,95.9,95.0,99.2,100.0,97.2,96.7,96.9,,,,,,,0.0,0.0,8.3,5.2,2.2,4.1,5.0,0.8,0.0,2.8,3.3,3.1,,,,,,
2025,Nordeste,PB,2509305,Mataraca,Urbana,Municipal,0.0,0.0,0.0,0.0,0.0,0.0,0.0,0.0,0.0,0.0,0.0,0.0,,,,,,,100.0,100.0,92.8,93.8,98.2,95.9,95.0,99.2,100.0,97.2,96.8,97.0,,,,,,,0.0,0.0,7.2,6.2,1.8,4.1,5.0,0.8,0.0,2.8,3.2,3.0,,,,,,
2025,Nordeste,PB,2509305,Mataraca,Rural,Municipal,0.0,0.0,0.0,0.0,0.0,,,,,,0.0,0.0,,,,,,,100.0,100.0,87.8,98.0,96.4,,,,,,96.2,96.2,,,,,,,0.0,0.0,12.2,2.0,3.6,,,,,,3.8,3.8,,,,,,
2025,Nordeste,PB,2509305,Mataraca,Total,Pública,0.0,0.0,0.0,0.0,0.0,0.0,0.0,0.0,0.0,0.0,0.0,0.0,2.5,3.4,2.5,,,2.8,100.0,100.0,91.7,94.8,97.8,95.9,95.0,99.2,100.0,97.2,96.7,96.9,95.0,95.7,96.7,,,95.8,0.0,0.0,8.3,5.2,2.2,4.1,5.0,0.8,0.0,2.8,3.3,3.1,2.5,0.9,0.8,,,1.4
2025,Nordeste,PB,2509305,Mataraca,Urbana,Pública,0.0,0.0,0.0,0.0,0.0,0.0,0.0,0.0,0.0,0.0,0.0,0.0,2.5,3.4,2.5,,,2.8,100.0,100.0,92.8,93.8,98.2,95.9,95.0,99.2,100.0,97.2,96.8,97.0,95.0,95.7,96.7,,,95.8,0.0,0.0,7.2,6.2,1.8,4.1,5.0,0.8,0.0,2.8,3.2,3.0,2.5,0.9,0.8,,,1.4
2025,Nordeste,PB,2509305,Mataraca,Rural,Pública,0.0,0.0,0.0,0.0,0.0,,,,,,0.0,0.0,,,,,,,100.0,100.0,87.8,98.0,96.4,,,,,,96.2,96.2,,,,,,,0.0,0.0,12.2,2.0,3.6,,,,,,3.8,3.8,,,,,,
2025,Nordeste,PB,2509339,Matinhas,Total,Total,0.0,0.0,1.2,1.3,0.0,1.0,0.0,1.1,7.0,2.0,0.5,1.3,6.5,8.1,3.3,,,6.0,100.0,100.0,98.8,98.7,100.0,98.0,100.0,98.9,93.0,97.7,99.5,98.6,93.5,91.9,96.7,,,94.0,0.0,0.0,0.0,0.0,0.0,1.0,0.0,0.0,0.0,0.3,0.0,0.1,0.0,0.0,0.0,,,0.0
2025,Nordeste,PB,2509339,Matinhas,Urbana,Total,0.0,0.0,0.0,0.0,0.0,1.2,0.0,1.3,8.3,2.4,0.0,1.6,7.6,8.1,3.3,,,6.4,100.0,100.0,100.0,100.0,100.0,98.8,100.0,98.7,91.7,97.6,100.0,98.4,92.4,91.9,96.7,,,93.6,0.0,0.0,0.0,0.0,0.0,0.0,0.0,0.0,0.0,0.0,0.0,0.0,0.0,0.0,0.0,,,0.0
2025,Nordeste,PB,2509339,Matinhas,Rural,Total,0.0,0.0,1.8,2.9,0.0,0.0,0.0,0.0,0.0,0.0,0.9,0.7,0.0,,,,,0.0,100.0,100.0,98.2,97.1,100.0,92.3,100.0,100.0,100.0,97.9,99.1,98.9,100.0,,,,,100.0,0.0,0.0,0.0,0.0,0.0,7.7,0.0,0.0,0.0,2.1,0.0,0.4,0.0,,,,,0.0
2025,Nordeste,PB,2509339,Matinhas,Total,Estadual,,,,,,1.6,0.0,1.6,11.9,3.1,,3.1,6.5,8.1,3.3,,,6.0,,,,,,96.8,100.0,98.4,88.1,96.4,,96.4,93.5,91.9,96.7,,,94.0,,,,,,1.6,0.0,0.0,0.0,0.5,,0.5,0.0,0.0,0.0,,,0.0
2025,Nordeste,PB,2509339,Matinhas,Urbana,Estadual,,,,,,2.0,0.0,2.0,16.1,4.0,,4.0,7.6,8.1,3.3,,,6.4,,,,,,98.0,100.0,98.0,83.9,96.0,,96.0,92.4,91.9,96.7,,,93.6,,,,,,0.0,0.0,0.0,0.0,0.0,,0.0,0.0,0.0,0.0,,,0.0
2025,Nordeste,PB,2509339,Matinhas,Rural,Estadual,,,,,,0.0,0.0,0.0,0.0,0.0,,0.0,0.0,,,,,0.0,,,,,,92.3,100.0,100.0,100.0,97.9,,97.9,100.0,,,,,100.0,,,,,,7.7,0.0,0.0,0.0,2.1,,2.1,0.0,,,,,0.0
2025,Nordeste,PB,2509339,Matinhas,Total,Municipal,0.0,0.0,1.2,1.3,0.0,0.0,0.0,0.0,0.0,0.0,0.5,0.4,,,,,,,100.0,100.0,98.8,98.7,100.0,100.0,100.0,100.0,100.0,100.0,99.5,99.6,,,,,,,0.0,0.0,0.0,0.0,0.0,0.0,0.0,0.0,0.0,0.0,0.0,0.0,,,,,,
2025,Nordeste,PB,2509339,Matinhas,Urbana,Municipal,0.0,0.0,0.0,0.0,0.0,0.0,0.0,0.0,0.0,0.0,0.0,0.0,,,,,,,100.0,100.0,100.0,100.0,100.0,100.0,100.0,100.0,100.0,100.0,100.0,100.0,,,,,,,0.0,0.0,0.0,0.0,0.0,0.0,0.0,0.0,0.0,0.0,0.0,0.0,,,,,,
2025,Nordeste,PB,2509339,Matinhas,Rural,Municipal,0.0,0.0,1.8,2.9,0.0,,,,,,0.9,0.9,,,,,,,100.0,100.0,98.2,97.1,100.0,,,,,,99.1,99.1,,,,,,,0.0,0.0,0.0,0.0,0.0,,,,,,0.0,0.0,,,,,,
2025,Nordeste,PB,2509339,Matinhas,Total,Pública,0.0,0.0,1.2,1.3,0.0,1.0,0.0,1.1,7.0,2.0,0.5,1.3,6.5,8.1,3.3,,,6.0,100.0,100.0,98.8,98.7,100.0,98.0,100.0,98.9,93.0,97.7,99.5,98.6,93.5,91.9,96.7,,,94.0,0.0,0.0,0.0,0.0,0.0,1.0,0.0,0.0,0.0,0.3,0.0,0.1,0.0,0.0,0.0,,,0.0
2025,Nordeste,PB,2509339,Matinhas,Urbana,Pública,0.0,0.0,0.0,0.0,0.0,1.2,0.0,1.3,8.3,2.4,0.0,1.6,7.6,8.1,3.3,,,6.4,100.0,100.0,100.0,100.0,100.0,98.8,100.0,98.7,91.7,97.6,100.0,98.4,92.4,91.9,96.7,,,93.6,0.0,0.0,0.0,0.0,0.0,0.0,0.0,0.0,0.0,0.0,0.0,0.0,0.0,0.0,0.0,,,0.0
2025,Nordeste,PB,2509339,Matinhas,Rural,Pública,0.0,0.0,1.8,2.9,0.0,0.0,0.0,0.0,0.0,0.0,0.9,0.7,0.0,,,,,0.0,100.0,100.0,98.2,97.1,100.0,92.3,100.0,100.0,100.0,97.9,99.1,98.9,100.0,,,,,100.0,0.0,0.0,0.0,0.0,0.0,7.7,0.0,0.0,0.0,2.1,0.0,0.4,0.0,,,,,0.0
2025,Nordeste,PB,2509370,Mato Grosso,Total,Total,0.0,0.0,0.0,0.0,3.2,5.1,8.3,13.0,0.0,6.5,0.7,3.4,4.8,0.0,0.0,,,1.9,100.0,100.0,97.1,100.0,96.8,94.9,91.7,87.0,100.0,93.5,98.6,96.2,95.2,100.0,100.0,,,98.1,0.0,0.0,2.9,0.0,0.0,0.0,0.0,0.0,0.0,0.0,0.7,0.4,0.0,0.0,0.0,,,0.0
2025,Nordeste,PB,2509370,Mato Grosso,Urbana,Total,0.0,0.0,0.0,0.0,0.0,5.1,8.3,13.0,0.0,6.5,0.0,3.8,4.8,0.0,0.0,,,1.9,100.0,100.0,100.0,100.0,100.0,94.9,91.7,87.0,100.0,93.5,100.0,96.2,95.2,100.0,100.0,,,98.1,0.0,0.0,0.0,0.0,0.0,0.0,0.0,0.0,0.0,0.0,0.0,0.0,0.0,0.0,0.0,,,0.0
2025,Nordeste,PB,2509370,Mato Grosso,Rural,Total,0.0,0.0,0.0,0.0,12.5,,,,,,1.8,1.8,,,,,,,100.0,100.0,94.7,100.0,87.5,,,,,,96.3,96.3,,,,,,,0.0,0.0,5.3,0.0,0.0,,,,,,1.9,1.9,,,,,,
2025,Nordeste,PB,2509370,Mato Grosso,Total,Estadual,,,,,,,,,,,,,4.8,0.0,0.0,,,1.9,,,,,,,,,,,,,95.2,100.0,100.0,,,98.1,,,,,,,,,,,,,0.0,0.0,0.0,,,0.0
2025,Nordeste,PB,2509370,Mato Grosso,Urbana,Estadual,,,,,,,,,,,,,4.8,0.0,0.0,,,1.9,,,,,,,,,,,,,95.2,100.0,100.0,,,98.1,,,,,,,,,,,,,0.0,0.0,0.0,,,0.0
2025,Nordeste,PB,2509370,Mato Grosso,Total,Municipal,0.0,0.0,0.0,0.0,3.2,5.1,8.3,13.0,0.0,6.5,0.7,3.4,,,,,,,100.0,100.0,97.1,100.0,96.8,94.9,91.7,87.0,100.0,93.5,98.6,96.2,,,,,,,0.0,0.0,2.9,0.0,0.0,0.0,0.0,0.0,0.0,0.0,0.7,0.4,,,,,,
2025,Nordeste,PB,2509370,Mato Grosso,Urbana,Municipal,0.0,0.0,0.0,0.0,0.0,5.1,8.3,13.0,0.0,6.5,0.0,3.8,,,,,,,100.0,100.0,100.0,100.0,100.0,94.9,91.7,87.0,100.0,93.5,100.0,96.2,,,,,,,0.0,0.0,0.0,0.0,0.0,0.0,0.0,0.0,0.0,0.0,0.0,0.0,,,,,,
2025,Nordeste,PB,2509370,Mato Grosso,Rural,Municipal,0.0,0.0,0.0,0.0,12.5,,,,,,1.8,1.8,,,,,,,100.0,100.0,94.7,100.0,87.5,,,,,,96.3,96.3,,,,,,,0.0,0.0,5.3,0.0,0.0,,,,,,1.9,1.9,,,,,,
2025,Nordeste,PB,2509370,Mato Grosso,Total,Pública,0.0,0.0,0.0,0.0,3.2,5.1,8.3,13.0,0.0,6.5,0.7,3.4,4.8,0.0,0.0,,,1.9,100.0,100.0,97.1,100.0,96.8,94.9,91.7,87.0,100.0,93.5,98.6,96.2,95.2,100.0,100.0,,,98.1,0.0,0.0,2.9,0.0,0.0,0.0,0.0,0.0,0.0,0.0,0.7,0.4,0.0,0.0,0.0,,,0.0
2025,Nordeste,PB,2509370,Mato Grosso,Urbana,Pública,0.0,0.0,0.0,0.0,0.0,5.1,8.3,13.0,0.0,6.5,0.0,3.8,4.8,0.0,0.0,,,1.9,100.0,100.0,100.0,100.0,100.0,94.9,91.7,87.0,100.0,93.5,100.0,96.2,95.2,100.0,100.0,,,98.1,0.0,0.0,0.0,0.0,0.0,0.0,0.0,0.0,0.0,0.0,0.0,0.0,0.0,0.0,0.0,,,0.0
2025,Nordeste,PB,2509370,Mato Grosso,Rural,Pública,0.0,0.0,0.0,0.0,12.5,,,,,,1.8,1.8,,,,,,,100.0,100.0,94.7,100.0,87.5,,,,,,96.3,96.3,,,,,,,0.0,0.0,5.3,0.0,0.0,,,,,,1.9,1.9,,,,,,
2025,Nordeste,PB,2509396,Maturéia,Total,Total,0.0,0.0,0.0,0.0,0.0,0.0,0.0,0.0,0.0,0.0,0.0,0.0,8.7,1.3,0.0,,,4.1,100.0,100.0,100.0,100.0,100.0,100.0,100.0,100.0,100.0,100.0,100.0,100.0,87.4,98.7,100.0,,,94.2,0.0,0.0,0.0,0.0,0.0,0.0,0.0,0.0,0.0,0.0,0.0,0.0,3.9,0.0,0.0,,,1.7
2025,Nordeste,PB,2509396,Maturéia,Urbana,Total,0.0,0.0,0.0,0.0,0.0,0.0,0.0,0.0,0.0,0.0,0.0,0.0,8.7,1.3,0.0,,,4.1,100.0,100.0,100.0,100.0,100.0,100.0,100.0,100.0,100.0,100.0,100.0,100.0,87.4,98.7,100.0,,,94.2,0.0,0.0,0.0,0.0,0.0,0.0,0.0,0.0,0.0,0.0,0.0,0.0,3.9,0.0,0.0,,,1.7
2025,Nordeste,PB,2509396,Maturéia,Rural,Total,0.0,0.0,0.0,0.0,0.0,,,,,,0.0,0.0,,,,,,,100.0,100.0,100.0,100.0,100.0,,,,,,100.0,100.0,,,,,,,0.0,0.0,0.0,0.0,0.0,,,,,,0.0,0.0,,,,,,
2025,Nordeste,PB,2509396,Maturéia,Total,Estadual,,,,,,,,,,,,,8.7,1.3,0.0,,,4.1,,,,,,,,,,,,,87.4,98.7,100.0,,,94.2,,,,,,,,,,,,,3.9,0.0,0.0,,,1.7
2025,Nordeste,PB,2509396,Maturéia,Urbana,Estadual,,,,,,,,,,,,,8.7,1.3,0.0,,,4.1,,,,,,,,,,,,,87.4,98.7,100.0,,,94.2,,,,,,,,,,,,,3.9,0.0,0.0,,,1.7
2025,Nordeste,PB,2509396,Maturéia,Total,Municipal,0.0,0.0,0.0,0.0,0.0,0.0,0.0,0.0,0.0,0.0,0.0,0.0,,,,,,,100.0,100.0,100.0,100.0,100.0,100.0,100.0,100.0,100.0,100.0,100.0,100.0,,,,,,,0.0,0.0,0.0,0.0,0.0,0.0,0.0,0.0,0.0,0.0,0.0,0.0,,,,,,
2025,Nordeste,PB,2509396,Maturéia,Urbana,Municipal,0.0,0.0,0.0,0.0,0.0,0.0,0.0,0.0,0.0,0.0,0.0,0.0,,,,,,,100.0,100.0,100.0,100.0,100.0,100.0,100.0,100.0,100.0,100.0,100.0,100.0,,,,,,,0.0,0.0,0.0,0.0,0.0,0.0,0.0,0.0,0.0,0.0,0.0,0.0,,,,,,
2025,Nordeste,PB,2509396,Maturéia,Rural,Municipal,0.0,0.0,0.0,0.0,0.0,,,,,,0.0,0.0,,,,,,,100.0,100.0,100.0,100.0,100.0,,,,,,100.0,100.0,,,,,,,0.0,0.0,0.0,0.0,0.0,,,,,,0.0,0.0,,,,,,
2025,Nordeste,PB,2509396,Maturéia,Total,Pública,0.0,0.0,0.0,0.0,0.0,0.0,0.0,0.0,0.0,0.0,0.0,0.0,8.7,1.3,0.0,,,4.1,100.0,100.0,100.0,100.0,100.0,100.0,100.0,100.0,100.0,100.0,100.0,100.0,87.4,98.7,100.0,,,94.2,0.0,0.0,0.0,0.0,0.0,0.0,0.0,0.0,0.0,0.0,0.0,0.0,3.9,0.0,0.0,,,1.7
2025,Nordeste,PB,2509396,Maturéia,Urbana,Pública,0.0,0.0,0.0,0.0,0.0,0.0,0.0,0.0,0.0,0.0,0.0,0.0,8.7,1.3,0.0,,,4.1,100.0,100.0,100.0,100.0,100.0,100.0,100.0,100.0,100.0,100.0,100.0,100.0,87.4,98.7,100.0,,,94.2,0.0,0.0,0.0,0.0,0.0,0.0,0.0,0.0,0.0,0.0,0.0,0.0,3.9,0.0,0.0,,,1.7
2025,Nordeste,PB,2509396,Maturéia,Rural,Pública,0.0,0.0,0.0,0.0,0.0,,,,,,0.0,0.0,,,,,,,100.0,100.0,100.0,100.0,100.0,,,,,,100.0,100.0,,,,,,,0.0,0.0,0.0,0.0,0.0,,,,,,0.0,0.0,,,,,,
2025,Nordeste,PB,2509404,Mogeiro,Total,Total,0.0,0.0,0.0,0.0,0.0,0.0,0.0,0.4,0.5,0.2,0.0,0.1,3.2,2.9,0.9,,,2.5,100.0,100.0,100.0,100.0,100.0,100.0,100.0,99.6,99.5,99.8,100.0,99.9,96.8,97.1,99.1,,,97.5,0.0,0.0,0.0,0.0,0.0,0.0,0.0,0.0,0.0,0.0,0.0,0.0,0.0,0.0,0.0,,,0.0
2025,Nordeste,PB,2509404,Mogeiro,Urbana,Total,0.0,0.0,0.0,0.0,0.0,0.0,0.0,0.5,0.6,0.3,0.0,0.1,3.2,2.9,0.9,,,2.5,100.0,100.0,100.0,100.0,100.0,100.0,100.0,99.5,99.4,99.7,100.0,99.9,96.8,97.1,99.1,,,97.5,0.0,0.0,0.0,0.0,0.0,0.0,0.0,0.0,0.0,0.0,0.0,0.0,0.0,0.0,0.0,,,0.0
2025,Nordeste,PB,2509404,Mogeiro,Rural,Total,0.0,0.0,0.0,0.0,0.0,0.0,0.0,0.0,0.0,0.0,0.0,0.0,,,,,,,100.0,100.0,100.0,100.0,100.0,100.0,100.0,100.0,100.0,100.0,100.0,100.0,,,,,,,0.0,0.0,0.0,0.0,0.0,0.0,0.0,0.0,0.0,0.0,0.0,0.0,,,,,,
2025,Nordeste,PB,2509404,Mogeiro,Total,Estadual,,,,,,,,,,,,,3.2,2.9,0.9,,,2.5,,,,,,,,,,,,,96.8,97.1,99.1,,,97.5,,,,,,,,,,,,,0.0,0.0,0.0,,,0.0
2025,Nordeste,PB,2509404,Mogeiro,Urbana,Estadual,,,,,,,,,,,,,3.2,2.9,0.9,,,2.5,,,,,,,,,,,,,96.8,97.1,99.1,,,97.5,,,,,,,,,,,,,0.0,0.0,0.0,,,0.0
2025,Nordeste,PB,2509404,Mogeiro,Total,Municipal,0.0,0.0,0.0,0.0,0.0,0.0,0.0,0.4,0.5,0.2,0.0,0.1,,,,,,,100.0,100.0,100.0,100.0,100.0,100.0,100.0,99.6,99.5,99.8,100.0,99.9,,,,,,,0.0,0.0,0.0,0.0,0.0,0.0,0.0,0.0,0.0,0.0,0.0,0.0,,,,,,
2025,Nordeste,PB,2509404,Mogeiro,Urbana,Municipal,0.0,0.0,0.0,0.0,0.0,0.0,0.0,0.5,0.6,0.3,0.0,0.2,,,,,,,100.0,100.0,100.0,100.0,100.0,100.0,100.0,99.5,99.4,99.7,100.0,99.8,,,,,,,0.0,0.0,0.0,0.0,0.0,0.0,0.0,0.0,0.0,0.0,0.0,0.0,,,,,,
2025,Nordeste,PB,2509404,Mogeiro,Rural,Municipal,0.0,0.0,0.0,0.0,0.0,0.0,0.0,0.0,0.0,0.0,0.0,0.0,,,,,,,100.0,100.0,100.0,100.0,100.0,100.0,100.0,100.0,100.0,100.0,100.0,100.0,,,,,,,0.0,0.0,0.0,0.0,0.0,0.0,0.0,0.0,0.0,0.0,0.0,0.0,,,,,,
2025,Nordeste,PB,2509404,Mogeiro,Total,Privada,0.0,0.0,0.0,0.0,0.0,,,,,,0.0,0.0,,,,,,,100.0,100.0,100.0,100.0,100.0,,,,,,100.0,100.0,,,,,,,0.0,0.0,0.0,0.0,0.0,,,,,,0.0,0.0,,,,,,
2025,Nordeste,PB,2509404,Mogeiro,Urbana,Privada,0.0,0.0,0.0,0.0,0.0,,,,,,0.0,0.0,,,,,,,100.0,100.0,100.0,100.0,100.0,,,,,,100.0,100.0,,,,,,,0.0,0.0,0.0,0.0,0.0,,,,,,0.0,0.0,,,,,,
2025,Nordeste,PB,2509404,Mogeiro,Total,Pública,0.0,0.0,0.0,0.0,0.0,0.0,0.0,0.4,0.5,0.2,0.0,0.1,3.2,2.9,0.9,,,2.5,100.0,100.0,100.0,100.0,100.0,100.0,100.0,99.6,99.5,99.8,100.0,99.9,96.8,97.1,99.1,,,97.5,0.0,0.0,0.0,0.0,0.0,0.0,0.0,0.0,0.0,0.0,0.0,0.0,0.0,0.0,0.0,,,0.0
2025,Nordeste,PB,2509404,Mogeiro,Urbana,Pública,0.0,0.0,0.0,0.0,0.0,0.0,0.0,0.5,0.6,0.3,0.0,0.2,3.2,2.9,0.9,,,2.5,100.0,100.0,100.0,100.0,100.0,100.0,100.0,99.5,99.4,99.7,100.0,99.8,96.8,97.1,99.1,,,97.5,0.0,0.0,0.0,0.0,0.0,0.0,0.0,0.0,0.0,0.0,0.0,0.0,0.0,0.0,0.0,,,0.0
2025,Nordeste,PB,2509404,Mogeiro,Rural,Pública,0.0,0.0,0.0,0.0,0.0,0.0,0.0,0.0,0.0,0.0,0.0,0.0,,,,,,,100.0,100.0,100.0,100.0,100.0,100.0,100.0,100.0,100.0,100.0,100.0,100.0,,,,,,,0.0,0.0,0.0,0.0,0.0,0.0,0.0,0.0,0.0,0.0,0.0,0.0,,,,,,
2025,Nordeste,PB,2509503,Montadas,Total,Total,0.0,0.0,0.0,0.0,0.0,0.0,0.0,0.0,0.0,0.0,0.0,0.0,4.0,2.0,2.2,,,2.9,100.0,99.1,100.0,100.0,100.0,92.7,92.9,95.2,94.7,93.8,99.8,96.9,96.0,98.0,97.8,,,97.1,0.0,0.9,0.0,0.0,0.0,7.3,7.1,4.8,5.3,6.2,0.2,3.1,0.0,0.0,0.0,,,0.0
2025,Nordeste,PB,2509503,Montadas,Urbana,Total,0.0,0.0,0.0,0.0,0.0,0.0,0.0,0.0,0.0,0.0,0.0,0.0,4.0,2.0,2.2,,,2.9,100.0,98.9,100.0,100.0,100.0,92.7,92.9,95.2,94.7,93.8,99.7,96.5,96.0,98.0,97.8,,,97.1,0.0,1.1,0.0,0.0,0.0,7.3,7.1,4.8,5.3,6.2,0.3,3.5,0.0,0.0,0.0,,,0.0
2025,Nordeste,PB,2509503,Montadas,Rural,Total,0.0,0.0,0.0,0.0,0.0,,,,,,0.0,0.0,,,,,,,100.0,100.0,100.0,100.0,100.0,,,,,,100.0,100.0,,,,,,,0.0,0.0,0.0,0.0,0.0,,,,,,0.0,0.0,,,,,,
2025,Nordeste,PB,2509503,Montadas,Total,Estadual,,,,,,,,,,,,,4.0,2.0,2.2,,,2.9,,,,,,,,,,,,,96.0,98.0,97.8,,,97.1,,,,,,,,,,,,,0.0,0.0,0.0,,,0.0
2025,Nordeste,PB,2509503,Montadas,Urbana,Estadual,,,,,,,,,,,,,4.0,2.0,2.2,,,2.9,,,,,,,,,,,,,96.0,98.0,97.8,,,97.1,,,,,,,,,,,,,0.0,0.0,0.0,,,0.0
2025,Nordeste,PB,2509503,Montadas,Total,Municipal,0.0,0.0,0.0,0.0,0.0,0.0,0.0,0.0,0.0,0.0,0.0,0.0,,,,,,,100.0,99.1,100.0,100.0,100.0,92.7,92.9,95.2,94.7,93.8,99.8,96.9,,,,,,,0.0,0.9,0.0,0.0,0.0,7.3,7.1,4.8,5.3,6.2,0.2,3.1,,,,,,
2025,Nordeste,PB,2509503,Montadas,Urbana,Municipal,0.0,0.0,0.0,0.0,0.0,0.0,0.0,0.0,0.0,0.0,0.0,0.0,,,,,,,100.0,98.9,100.0,100.0,100.0,92.7,92.9,95.2,94.7,93.8,99.7,96.5,,,,,,,0.0,1.1,0.0,0.0,0.0,7.3,7.1,4.8,5.3,6.2,0.3,3.5,,,,,,
2025,Nordeste,PB,2509503,Montadas,Rural,Municipal,0.0,0.0,0.0,0.0,0.0,,,,,,0.0,0.0,,,,,,,100.0,100.0,100.0,100.0,100.0,,,,,,100.0,100.0,,,,,,,0.0,0.0,0.0,0.0,0.0,,,,,,0.0,0.0,,,,,,
2025,Nordeste,PB,2509503,Montadas,Total,Pública,0.0,0.0,0.0,0.0,0.0,0.0,0.0,0.0,0.0,0.0,0.0,0.0,4.0,2.0,2.2,,,2.9,100.0,99.1,100.0,100.0,100.0,92.7,92.9,95.2,94.7,93.8,99.8,96.9,96.0,98.0,97.8,,,97.1,0.0,0.9,0.0,0.0,0.0,7.3,7.1,4.8,5.3,6.2,0.2,3.1,0.0,0.0,0.0,,,0.0
2025,Nordeste,PB,2509503,Montadas,Urbana,Pública,0.0,0.0,0.0,0.0,0.0,0.0,0.0,0.0,0.0,0.0,0.0,0.0,4.0,2.0,2.2,,,2.9,100.0,98.9,100.0,100.0,100.0,92.7,92.9,95.2,94.7,93.8,99.7,96.5,96.0,98.0,97.8,,,97.1,0.0,1.1,0.0,0.0,0.0,7.3,7.1,4.8,5.3,6.2,0.3,3.5,0.0,0.0,0.0,,,0.0
2025,Nordeste,PB,2509503,Montadas,Rural,Pública,0.0,0.0,0.0,0.0,0.0,,,,,,0.0,0.0,,,,,,,100.0,100.0,100.0,100.0,100.0,,,,,,100.0,100.0,,,,,,,0.0,0.0,0.0,0.0,0.0,,,,,,0.0,0.0,,,,,,
2025,Nordeste,PB,2509602,Monte Horebe,Total,Total,0.0,0.0,0.0,0.0,0.0,0.0,1.6,3.6,1.3,1.7,0.0,0.7,8.5,6.5,0.0,,,5.9,100.0,100.0,100.0,100.0,100.0,97.1,98.4,95.2,98.7,97.3,100.0,98.8,88.1,91.3,100.0,,,91.9,0.0,0.0,0.0,0.0,0.0,2.9,0.0,1.2,0.0,1.0,0.0,0.5,3.4,2.2,0.0,,,2.2
2025,Nordeste,PB,2509602,Monte Horebe,Urbana,Total,0.0,0.0,0.0,0.0,0.0,0.0,1.7,2.9,1.7,1.7,0.0,0.8,8.5,6.5,0.0,,,5.9,100.0,100.0,100.0,100.0,100.0,96.5,98.3,95.7,98.3,97.1,100.0,98.6,88.1,91.3,100.0,,,91.9,0.0,0.0,0.0,0.0,0.0,3.5,0.0,1.4,0.0,1.2,0.0,0.6,3.4,2.2,0.0,,,2.2
2025,Nordeste,PB,2509602,Monte Horebe,Rural,Total,0.0,0.0,0.0,0.0,0.0,0.0,0.0,7.1,0.0,2.1,0.0,0.8,,,,,,,100.0,100.0,100.0,100.0,100.0,100.0,100.0,92.9,100.0,97.9,100.0,99.2,,,,,,,0.0,0.0,0.0,0.0,0.0,0.0,0.0,0.0,0.0,0.0,0.0,0.0,,,,,,
2025,Nordeste,PB,2509602,Monte Horebe,Total,Estadual,,,,,,,,,,,,,8.5,6.5,0.0,,,5.9,,,,,,,,,,,,,88.1,91.3,100.0,,,91.9,,,,,,,,,,,,,3.4,2.2,0.0,,,2.2
2025,Nordeste,PB,2509602,Monte Horebe,Urbana,Estadual,,,,,,,,,,,,,8.5,6.5,0.0,,,5.9,,,,,,,,,,,,,88.1,91.3,100.0,,,91.9,,,,,,,,,,,,,3.4,2.2,0.0,,,2.2
2025,Nordeste,PB,2509602,Monte Horebe,Total,Municipal,0.0,0.0,0.0,0.0,0.0,0.0,1.6,3.6,1.3,1.7,0.0,0.7,,,,,,,100.0,100.0,100.0,100.0,100.0,97.1,98.4,95.2,98.7,97.3,100.0,98.8,,,,,,,0.0,0.0,0.0,0.0,0.0,2.9,0.0,1.2,0.0,1.0,0.0,0.5,,,,,,
2025,Nordeste,PB,2509602,Monte Horebe,Urbana,Municipal,0.0,0.0,0.0,0.0,0.0,0.0,1.7,2.9,1.7,1.7,0.0,0.8,,,,,,,100.0,100.0,100.0,100.0,100.0,96.5,98.3,95.7,98.3,97.1,100.0,98.6,,,,,,,0.0,0.0,0.0,0.0,0.0,3.5,0.0,1.4,0.0,1.2,0.0,0.6,,,,,,
2025,Nordeste,PB,2509602,Monte Horebe,Rural,Municipal,0.0,0.0,0.0,0.0,0.0,0.0,0.0,7.1,0.0,2.1,0.0,0.8,,,,,,,100.0,100.0,100.0,100.0,100.0,100.0,100.0,92.9,100.0,97.9,100.0,99.2,,,,,,,0.0,0.0,0.0,0.0,0.0,0.0,0.0,0.0,0.0,0.0,0.0,0.0,,,,,,
2025,Nordeste,PB,2509602,Monte Horebe,Total,Pública,0.0,0.0,0.0,0.0,0.0,0.0,1.6,3.6,1.3,1.7,0.0,0.7,8.5,6.5,0.0,,,5.9,100.0,100.0,100.0,100.0,100.0,97.1,98.4,95.2,98.7,97.3,100.0,98.8,88.1,91.3,100.0,,,91.9,0.0,0.0,0.0,0.0,0.0,2.9,0.0,1.2,0.0,1.0,0.0,0.5,3.4,2.2,0.0,,,2.2
2025,Nordeste,PB,2509602,Monte Horebe,Urbana,Pública,0.0,0.0,0.0,0.0,0.0,0.0,1.7,2.9,1.7,1.7,0.0,0.8,8.5,6.5,0.0,,,5.9,100.0,100.0,100.0,100.0,100.0,96.5,98.3,95.7,98.3,97.1,100.0,98.6,88.1,91.3,100.0,,,91.9,0.0,0.0,0.0,0.0,0.0,3.5,0.0,1.4,0.0,1.2,0.0,0.6,3.4,2.2,0.0,,,2.2
2025,Nordeste,PB,2509602,Monte Horebe,Rural,Pública,0.0,0.0,0.0,0.0,0.0,0.0,0.0,7.1,0.0,2.1,0.0,0.8,,,,,,,100.0,100.0,100.0,100.0,100.0,100.0,100.0,92.9,100.0,97.9,100.0,99.2,,,,,,,0.0,0.0,0.0,0.0,0.0,0.0,0.0,0.0,0.0,0.0,0.0,0.0,,,,,,
2025,Nordeste,PB,2509701,Monteiro,Total,Total,0.0,0.0,0.0,0.0,0.0,0.0,0.2,0.4,0.0,0.1,0.0,0.1,1.7,1.2,0.4,,,1.2,100.0,100.0,100.0,100.0,100.0,99.6,99.4,99.6,100.0,99.7,100.0,99.8,95.9,96.0,98.7,,,96.7,0.0,0.0,0.0,0.0,0.0,0.4,0.4,0.0,0.0,0.2,0.0,0.1,2.4,2.8,0.9,,,2.1
2025,Nordeste,PB,2509701,Monteiro,Urbana,Total,0.0,0.0,0.0,0.0,0.0,0.0,0.2,0.4,0.0,0.2,0.0,0.1,1.7,1.1,0.5,,,1.1,100.0,100.0,100.0,100.0,100.0,99.6,99.3,99.6,100.0,99.6,100.0,99.8,95.8,96.0,98.6,,,96.7,0.0,0.0,0.0,0.0,0.0,0.4,0.5,0.0,0.0,0.2,0.0,0.1,2.5,2.9,0.9,,,2.2
2025,Nordeste,PB,2509701,Monteiro,Rural,Total,0.0,0.0,0.0,0.0,0.0,0.0,0.0,0.0,0.0,0.0,0.0,0.0,0.0,5.3,0.0,,,2.0,100.0,100.0,100.0,100.0,100.0,100.0,100.0,100.0,100.0,100.0,100.0,100.0,100.0,94.7,100.0,,,98.0,0.0,0.0,0.0,0.0,0.0,0.0,0.0,0.0,0.0,0.0,0.0,0.0,0.0,0.0,0.0,,,0.0
2025,Nordeste,PB,2509701,Monteiro,Total,Federal,,,,,,,,,,,,,0.0,0.0,0.0,,,0.0,,,,,,,,,,,,,95.3,93.0,97.2,,,95.0,,,,,,,,,,,,,4.7,7.0,2.8,,,5.0
2025,Nordeste,PB,2509701,Monteiro,Urbana,Federal,,,,,,,,,,,,,0.0,0.0,0.0,,,0.0,,,,,,,,,,,,,95.3,93.0,97.2,,,95.0,,,,,,,,,,,,,4.7,7.0,2.8,,,5.0
2025,Nordeste,PB,2509701,Monteiro,Total,Estadual,,,,,,0.0,11.1,7.1,0.0,3.5,,3.5,2.7,1.8,0.6,,,1.7,,,,,,100.0,88.9,92.9,100.0,96.5,,96.5,96.1,97.2,99.4,,,97.5,,,,,,0.0,0.0,0.0,0.0,0.0,,0.0,1.2,1.0,0.0,,,0.8
2025,Nordeste,PB,2509701,Monteiro,Urbana,Estadual,,,,,,0.0,11.1,7.1,0.0,3.5,,3.5,2.8,1.5,0.6,,,1.7,,,,,,100.0,88.9,92.9,100.0,96.5,,96.5,95.9,97.4,99.4,,,97.5,,,,,,0.0,0.0,0.0,0.0,0.0,,0.0,1.3,1.1,0.0,,,0.8
2025,Nordeste,PB,2509701,Monteiro,Rural,Estadual,,,,,,,,,,,,,0.0,5.3,0.0,,,2.0,,,,,,,,,,,,,100.0,94.7,100.0,,,98.0,,,,,,,,,,,,,0.0,0.0,0.0,,,0.0
2025,Nordeste,PB,2509701,Monteiro,Total,Municipal,0.0,0.0,0.0,0.0,0.0,0.0,0.0,0.0,0.0,0.0,0.0,0.0,,,,,,,100.0,100.0,100.0,100.0,100.0,100.0,99.5,100.0,100.0,99.9,100.0,99.9,,,,,,,0.0,0.0,0.0,0.0,0.0,0.0,0.5,0.0,0.0,0.1,0.0,0.1,,,,,,
2025,Nordeste,PB,2509701,Monteiro,Urbana,Municipal,0.0,0.0,0.0,0.0,0.0,0.0,0.0,0.0,0.0,0.0,0.0,0.0,,,,,,,100.0,100.0,100.0,100.0,100.0,100.0,99.4,100.0,100.0,99.9,100.0,99.9,,,,,,,0.0,0.0,0.0,0.0,0.0,0.0,0.6,0.0,0.0,0.1,0.0,0.1,,,,,,
2025,Nordeste,PB,2509701,Monteiro,Rural,Municipal,0.0,0.0,0.0,0.0,0.0,0.0,0.0,0.0,0.0,0.0,0.0,0.0,,,,,,,100.0,100.0,100.0,100.0,100.0,100.0,100.0,100.0,100.0,100.0,100.0,100.0,,,,,,,0.0,0.0,0.0,0.0,0.0,0.0,0.0,0.0,0.0,0.0,0.0,0.0,,,,,,
2025,Nordeste,PB,2509701,Monteiro,Total,Privada,0.0,0.0,0.0,0.0,0.0,0.0,0.0,0.0,0.0,0.0,0.0,0.0,0.0,0.0,0.0,,,0.0,100.0,100.0,100.0,100.0,100.0,97.3,100.0,100.0,100.0,99.3,100.0,99.7,100.0,93.1,95.2,,,95.3,0.0,0.0,0.0,0.0,0.0,2.7,0.0,0.0,0.0,0.7,0.0,0.3,0.0,6.9,4.8,,,4.7
2025,Nordeste,PB,2509701,Monteiro,Urbana,Privada,0.0,0.0,0.0,0.0,0.0,0.0,0.0,0.0,0.0,0.0,0.0,0.0,0.0,0.0,0.0,,,0.0,100.0,100.0,100.0,100.0,100.0,97.3,100.0,100.0,100.0,99.3,100.0,99.7,100.0,93.1,95.2,,,95.3,0.0,0.0,0.0,0.0,0.0,2.7,0.0,0.0,0.0,0.7,0.0,0.3,0.0,6.9,4.8,,,4.7
2025,Nordeste,PB,2509701,Monteiro,Total,Pública,0.0,0.0,0.0,0.0,0.0,0.0,0.2,0.4,0.0,0.2,0.0,0.0,1.7,1.3,0.4,,,1.2,100.0,100.0,100.0,100.0,100.0,100.0,99.3,99.6,100.0,99.7,100.0,99.9,95.8,96.1,98.9,,,96.8,0.0,0.0,0.0,0.0,0.0,0.0,0.5,0.0,0.0,0.1,0.0,0.1,2.5,2.6,0.7,,,2.0
2025,Nordeste,PB,2509701,Monteiro,Urbana,Pública,0.0,0.0,0.0,0.0,0.0,0.0,0.3,0.5,0.0,0.2,0.0,0.1,1.7,1.1,0.5,,,1.1,100.0,100.0,100.0,100.0,100.0,100.0,99.1,99.5,100.0,99.7,100.0,99.8,95.7,96.2,98.8,,,96.8,0.0,0.0,0.0,0.0,0.0,0.0,0.6,0.0,0.0,0.1,0.0,0.1,2.6,2.7,0.7,,,2.1
2025,Nordeste,PB,2509701,Monteiro,Rural,Pública,0.0,0.0,0.0,0.0,0.0,0.0,0.0,0.0,0.0,0.0,0.0,0.0,0.0,5.3,0.0,,,2.0,100.0,100.0,100.0,100.0,100.0,100.0,100.0,100.0,100.0,100.0,100.0,100.0,100.0,94.7,100.0,,,98.0,0.0,0.0,0.0,0.0,0.0,0.0,0.0,0.0,0.0,0.0,0.0,0.0,0.0,0.0,0.0,,,0.0
2025,Nordeste,PB,2509800,Mulungu,Total,Total,0.0,0.0,0.0,0.0,0.0,0.0,0.8,0.0,0.9,0.4,0.0,0.1,1.9,1.0,0.0,,,1.1,100.0,100.0,100.0,100.0,98.4,96.1,97.0,96.0,97.4,96.6,99.7,98.3,92.2,97.1,100.0,,,96.0,0.0,0.0,0.0,0.0,1.6,3.9,2.2,4.0,1.7,3.0,0.3,1.6,5.9,1.9,0.0,,,2.9
2025,Nordeste,PB,2509800,Mulungu,Urbana,Total,0.0,0.0,0.0,0.0,0.0,0.0,1.0,0.0,1.1,0.5,0.0,0.2,2.6,1.3,0.0,,,1.4,100.0,100.0,100.0,100.0,96.9,94.3,96.0,94.4,96.5,95.3,99.3,97.1,89.7,96.1,100.0,,,94.7,0.0,0.0,0.0,0.0,3.1,5.7,3.0,5.6,2.4,4.2,0.7,2.7,7.7,2.6,0.0,,,3.9
2025,Nordeste,PB,2509800,Mulungu,Rural,Total,0.0,0.0,0.0,0.0,0.0,0.0,0.0,0.0,0.0,0.0,0.0,0.0,0.0,0.0,0.0,,,0.0,100.0,100.0,100.0,100.0,100.0,100.0,100.0,100.0,100.0,100.0,100.0,100.0,100.0,100.0,100.0,,,100.0,0.0,0.0,0.0,0.0,0.0,0.0,0.0,0.0,0.0,0.0,0.0,0.0,0.0,0.0,0.0,,,0.0
2025,Nordeste,PB,2509800,Mulungu,Total,Estadual,,,,,,0.0,1.4,0.0,2.1,0.9,,0.9,1.9,1.0,0.0,,,1.1,,,,,,100.0,97.1,98.6,95.8,97.8,,97.8,92.2,97.1,100.0,,,96.0,,,,,,0.0,1.5,1.4,2.1,1.3,,1.3,5.9,1.9,0.0,,,2.9
2025,Nordeste,PB,2509800,Mulungu,Urbana,Estadual,,,,,,0.0,2.0,0.0,3.1,1.3,,1.3,2.6,1.3,0.0,,,1.4,,,,,,100.0,96.0,97.8,93.9,96.7,,96.7,89.7,96.1,100.0,,,94.7,,,,,,0.0,2.0,2.2,3.0,2.0,,2.0,7.7,2.6,0.0,,,3.9
2025,Nordeste,PB,2509800,Mulungu,Rural,Estadual,,,,,,0.0,0.0,0.0,0.0,0.0,,0.0,0.0,0.0,0.0,,,0.0,,,,,,100.0,100.0,100.0,100.0,100.0,,100.0,100.0,100.0,100.0,,,100.0,,,,,,0.0,0.0,0.0,0.0,0.0,,0.0,0.0,0.0,0.0,,,0.0
2025,Nordeste,PB,2509800,Mulungu,Total,Municipal,0.0,0.0,0.0,0.0,0.0,0.0,0.0,0.0,0.0,0.0,0.0,0.0,,,,,,,100.0,100.0,100.0,100.0,98.4,93.9,97.0,93.8,98.5,95.6,99.7,98.4,,,,,,,0.0,0.0,0.0,0.0,1.6,6.1,3.0,6.2,1.5,4.4,0.3,1.6,,,,,,
2025,Nordeste,PB,2509800,Mulungu,Urbana,Municipal,0.0,0.0,0.0,0.0,0.0,0.0,0.0,0.0,0.0,0.0,0.0,0.0,,,,,,,100.0,100.0,100.0,100.0,96.9,92.1,96.1,91.9,98.1,94.3,99.3,97.1,,,,,,,0.0,0.0,0.0,0.0,3.1,7.9,3.9,8.1,1.9,5.7,0.7,2.9,,,,,,
2025,Nordeste,PB,2509800,Mulungu,Rural,Municipal,0.0,0.0,0.0,0.0,0.0,0.0,0.0,0.0,0.0,0.0,0.0,0.0,,,,,,,100.0,100.0,100.0,100.0,100.0,100.0,100.0,100.0,100.0,100.0,100.0,100.0,,,,,,,0.0,0.0,0.0,0.0,0.0,0.0,0.0,0.0,0.0,0.0,0.0,0.0,,,,,,
2025,Nordeste,PB,2509800,Mulungu,Total,Pública,0.0,0.0,0.0,0.0,0.0,0.0,0.8,0.0,0.9,0.4,0.0,0.1,1.9,1.0,0.0,,,1.1,100.0,100.0,100.0,100.0,98.4,96.1,97.0,96.0,97.4,96.6,99.7,98.3,92.2,97.1,100.0,,,96.0,0.0,0.0,0.0,0.0,1.6,3.9,2.2,4.0,1.7,3.0,0.3,1.6,5.9,1.9,0.0,,,2.9
2025,Nordeste,PB,2509800,Mulungu,Urbana,Pública,0.0,0.0,0.0,0.0,0.0,0.0,1.0,0.0,1.1,0.5,0.0,0.2,2.6,1.3,0.0,,,1.4,100.0,100.0,100.0,100.0,96.9,94.3,96.0,94.4,96.5,95.3,99.3,97.1,89.7,96.1,100.0,,,94.7,0.0,0.0,0.0,0.0,3.1,5.7,3.0,5.6,2.4,4.2,0.7,2.7,7.7,2.6,0.0,,,3.9
2025,Nordeste,PB,2509800,Mulungu,Rural,Pública,0.0,0.0,0.0,0.0,0.0,0.0,0.0,0.0,0.0,0.0,0.0,0.0,0.0,0.0,0.0,,,0.0,100.0,100.0,100.0,100.0,100.0,100.0,100.0,100.0,100.0,100.0,100.0,100.0,100.0,100.0,100.0,,,100.0,0.0,0.0,0.0,0.0,0.0,0.0,0.0,0.0,0.0,0.0,0.0,0.0,0.0,0.0,0.0,,,0.0
2025,Nordeste,PB,2509909,Natuba,Total,Total,0.0,0.0,0.0,0.0,0.0,0.0,0.0,0.7,1.0,0.4,0.0,0.2,0.0,0.0,0.0,,,0.0,100.0,100.0,100.0,99.3,97.3,99.0,96.9,98.5,99.0,98.4,99.4,99.0,92.6,96.2,100.0,,,95.5,0.0,0.0,0.0,0.7,2.7,1.0,3.1,0.8,0.0,1.2,0.6,0.8,7.4,3.8,0.0,,,4.5
2025,Nordeste,PB,2509909,Natuba,Urbana,Total,0.0,0.0,0.0,0.0,0.0,0.0,0.0,0.9,1.2,0.6,0.0,0.4,0.0,0.0,0.0,,,0.0,100.0,100.0,100.0,100.0,100.0,98.7,97.1,98.1,98.8,98.2,100.0,99.0,92.6,96.2,100.0,,,95.5,0.0,0.0,0.0,0.0,0.0,1.3,2.9,1.0,0.0,1.2,0.0,0.6,7.4,3.8,0.0,,,4.5
2025,Nordeste,PB,2509909,Natuba,Rural,Total,0.0,0.0,0.0,0.0,0.0,0.0,0.0,0.0,0.0,0.0,0.0,0.0,,,,,,,100.0,100.0,100.0,98.7,94.8,100.0,96.3,100.0,100.0,98.9,98.9,98.9,,,,,,,0.0,0.0,0.0,1.3,5.2,0.0,3.7,0.0,0.0,1.1,1.1,1.1,,,,,,
2025,Nordeste,PB,2509909,Natuba,Total,Estadual,,,,,,0.0,0.0,0.0,6.7,1.7,,1.7,0.0,0.0,0.0,,,0.0,,,,,,100.0,100.0,100.0,93.3,98.3,,98.3,92.6,96.2,100.0,,,95.5,,,,,,0.0,0.0,0.0,0.0,0.0,,0.0,7.4,3.8,0.0,,,4.5
2025,Nordeste,PB,2509909,Natuba,Urbana,Estadual,,,,,,0.0,0.0,0.0,6.7,1.7,,1.7,0.0,0.0,0.0,,,0.0,,,,,,100.0,100.0,100.0,93.3,98.3,,98.3,92.6,96.2,100.0,,,95.5,,,,,,0.0,0.0,0.0,0.0,0.0,,0.0,7.4,3.8,0.0,,,4.5
2025,Nordeste,PB,2509909,Natuba,Total,Municipal,0.0,0.0,0.0,0.0,0.0,0.0,0.0,1.0,0.0,0.3,0.0,0.1,,,,,,,100.0,100.0,100.0,99.3,97.3,98.9,96.6,98.1,100.0,98.4,99.4,99.0,,,,,,,0.0,0.0,0.0,0.7,2.7,1.1,3.4,0.9,0.0,1.3,0.6,0.9,,,,,,
2025,Nordeste,PB,2509909,Natuba,Urbana,Municipal,0.0,0.0,0.0,0.0,0.0,0.0,0.0,1.2,0.0,0.4,0.0,0.2,,,,,,,100.0,100.0,100.0,100.0,100.0,98.5,96.8,97.5,100.0,98.2,100.0,99.1,,,,,,,0.0,0.0,0.0,0.0,0.0,1.5,3.2,1.3,0.0,1.4,0.0,0.7,,,,,,
2025,Nordeste,PB,2509909,Natuba,Rural,Municipal,0.0,0.0,0.0,0.0,0.0,0.0,0.0,0.0,0.0,0.0,0.0,0.0,,,,,,,100.0,100.0,100.0,98.7,94.8,100.0,96.3,100.0,100.0,98.9,98.9,98.9,,,,,,,0.0,0.0,0.0,1.3,5.2,0.0,3.7,0.0,0.0,1.1,1.1,1.1,,,,,,
2025,Nordeste,PB,2509909,Natuba,Total,Pública,0.0,0.0,0.0,0.0,0.0,0.0,0.0,0.7,1.0,0.4,0.0,0.2,0.0,0.0,0.0,,,0.0,100.0,100.0,100.0,99.3,97.3,99.0,96.9,98.5,99.0,98.4,99.4,99.0,92.6,96.2,100.0,,,95.5,0.0,0.0,0.0,0.7,2.7,1.0,3.1,0.8,0.0,1.2,0.6,0.8,7.4,3.8,0.0,,,4.5
2025,Nordeste,PB,2509909,Natuba,Urbana,Pública,0.0,0.0,0.0,0.0,0.0,0.0,0.0,0.9,1.2,0.6,0.0,0.4,0.0,0.0,0.0,,,0.0,100.0,100.0,100.0,100.0,100.0,98.7,97.1,98.1,98.8,98.2,100.0,99.0,92.6,96.2,100.0,,,95.5,0.0,0.0,0.0,0.0,0.0,1.3,2.9,1.0,0.0,1.2,0.0,0.6,7.4,3.8,0.0,,,4.5
2025,Nordeste,PB,2509909,Natuba,Rural,Pública,0.0,0.0,0.0,0.0,0.0,0.0,0.0,0.0,0.0,0.0,0.0,0.0,,,,,,,100.0,100.0,100.0,98.7,94.8,100.0,96.3,100.0,100.0,98.9,98.9,98.9,,,,,,,0.0,0.0,0.0,1.3,5.2,0.0,3.7,0.0,0.0,1.1,1.1,1.1,,,,,,
2025,Nordeste,PB,2510006,Nazarezinho,Total,Total,0.0,0.0,0.0,0.0,0.0,0.0,2.7,1.8,1.1,1.4,0.0,0.7,0.0,0.0,0.0,,,0.0,100.0,100.0,100.0,100.0,100.0,100.0,97.3,98.2,98.9,98.6,100.0,99.3,89.7,97.1,100.0,,,94.9,0.0,0.0,0.0,0.0,0.0,0.0,0.0,0.0,0.0,0.0,0.0,0.0,10.3,2.9,0.0,,,5.1
2025,Nordeste,PB,2510006,Nazarezinho,Urbana,Total,0.0,0.0,0.0,0.0,0.0,0.0,2.7,1.8,1.1,1.4,0.0,0.7,0.0,0.0,0.0,,,0.0,100.0,100.0,100.0,100.0,100.0,100.0,97.3,98.2,98.9,98.6,100.0,99.3,89.7,97.1,100.0,,,94.9,0.0,0.0,0.0,0.0,0.0,0.0,0.0,0.0,0.0,0.0,0.0,0.0,10.3,2.9,0.0,,,5.1
2025,Nordeste,PB,2510006,Nazarezinho,Total,Estadual,,,,,0.0,0.0,10.0,0.0,0.0,1.3,0.0,1.1,0.0,0.0,0.0,,,0.0,,,,,100.0,100.0,90.0,100.0,100.0,98.7,100.0,98.9,89.7,97.1,100.0,,,94.9,,,,,0.0,0.0,0.0,0.0,0.0,0.0,0.0,0.0,10.3,2.9,0.0,,,5.1
2025,Nordeste,PB,2510006,Nazarezinho,Urbana,Estadual,,,,,0.0,0.0,10.0,0.0,0.0,1.3,0.0,1.1,0.0,0.0,0.0,,,0.0,,,,,100.0,100.0,90.0,100.0,100.0,98.7,100.0,98.9,89.7,97.1,100.0,,,94.9,,,,,0.0,0.0,0.0,0.0,0.0,0.0,0.0,0.0,10.3,2.9,0.0,,,5.1
2025,Nordeste,PB,2510006,Nazarezinho,Total,Municipal,0.0,0.0,0.0,0.0,0.0,0.0,2.0,2.9,1.2,1.5,0.0,0.7,,,,,,,100.0,100.0,100.0,100.0,100.0,100.0,98.0,97.1,98.8,98.5,100.0,99.3,,,,,,,0.0,0.0,0.0,0.0,0.0,0.0,0.0,0.0,0.0,0.0,0.0,0.0,,,,,,
2025,Nordeste,PB,2510006,Nazarezinho,Urbana,Municipal,0.0,0.0,0.0,0.0,0.0,0.0,2.0,2.9,1.2,1.5,0.0,0.7,,,,,,,100.0,100.0,100.0,100.0,100.0,100.0,98.0,97.1,98.8,98.5,100.0,99.3,,,,,,,0.0,0.0,0.0,0.0,0.0,0.0,0.0,0.0,0.0,0.0,0.0,0.0,,,,,,
2025,Nordeste,PB,2510006,Nazarezinho,Total,Pública,0.0,0.0,0.0,0.0,0.0,0.0,2.7,1.8,1.1,1.4,0.0,0.7,0.0,0.0,0.0,,,0.0,100.0,100.0,100.0,100.0,100.0,100.0,97.3,98.2,98.9,98.6,100.0,99.3,89.7,97.1,100.0,,,94.9,0.0,0.0,0.0,0.0,0.0,0.0,0.0,0.0,0.0,0.0,0.0,0.0,10.3,2.9,0.0,,,5.1
2025,Nordeste,PB,2510006,Nazarezinho,Urbana,Pública,0.0,0.0,0.0,0.0,0.0,0.0,2.7,1.8,1.1,1.4,0.0,0.7,0.0,0.0,0.0,,,0.0,100.0,100.0,100.0,100.0,100.0,100.0,97.3,98.2,98.9,98.6,100.0,99.3,89.7,97.1,100.0,,,94.9,0.0,0.0,0.0,0.0,0.0,0.0,0.0,0.0,0.0,0.0,0.0,0.0,10.3,2.9,0.0,,,5.1
2025,Nordeste,PB,2510105,Nova Floresta,Total,Total,0.0,0.0,0.0,0.0,0.0,0.0,0.0,0.0,0.0,0.0,0.0,0.0,0.0,0.0,0.0,,,0.0,99.1,99.3,99.3,96.1,97.1,99.2,100.0,99.2,100.0,99.6,98.1,98.8,100.0,100.0,100.0,,,100.0,0.9,0.7,0.7,3.9,2.9,0.8,0.0,0.8,0.0,0.4,1.9,1.2,0.0,0.0,0.0,,,0.0
2025,Nordeste,PB,2510105,Nova Floresta,Urbana,Total,0.0,0.0,0.0,0.0,0.0,0.0,0.0,0.0,0.0,0.0,0.0,0.0,0.0,0.0,0.0,,,0.0,99.1,99.3,100.0,96.0,97.0,99.2,100.0,99.2,100.0,99.6,98.2,98.8,100.0,100.0,100.0,,,100.0,0.9,0.7,0.0,4.0,3.0,0.8,0.0,0.8,0.0,0.4,1.8,1.2,0.0,0.0,0.0,,,0.0
2025,Nordeste,PB,2510105,Nova Floresta,Rural,Total,0.0,0.0,0.0,0.0,0.0,,,,,,0.0,0.0,,,,,,,100.0,100.0,87.5,100.0,100.0,,,,,,96.0,96.0,,,,,,,0.0,0.0,12.5,0.0,0.0,,,,,,4.0,4.0,,,,,,
2025,Nordeste,PB,2510105,Nova Floresta,Total,Estadual,,,,,,,,,,,,,0.0,0.0,0.0,,,0.0,,,,,,,,,,,,,100.0,100.0,100.0,,,100.0,,,,,,,,,,,,,0.0,0.0,0.0,,,0.0
2025,Nordeste,PB,2510105,Nova Floresta,Urbana,Estadual,,,,,,,,,,,,,0.0,0.0,0.0,,,0.0,,,,,,,,,,,,,100.0,100.0,100.0,,,100.0,,,,,,,,,,,,,0.0,0.0,0.0,,,0.0
2025,Nordeste,PB,2510105,Nova Floresta,Total,Municipal,0.0,0.0,0.0,0.0,0.0,0.0,0.0,0.0,0.0,0.0,0.0,0.0,,,,,,,100.0,100.0,99.2,95.7,96.8,99.2,100.0,99.1,100.0,99.6,98.2,98.8,,,,,,,0.0,0.0,0.8,4.3,3.2,0.8,0.0,0.9,0.0,0.4,1.8,1.2,,,,,,
2025,Nordeste,PB,2510105,Nova Floresta,Urbana,Municipal,0.0,0.0,0.0,0.0,0.0,0.0,0.0,0.0,0.0,0.0,0.0,0.0,,,,,,,100.0,100.0,100.0,95.6,96.7,99.2,100.0,99.1,100.0,99.6,98.3,98.9,,,,,,,0.0,0.0,0.0,4.4,3.3,0.8,0.0,0.9,0.0,0.4,1.7,1.1,,,,,,
2025,Nordeste,PB,2510105,Nova Floresta,Rural,Municipal,0.0,0.0,0.0,0.0,0.0,,,,,,0.0,0.0,,,,,,,100.0,100.0,87.5,100.0,100.0,,,,,,96.0,96.0,,,,,,,0.0,0.0,12.5,0.0,0.0,,,,,,4.0,4.0,,,,,,
2025,Nordeste,PB,2510105,Nova Floresta,Total,Privada,0.0,0.0,0.0,0.0,0.0,0.0,0.0,0.0,0.0,0.0,0.0,0.0,,,,,,,96.2,95.0,100.0,100.0,100.0,100.0,100.0,100.0,100.0,100.0,97.7,98.3,,,,,,,3.8,5.0,0.0,0.0,0.0,0.0,0.0,0.0,0.0,0.0,2.3,1.7,,,,,,
2025,Nordeste,PB,2510105,Nova Floresta,Urbana,Privada,0.0,0.0,0.0,0.0,0.0,0.0,0.0,0.0,0.0,0.0,0.0,0.0,,,,,,,96.2,95.0,100.0,100.0,100.0,100.0,100.0,100.0,100.0,100.0,97.7,98.3,,,,,,,3.8,5.0,0.0,0.0,0.0,0.0,0.0,0.0,0.0,0.0,2.3,1.7,,,,,,
2025,Nordeste,PB,2510105,Nova Floresta,Total,Pública,0.0,0.0,0.0,0.0,0.0,0.0,0.0,0.0,0.0,0.0,0.0,0.0,0.0,0.0,0.0,,,0.0,100.0,100.0,99.2,95.7,96.8,99.2,100.0,99.1,100.0,99.6,98.2,98.8,100.0,100.0,100.0,,,100.0,0.0,0.0,0.8,4.3,3.2,0.8,0.0,0.9,0.0,0.4,1.8,1.2,0.0,0.0,0.0,,,0.0
2025,Nordeste,PB,2510105,Nova Floresta,Urbana,Pública,0.0,0.0,0.0,0.0,0.0,0.0,0.0,0.0,0.0,0.0,0.0,0.0,0.0,0.0,0.0,,,0.0,100.0,100.0,100.0,95.6,96.7,99.2,100.0,99.1,100.0,99.6,98.3,98.9,100.0,100.0,100.0,,,100.0,0.0,0.0,0.0,4.4,3.3,0.8,0.0,0.9,0.0,0.4,1.7,1.1,0.0,0.0,0.0,,,0.0
2025,Nordeste,PB,2510105,Nova Floresta,Rural,Pública,0.0,0.0,0.0,0.0,0.0,,,,,,0.0,0.0,,,,,,,100.0,100.0,87.5,100.0,100.0,,,,,,96.0,96.0,,,,,,,0.0,0.0,12.5,0.0,0.0,,,,,,4.0,4.0,,,,,,
2025,Nordeste,PB,2510204,Nova Olinda,Total,Total,0.0,0.0,0.0,0.0,0.0,3.1,4.0,0.0,0.0,1.9,0.0,0.9,1.3,0.0,1.9,,,1.1,100.0,100.0,93.4,96.0,96.1,84.5,87.0,96.3,98.8,91.2,96.9,94.2,98.7,95.5,98.1,,,97.7,0.0,0.0,6.6,4.0,3.9,12.4,9.0,3.7,1.2,6.9,3.1,4.9,0.0,4.5,0.0,,,1.2
2025,Nordeste,PB,2510204,Nova Olinda,Urbana,Total,0.0,0.0,0.0,0.0,0.0,3.7,4.7,0.0,0.0,2.3,0.0,1.2,1.3,0.0,1.9,,,1.1,100.0,100.0,91.5,95.1,98.0,81.7,86.0,95.6,98.5,89.8,96.6,93.0,98.7,95.5,98.1,,,97.7,0.0,0.0,8.5,4.9,2.0,14.6,9.3,4.4,1.5,7.9,3.4,5.8,0.0,4.5,0.0,,,1.2
2025,Nordeste,PB,2510204,Nova Olinda,Rural,Total,0.0,0.0,0.0,0.0,0.0,0.0,0.0,0.0,0.0,0.0,0.0,0.0,,,,,,,100.0,100.0,100.0,97.5,92.3,100.0,92.9,100.0,100.0,98.3,97.7,97.9,,,,,,,0.0,0.0,0.0,2.5,7.7,0.0,7.1,0.0,0.0,1.7,2.3,2.1,,,,,,
2025,Nordeste,PB,2510204,Nova Olinda,Total,Estadual,,,,,,,,0.0,0.0,0.0,,0.0,1.3,0.0,1.9,,,1.1,,,,,,,,100.0,100.0,100.0,,100.0,98.7,95.5,98.1,,,97.7,,,,,,,,0.0,0.0,0.0,,0.0,0.0,4.5,0.0,,,1.2
2025,Nordeste,PB,2510204,Nova Olinda,Urbana,Estadual,,,,,,,,0.0,0.0,0.0,,0.0,1.3,0.0,1.9,,,1.1,,,,,,,,100.0,100.0,100.0,,100.0,98.7,95.5,98.1,,,97.7,,,,,,,,0.0,0.0,0.0,,0.0,0.0,4.5,0.0,,,1.2
2025,Nordeste,PB,2510204,Nova Olinda,Total,Municipal,0.0,0.0,0.0,0.0,0.0,3.1,4.0,0.0,0.0,2.4,0.0,1.0,,,,,,,100.0,100.0,93.4,96.0,96.1,84.5,87.0,93.6,97.8,89.0,96.9,93.6,,,,,,,0.0,0.0,6.6,4.0,3.9,12.4,9.0,6.4,2.2,8.6,3.1,5.4,,,,,,
2025,Nordeste,PB,2510204,Nova Olinda,Urbana,Municipal,0.0,0.0,0.0,0.0,0.0,3.7,4.7,0.0,0.0,3.0,0.0,1.4,,,,,,,100.0,100.0,91.5,95.1,98.0,81.7,86.0,90.9,96.7,86.6,96.6,91.9,,,,,,,0.0,0.0,8.5,4.9,2.0,14.6,9.3,9.1,3.3,10.4,3.4,6.7,,,,,,
2025,Nordeste,PB,2510204,Nova Olinda,Rural,Municipal,0.0,0.0,0.0,0.0,0.0,0.0,0.0,0.0,0.0,0.0,0.0,0.0,,,,,,,100.0,100.0,100.0,97.5,92.3,100.0,92.9,100.0,100.0,98.3,97.7,97.9,,,,,,,0.0,0.0,0.0,2.5,7.7,0.0,7.1,0.0,0.0,1.7,2.3,2.1,,,,,,
2025,Nordeste,PB,2510204,Nova Olinda,Total,Pública,0.0,0.0,0.0,0.0,0.0,3.1,4.0,0.0,0.0,1.9,0.0,0.9,1.3,0.0,1.9,,,1.1,100.0,100.0,93.4,96.0,96.1,84.5,87.0,96.3,98.8,91.2,96.9,94.2,98.7,95.5,98.1,,,97.7,0.0,0.0,6.6,4.0,3.9,12.4,9.0,3.7,1.2,6.9,3.1,4.9,0.0,4.5,0.0,,,1.2
2025,Nordeste,PB,2510204,Nova Olinda,Urbana,Pública,0.0,0.0,0.0,0.0,0.0,3.7,4.7,0.0,0.0,2.3,0.0,1.2,1.3,0.0,1.9,,,1.1,100.0,100.0,91.5,95.1,98.0,81.7,86.0,95.6,98.5,89.8,96.6,93.0,98.7,95.5,98.1,,,97.7,0.0,0.0,8.5,4.9,2.0,14.6,9.3,4.4,1.5,7.9,3.4,5.8,0.0,4.5,0.0,,,1.2
2025,Nordeste,PB,2510204,Nova Olinda,Rural,Pública,0.0,0.0,0.0,0.0,0.0,0.0,0.0,0.0,0.0,0.0,0.0,0.0,,,,,,,100.0,100.0,100.0,97.5,92.3,100.0,92.9,100.0,100.0,98.3,97.7,97.9,,,,,,,0.0,0.0,0.0,2.5,7.7,0.0,7.1,0.0,0.0,1.7,2.3,2.1,,,,,,
2025,Nordeste,PB,2510303,Nova Palmeira,Total,Total,0.0,0.0,0.0,0.0,0.0,0.0,0.0,0.0,0.0,0.0,0.0,0.0,0.0,0.0,0.0,,,0.0,100.0,100.0,100.0,100.0,100.0,100.0,96.5,100.0,100.0,99.0,100.0,99.5,100.0,100.0,100.0,,,100.0,0.0,0.0,0.0,0.0,0.0,0.0,3.5,0.0,0.0,1.0,0.0,0.5,0.0,0.0,0.0,,,0.0
2025,Nordeste,PB,2510303,Nova Palmeira,Urbana,Total,0.0,0.0,0.0,0.0,0.0,0.0,0.0,0.0,0.0,0.0,0.0,0.0,0.0,0.0,0.0,,,0.0,100.0,100.0,100.0,100.0,100.0,100.0,96.5,100.0,100.0,99.0,100.0,99.5,100.0,100.0,100.0,,,100.0,0.0,0.0,0.0,0.0,0.0,0.0,3.5,0.0,0.0,1.0,0.0,0.5,0.0,0.0,0.0,,,0.0
2025,Nordeste,PB,2510303,Nova Palmeira,Total,Estadual,,,,,,,,,,,,,0.0,0.0,0.0,,,0.0,,,,,,,,,,,,,100.0,100.0,100.0,,,100.0,,,,,,,,,,,,,0.0,0.0,0.0,,,0.0
2025,Nordeste,PB,2510303,Nova Palmeira,Urbana,Estadual,,,,,,,,,,,,,0.0,0.0,0.0,,,0.0,,,,,,,,,,,,,100.0,100.0,100.0,,,100.0,,,,,,,,,,,,,0.0,0.0,0.0,,,0.0
2025,Nordeste,PB,2510303,Nova Palmeira,Total,Municipal,0.0,0.0,0.0,0.0,0.0,0.0,0.0,0.0,0.0,0.0,0.0,0.0,,,,,,,100.0,100.0,100.0,100.0,100.0,100.0,96.5,100.0,100.0,99.0,100.0,99.5,,,,,,,0.0,0.0,0.0,0.0,0.0,0.0,3.5,0.0,0.0,1.0,0.0,0.5,,,,,,
2025,Nordeste,PB,2510303,Nova Palmeira,Urbana,Municipal,0.0,0.0,0.0,0.0,0.0,0.0,0.0,0.0,0.0,0.0,0.0,0.0,,,,,,,100.0,100.0,100.0,100.0,100.0,100.0,96.5,100.0,100.0,99.0,100.0,99.5,,,,,,,0.0,0.0,0.0,0.0,0.0,0.0,3.5,0.0,0.0,1.0,0.0,0.5,,,,,,
2025,Nordeste,PB,2510303,Nova Palmeira,Total,Pública,0.0,0.0,0.0,0.0,0.0,0.0,0.0,0.0,0.0,0.0,0.0,0.0,0.0,0.0,0.0,,,0.0,100.0,100.0,100.0,100.0,100.0,100.0,96.5,100.0,100.0,99.0,100.0,99.5,100.0,100.0,100.0,,,100.0,0.0,0.0,0.0,0.0,0.0,0.0,3.5,0.0,0.0,1.0,0.0,0.5,0.0,0.0,0.0,,,0.0
2025,Nordeste,PB,2510303,Nova Palmeira,Urbana,Pública,0.0,0.0,0.0,0.0,0.0,0.0,0.0,0.0,0.0,0.0,0.0,0.0,0.0,0.0,0.0,,,0.0,100.0,100.0,100.0,100.0,100.0,100.0,96.5,100.0,100.0,99.0,100.0,99.5,100.0,100.0,100.0,,,100.0,0.0,0.0,0.0,0.0,0.0,0.0,3.5,0.0,0.0,1.0,0.0,0.5,0.0,0.0,0.0,,,0.0
2025,Nordeste,PB,2510402,Olho d'Água,Total,Total,0.0,0.0,0.0,0.0,0.0,0.0,0.0,0.0,0.0,0.0,0.0,0.0,10.9,4.9,0.0,,,5.7,100.0,100.0,91.1,89.5,95.8,77.4,87.6,87.5,100.0,87.9,95.4,91.9,81.9,90.3,100.0,,,90.0,0.0,0.0,8.9,10.5,4.2,22.6,12.4,12.5,0.0,12.1,4.6,8.1,7.2,4.8,0.0,,,4.3
2025,Nordeste,PB,2510402,Olho d'Água,Urbana,Total,0.0,0.0,0.0,0.0,0.0,0.0,0.0,0.0,0.0,0.0,0.0,0.0,10.9,4.9,0.0,,,5.7,100.0,100.0,95.9,93.6,97.9,80.5,91.5,88.2,100.0,89.8,97.4,93.2,81.9,90.3,100.0,,,90.0,0.0,0.0,4.1,6.4,2.1,19.5,8.5,11.8,0.0,10.2,2.6,6.8,7.2,4.8,0.0,,,4.3
2025,Nordeste,PB,2510402,Olho d'Água,Rural,Total,0.0,0.0,0.0,0.0,0.0,0.0,0.0,0.0,0.0,0.0,0.0,0.0,,,,,,,100.0,100.0,83.3,82.8,92.0,42.9,66.7,83.3,100.0,76.6,92.2,88.6,,,,,,,0.0,0.0,16.7,17.2,8.0,57.1,33.3,16.7,0.0,23.4,7.8,11.4,,,,,,
2025,Nordeste,PB,2510402,Olho d'Água,Total,Estadual,,,0.0,0.0,0.0,,,,,,0.0,0.0,10.9,4.9,0.0,,,5.7,,,100.0,100.0,100.0,,,,,,100.0,100.0,81.9,90.3,100.0,,,90.0,,,0.0,0.0,0.0,,,,,,0.0,0.0,7.2,4.8,0.0,,,4.3
2025,Nordeste,PB,2510402,Olho d'Água,Urbana,Estadual,,,0.0,0.0,0.0,,,,,,0.0,0.0,10.9,4.9,0.0,,,5.7,,,100.0,100.0,100.0,,,,,,100.0,100.0,81.9,90.3,100.0,,,90.0,,,0.0,0.0,0.0,,,,,,0.0,0.0,7.2,4.8,0.0,,,4.3
2025,Nordeste,PB,2510402,Olho d'Água,Total,Municipal,0.0,0.0,0.0,0.0,0.0,0.0,0.0,0.0,0.0,0.0,0.0,0.0,,,,,,,100.0,100.0,87.9,86.9,94.1,77.4,87.6,87.5,100.0,87.9,94.6,91.2,,,,,,,0.0,0.0,12.1,13.1,5.9,22.6,12.4,12.5,0.0,12.1,5.4,8.8,,,,,,
2025,Nordeste,PB,2510402,Olho d'Água,Urbana,Municipal,0.0,0.0,0.0,0.0,0.0,0.0,0.0,0.0,0.0,0.0,0.0,0.0,,,,,,,100.0,100.0,92.9,90.6,96.2,80.5,91.5,88.2,100.0,89.8,96.6,92.4,,,,,,,0.0,0.0,7.1,9.4,3.8,19.5,8.5,11.8,0.0,10.2,3.4,7.6,,,,,,
2025,Nordeste,PB,2510402,Olho d'Água,Rural,Municipal,0.0,0.0,0.0,0.0,0.0,0.0,0.0,0.0,0.0,0.0,0.0,0.0,,,,,,,100.0,100.0,83.3,82.8,92.0,42.9,66.7,83.3,100.0,76.6,92.2,88.6,,,,,,,0.0,0.0,16.7,17.2,8.0,57.1,33.3,16.7,0.0,23.4,7.8,11.4,,,,,,
2025,Nordeste,PB,2510402,Olho d'Água,Total,Pública,0.0,0.0,0.0,0.0,0.0,0.0,0.0,0.0,0.0,0.0,0.0,0.0,10.9,4.9,0.0,,,5.7,100.0,100.0,91.1,89.5,95.8,77.4,87.6,87.5,100.0,87.9,95.4,91.9,81.9,90.3,100.0,,,90.0,0.0,0.0,8.9,10.5,4.2,22.6,12.4,12.5,0.0,12.1,4.6,8.1,7.2,4.8,0.0,,,4.3
2025,Nordeste,PB,2510402,Olho d'Água,Urbana,Pública,0.0,0.0,0.0,0.0,0.0,0.0,0.0,0.0,0.0,0.0,0.0,0.0,10.9,4.9,0.0,,,5.7,100.0,100.0,95.9,93.6,97.9,80.5,91.5,88.2,100.0,89.8,97.4,93.2,81.9,90.3,100.0,,,90.0,0.0,0.0,4.1,6.4,2.1,19.5,8.5,11.8,0.0,10.2,2.6,6.8,7.2,4.8,0.0,,,4.3
2025,Nordeste,PB,2510402,Olho d'Água,Rural,Pública,0.0,0.0,0.0,0.0,0.0,0.0,0.0,0.0,0.0,0.0,0.0,0.0,,,,,,,100.0,100.0,83.3,82.8,92.0,42.9,66.7,83.3,100.0,76.6,92.2,88.6,,,,,,,0.0,0.0,16.7,17.2,8.0,57.1,33.3,16.7,0.0,23.4,7.8,11.4,,,,,,
2025,Nordeste,PB,2510501,Olivedos,Total,Total,0.0,0.0,0.0,0.0,0.0,0.0,0.0,0.0,0.0,0.0,0.0,0.0,4.7,4.7,0.0,,,3.3,100.0,100.0,100.0,100.0,100.0,98.3,100.0,100.0,100.0,99.5,100.0,99.8,95.3,95.3,100.0,,,96.7,0.0,0.0,0.0,0.0,0.0,1.7,0.0,0.0,0.0,0.5,0.0,0.2,0.0,0.0,0.0,,,0.0
2025,Nordeste,PB,2510501,Olivedos,Urbana,Total,0.0,0.0,0.0,0.0,0.0,0.0,0.0,0.0,0.0,0.0,0.0,0.0,4.7,4.7,0.0,,,3.3,100.0,100.0,100.0,100.0,100.0,98.3,100.0,100.0,100.0,99.5,100.0,99.8,95.3,95.3,100.0,,,96.7,0.0,0.0,0.0,0.0,0.0,1.7,0.0,0.0,0.0,0.5,0.0,0.2,0.0,0.0,0.0,,,0.0
2025,Nordeste,PB,2510501,Olivedos,Total,Estadual,,,,,,,,,,,,,4.7,4.7,0.0,,,3.3,,,,,,,,,,,,,95.3,95.3,100.0,,,96.7,,,,,,,,,,,,,0.0,0.0,0.0,,,0.0
2025,Nordeste,PB,2510501,Olivedos,Urbana,Estadual,,,,,,,,,,,,,4.7,4.7,0.0,,,3.3,,,,,,,,,,,,,95.3,95.3,100.0,,,96.7,,,,,,,,,,,,,0.0,0.0,0.0,,,0.0
2025,Nordeste,PB,2510501,Olivedos,Total,Municipal,0.0,0.0,0.0,0.0,0.0,0.0,0.0,0.0,0.0,0.0,0.0,0.0,,,,,,,100.0,100.0,100.0,100.0,100.0,98.3,100.0,100.0,100.0,99.5,100.0,99.8,,,,,,,0.0,0.0,0.0,0.0,0.0,1.7,0.0,0.0,0.0,0.5,0.0,0.2,,,,,,
2025,Nordeste,PB,2510501,Olivedos,Urbana,Municipal,0.0,0.0,0.0,0.0,0.0,0.0,0.0,0.0,0.0,0.0,0.0,0.0,,,,,,,100.0,100.0,100.0,100.0,100.0,98.3,100.0,100.0,100.0,99.5,100.0,99.8,,,,,,,0.0,0.0,0.0,0.0,0.0,1.7,0.0,0.0,0.0,0.5,0.0,0.2,,,,,,
2025,Nordeste,PB,2510501,Olivedos,Total,Pública,0.0,0.0,0.0,0.0,0.0,0.0,0.0,0.0,0.0,0.0,0.0,0.0,4.7,4.7,0.0,,,3.3,100.0,100.0,100.0,100.0,100.0,98.3,100.0,100.0,100.0,99.5,100.0,99.8,95.3,95.3,100.0,,,96.7,0.0,0.0,0.0,0.0,0.0,1.7,0.0,0.0,0.0,0.5,0.0,0.2,0.0,0.0,0.0,,,0.0
2025,Nordeste,PB,2510501,Olivedos,Urbana,Pública,0.0,0.0,0.0,0.0,0.0,0.0,0.0,0.0,0.0,0.0,0.0,0.0,4.7,4.7,0.0,,,3.3,100.0,100.0,100.0,100.0,100.0,98.3,100.0,100.0,100.0,99.5,100.0,99.8,95.3,95.3,100.0,,,96.7,0.0,0.0,0.0,0.0,0.0,1.7,0.0,0.0,0.0,0.5,0.0,0.2,0.0,0.0,0.0,,,0.0
2025,Nordeste,PB,2510600,Ouro Velho,Total,Total,0.0,0.0,0.0,0.0,0.0,0.0,0.0,0.0,0.0,0.0,0.0,0.0,0.0,0.0,0.0,,,0.0,100.0,100.0,100.0,100.0,97.0,100.0,100.0,100.0,100.0,100.0,99.4,99.7,97.6,94.7,100.0,,,97.3,0.0,0.0,0.0,0.0,3.0,0.0,0.0,0.0,0.0,0.0,0.6,0.3,2.4,5.3,0.0,,,2.7
2025,Nordeste,PB,2510600,Ouro Velho,Urbana,Total,0.0,0.0,0.0,0.0,0.0,0.0,0.0,0.0,0.0,0.0,0.0,0.0,0.0,0.0,0.0,,,0.0,100.0,100.0,100.0,100.0,100.0,100.0,100.0,100.0,100.0,100.0,100.0,100.0,97.6,94.7,100.0,,,97.3,0.0,0.0,0.0,0.0,0.0,0.0,0.0,0.0,0.0,0.0,0.0,0.0,2.4,5.3,0.0,,,2.7
2025,Nordeste,PB,2510600,Ouro Velho,Rural,Total,0.0,0.0,0.0,0.0,0.0,,,,,,0.0,0.0,,,,,,,100.0,100.0,100.0,100.0,75.0,,,,,,94.4,94.4,,,,,,,0.0,0.0,0.0,0.0,25.0,,,,,,5.6,5.6,,,,,,
2025,Nordeste,PB,2510600,Ouro Velho,Total,Estadual,,,,,,,,,,,,,0.0,0.0,0.0,,,0.0,,,,,,,,,,,,,97.6,94.7,100.0,,,97.3,,,,,,,,,,,,,2.4,5.3,0.0,,,2.7
2025,Nordeste,PB,2510600,Ouro Velho,Urbana,Estadual,,,,,,,,,,,,,0.0,0.0,0.0,,,0.0,,,,,,,,,,,,,97.6,94.7,100.0,,,97.3,,,,,,,,,,,,,2.4,5.3,0.0,,,2.7
2025,Nordeste,PB,2510600,Ouro Velho,Total,Municipal,0.0,0.0,0.0,0.0,0.0,0.0,0.0,0.0,0.0,0.0,0.0,0.0,,,,,,,100.0,100.0,100.0,100.0,97.0,100.0,100.0,100.0,100.0,100.0,99.4,99.7,,,,,,,0.0,0.0,0.0,0.0,3.0,0.0,0.0,0.0,0.0,0.0,0.6,0.3,,,,,,
2025,Nordeste,PB,2510600,Ouro Velho,Urbana,Municipal,0.0,0.0,0.0,0.0,0.0,0.0,0.0,0.0,0.0,0.0,0.0,0.0,,,,,,,100.0,100.0,100.0,100.0,100.0,100.0,100.0,100.0,100.0,100.0,100.0,100.0,,,,,,,0.0,0.0,0.0,0.0,0.0,0.0,0.0,0.0,0.0,0.0,0.0,0.0,,,,,,
2025,Nordeste,PB,2510600,Ouro Velho,Rural,Municipal,0.0,0.0,0.0,0.0,0.0,,,,,,0.0,0.0,,,,,,,100.0,100.0,100.0,100.0,75.0,,,,,,94.4,94.4,,,,,,,0.0,0.0,0.0,0.0,25.0,,,,,,5.6,5.6,,,,,,
2025,Nordeste,PB,2510600,Ouro Velho,Total,Pública,0.0,0.0,0.0,0.0,0.0,0.0,0.0,0.0,0.0,0.0,0.0,0.0,0.0,0.0,0.0,,,0.0,100.0,100.0,100.0,100.0,97.0,100.0,100.0,100.0,100.0,100.0,99.4,99.7,97.6,94.7,100.0,,,97.3,0.0,0.0,0.0,0.0,3.0,0.0,0.0,0.0,0.0,0.0,0.6,0.3,2.4,5.3,0.0,,,2.7
2025,Nordeste,PB,2510600,Ouro Velho,Urbana,Pública,0.0,0.0,0.0,0.0,0.0,0.0,0.0,0.0,0.0,0.0,0.0,0.0,0.0,0.0,0.0,,,0.0,100.0,100.0,100.0,100.0,100.0,100.0,100.0,100.0,100.0,100.0,100.0,100.0,97.6,94.7,100.0,,,97.3,0.0,0.0,0.0,0.0,0.0,0.0,0.0,0.0,0.0,0.0,0.0,0.0,2.4,5.3,0.0,,,2.7
2025,Nordeste,PB,2510600,Ouro Velho,Rural,Pública,0.0,0.0,0.0,0.0,0.0,,,,,,0.0,0.0,,,,,,,100.0,100.0,100.0,100.0,75.0,,,,,,94.4,94.4,,,,,,,0.0,0.0,0.0,0.0,25.0,,,,,,5.6,5.6,,,,,,
2025,Nordeste,PB,2510659,Parari,Total,Total,0.0,0.0,0.0,0.0,0.0,0.0,0.0,0.0,5.0,1.1,0.0,0.5,0.0,0.0,0.0,,,0.0,100.0,100.0,100.0,100.0,100.0,100.0,96.7,94.7,95.0,96.8,100.0,98.5,96.0,100.0,100.0,,,98.4,0.0,0.0,0.0,0.0,0.0,0.0,3.3,5.3,0.0,2.1,0.0,1.0,4.0,0.0,0.0,,,1.6
2025,Nordeste,PB,2510659,Parari,Urbana,Total,0.0,0.0,0.0,0.0,0.0,0.0,0.0,0.0,5.0,1.1,0.0,0.6,0.0,0.0,0.0,,,0.0,100.0,100.0,100.0,100.0,100.0,100.0,96.7,94.7,95.0,96.8,100.0,98.3,96.0,100.0,100.0,,,98.4,0.0,0.0,0.0,0.0,0.0,0.0,3.3,5.3,0.0,2.1,0.0,1.1,4.0,0.0,0.0,,,1.6
2025,Nordeste,PB,2510659,Parari,Rural,Total,0.0,0.0,0.0,0.0,0.0,,,,,,0.0,0.0,,,,,,,100.0,100.0,100.0,100.0,100.0,,,,,,100.0,100.0,,,,,,,0.0,0.0,0.0,0.0,0.0,,,,,,0.0,0.0,,,,,,
2025,Nordeste,PB,2510659,Parari,Total,Estadual,,,,,,,,0.0,5.0,2.5,,2.5,0.0,0.0,0.0,,,0.0,,,,,,,,94.7,95.0,94.9,,94.9,96.0,100.0,100.0,,,98.4,,,,,,,,5.3,0.0,2.6,,2.6,4.0,0.0,0.0,,,1.6
2025,Nordeste,PB,2510659,Parari,Urbana,Estadual,,,,,,,,0.0,5.0,2.5,,2.5,0.0,0.0,0.0,,,0.0,,,,,,,,94.7,95.0,94.9,,94.9,96.0,100.0,100.0,,,98.4,,,,,,,,5.3,0.0,2.6,,2.6,4.0,0.0,0.0,,,1.6
2025,Nordeste,PB,2510659,Parari,Total,Municipal,0.0,0.0,0.0,0.0,0.0,0.0,0.0,,,0.0,0.0,0.0,,,,,,,100.0,100.0,100.0,100.0,100.0,100.0,96.7,,,98.2,100.0,99.4,,,,,,,0.0,0.0,0.0,0.0,0.0,0.0,3.3,,,1.8,0.0,0.6,,,,,,
2025,Nordeste,PB,2510659,Parari,Urbana,Municipal,0.0,0.0,0.0,0.0,0.0,0.0,0.0,,,0.0,0.0,0.0,,,,,,,100.0,100.0,100.0,100.0,100.0,100.0,96.7,,,98.2,100.0,99.3,,,,,,,0.0,0.0,0.0,0.0,0.0,0.0,3.3,,,1.8,0.0,0.7,,,,,,
2025,Nordeste,PB,2510659,Parari,Rural,Municipal,0.0,0.0,0.0,0.0,0.0,,,,,,0.0,0.0,,,,,,,100.0,100.0,100.0,100.0,100.0,,,,,,100.0,100.0,,,,,,,0.0,0.0,0.0,0.0,0.0,,,,,,0.0,0.0,,,,,,
2025,Nordeste,PB,2510659,Parari,Total,Pública,0.0,0.0,0.0,0.0,0.0,0.0,0.0,0.0,5.0,1.1,0.0,0.5,0.0,0.0,0.0,,,0.0,100.0,100.0,100.0,100.0,100.0,100.0,96.7,94.7,95.0,96.8,100.0,98.5,96.0,100.0,100.0,,,98.4,0.0,0.0,0.0,0.0,0.0,0.0,3.3,5.3,0.0,2.1,0.0,1.0,4.0,0.0,0.0,,,1.6
2025,Nordeste,PB,2510659,Parari,Urbana,Pública,0.0,0.0,0.0,0.0,0.0,0.0,0.0,0.0,5.0,1.1,0.0,0.6,0.0,0.0,0.0,,,0.0,100.0,100.0,100.0,100.0,100.0,100.0,96.7,94.7,95.0,96.8,100.0,98.3,96.0,100.0,100.0,,,98.4,0.0,0.0,0.0,0.0,0.0,0.0,3.3,5.3,0.0,2.1,0.0,1.1,4.0,0.0,0.0,,,1.6
2025,Nordeste,PB,2510659,Parari,Rural,Pública,0.0,0.0,0.0,0.0,0.0,,,,,,0.0,0.0,,,,,,,100.0,100.0,100.0,100.0,100.0,,,,,,100.0,100.0,,,,,,,0.0,0.0,0.0,0.0,0.0,,,,,,0.0,0.0,,,,,,
2025,Nordeste,PB,2510709,Passagem,Total,Total,0.0,0.0,0.0,0.0,0.0,0.0,0.0,0.0,0.0,0.0,0.0,0.0,0.0,2.9,0.0,,,1.2,100.0,100.0,100.0,94.3,100.0,95.2,91.7,94.3,93.9,93.8,98.8,96.5,100.0,97.1,100.0,,,98.8,0.0,0.0,0.0,5.7,0.0,4.8,8.3,5.7,6.1,6.2,1.2,3.5,0.0,0.0,0.0,,,0.0
2025,Nordeste,PB,2510709,Passagem,Urbana,Total,0.0,0.0,0.0,0.0,0.0,0.0,0.0,0.0,0.0,0.0,0.0,0.0,0.0,2.9,0.0,,,1.2,100.0,100.0,100.0,90.5,100.0,95.2,91.7,94.3,93.9,93.8,98.3,95.8,100.0,97.1,100.0,,,98.8,0.0,0.0,0.0,9.5,0.0,4.8,8.3,5.7,6.1,6.2,1.7,4.2,0.0,0.0,0.0,,,0.0
2025,Nordeste,PB,2510709,Passagem,Rural,Total,0.0,0.0,,0.0,0.0,,,,,,0.0,0.0,,,,,,,100.0,100.0,,100.0,100.0,,,,,,100.0,100.0,,,,,,,0.0,0.0,,0.0,0.0,,,,,,0.0,0.0,,,,,,
2025,Nordeste,PB,2510709,Passagem,Total,Estadual,,,,,,,,,,,,,0.0,2.9,0.0,,,1.2,,,,,,,,,,,,,100.0,97.1,100.0,,,98.8,,,,,,,,,,,,,0.0,0.0,0.0,,,0.0
2025,Nordeste,PB,2510709,Passagem,Urbana,Estadual,,,,,,,,,,,,,0.0,2.9,0.0,,,1.2,,,,,,,,,,,,,100.0,97.1,100.0,,,98.8,,,,,,,,,,,,,0.0,0.0,0.0,,,0.0
2025,Nordeste,PB,2510709,Passagem,Total,Municipal,0.0,0.0,0.0,0.0,0.0,0.0,0.0,0.0,0.0,0.0,0.0,0.0,,,,,,,100.0,100.0,100.0,94.3,100.0,95.2,91.7,94.3,93.9,93.8,98.8,96.5,,,,,,,0.0,0.0,0.0,5.7,0.0,4.8,8.3,5.7,6.1,6.2,1.2,3.5,,,,,,
2025,Nordeste,PB,2510709,Passagem,Urbana,Municipal,0.0,0.0,0.0,0.0,0.0,0.0,0.0,0.0,0.0,0.0,0.0,0.0,,,,,,,100.0,100.0,100.0,90.5,100.0,95.2,91.7,94.3,93.9,93.8,98.3,95.8,,,,,,,0.0,0.0,0.0,9.5,0.0,4.8,8.3,5.7,6.1,6.2,1.7,4.2,,,,,,
2025,Nordeste,PB,2510709,Passagem,Rural,Municipal,0.0,0.0,,0.0,0.0,,,,,,0.0,0.0,,,,,,,100.0,100.0,,100.0,100.0,,,,,,100.0,100.0,,,,,,,0.0,0.0,,0.0,0.0,,,,,,0.0,0.0,,,,,,
2025,Nordeste,PB,2510709,Passagem,Total,Pública,0.0,0.0,0.0,0.0,0.0,0.0,0.0,0.0,0.0,0.0,0.0,0.0,0.0,2.9,0.0,,,1.2,100.0,100.0,100.0,94.3,100.0,95.2,91.7,94.3,93.9,93.8,98.8,96.5,100.0,97.1,100.0,,,98.8,0.0,0.0,0.0,5.7,0.0,4.8,8.3,5.7,6.1,6.2,1.2,3.5,0.0,0.0,0.0,,,0.0
2025,Nordeste,PB,2510709,Passagem,Urbana,Pública,0.0,0.0,0.0,0.0,0.0,0.0,0.0,0.0,0.0,0.0,0.0,0.0,0.0,2.9,0.0,,,1.2,100.0,100.0,100.0,90.5,100.0,95.2,91.7,94.3,93.9,93.8,98.3,95.8,100.0,97.1,100.0,,,98.8,0.0,0.0,0.0,9.5,0.0,4.8,8.3,5.7,6.1,6.2,1.7,4.2,0.0,0.0,0.0,,,0.0
2025,Nordeste,PB,2510709,Passagem,Rural,Pública,0.0,0.0,,0.0,0.0,,,,,,0.0,0.0,,,,,,,100.0,100.0,,100.0,100.0,,,,,,100.0,100.0,,,,,,,0.0,0.0,,0.0,0.0,,,,,,0.0,0.0,,,,,,
2025,Nordeste,PB,2510808,Patos,Total,Total,0.0,0.0,0.0,0.0,0.0,0.0,0.2,0.5,0.3,0.2,0.0,0.1,1.6,1.3,0.3,,,1.2,99.9,100.0,100.0,99.9,100.0,98.1,98.3,97.9,99.6,98.5,100.0,99.3,95.2,98.0,99.3,,,97.2,0.1,0.0,0.0,0.1,0.0,1.9,1.5,1.6,0.1,1.3,0.0,0.6,3.2,0.7,0.4,,,1.6
2025,Nordeste,PB,2510808,Patos,Urbana,Total,0.0,0.0,0.0,0.0,0.0,0.0,0.1,0.5,0.3,0.3,0.0,0.1,1.6,1.3,0.3,,,1.2,99.9,100.0,100.0,99.9,100.0,98.0,98.3,97.9,99.6,98.4,100.0,99.3,95.2,98.0,99.3,,,97.2,0.1,0.0,0.0,0.1,0.0,2.0,1.6,1.6,0.1,1.3,0.0,0.6,3.2,0.7,0.4,,,1.6
2025,Nordeste,PB,2510808,Patos,Rural,Total,0.0,0.0,0.0,0.0,0.0,0.0,0.0,0.0,0.0,0.0,0.0,0.0,,,,,,,100.0,100.0,100.0,100.0,100.0,100.0,100.0,100.0,100.0,100.0,100.0,100.0,,,,,,,0.0,0.0,0.0,0.0,0.0,0.0,0.0,0.0,0.0,0.0,0.0,0.0,,,,,,
2025,Nordeste,PB,2510808,Patos,Total,Federal,,,,,,,,,,,,,0.7,0.0,0.0,,,0.5,,,,,,,,,,,,,96.9,97.1,100.0,,,97.5,,,,,,,,,,,,,2.4,2.9,0.0,,,2.0
2025,Nordeste,PB,2510808,Patos,Urbana,Federal,,,,,,,,,,,,,0.7,0.0,0.0,,,0.5,,,,,,,,,,,,,96.9,97.1,100.0,,,97.5,,,,,,,,,,,,,2.4,2.9,0.0,,,2.0
2025,Nordeste,PB,2510808,Patos,Total,Estadual,,,,,,,1.3,3.0,2.0,2.3,,2.3,2.2,1.8,0.5,,,1.6,,,,,,,98.7,96.6,98.0,97.5,,97.5,94.3,98.0,98.9,,,96.8,,,,,,,0.0,0.4,0.0,0.2,,0.2,3.5,0.2,0.6,,,1.6
2025,Nordeste,PB,2510808,Patos,Urbana,Estadual,,,,,,,1.3,3.0,2.0,2.3,,2.3,2.2,1.8,0.5,,,1.6,,,,,,,98.7,96.6,98.0,97.5,,97.5,94.3,98.0,98.9,,,96.8,,,,,,,0.0,0.4,0.0,0.2,,0.2,3.5,0.2,0.6,,,1.6
2025,Nordeste,PB,2510808,Patos,Total,Municipal,0.0,0.0,0.0,0.0,0.0,0.0,0.0,0.0,0.0,0.0,0.0,0.0,,,,,,,100.0,100.0,100.0,100.0,100.0,97.3,98.0,97.3,99.9,98.0,100.0,99.2,,,,,,,0.0,0.0,0.0,0.0,0.0,2.7,2.0,2.7,0.1,2.0,0.0,0.8,,,,,,
2025,Nordeste,PB,2510808,Patos,Urbana,Municipal,0.0,0.0,0.0,0.0,0.0,0.0,0.0,0.0,0.0,0.0,0.0,0.0,,,,,,,100.0,100.0,100.0,100.0,100.0,97.2,97.9,97.2,99.8,97.9,100.0,99.1,,,,,,,0.0,0.0,0.0,0.0,0.0,2.8,2.1,2.8,0.2,2.1,0.0,0.9,,,,,,
2025,Nordeste,PB,2510808,Patos,Rural,Municipal,0.0,0.0,0.0,0.0,0.0,0.0,0.0,0.0,0.0,0.0,0.0,0.0,,,,,,,100.0,100.0,100.0,100.0,100.0,100.0,100.0,100.0,100.0,100.0,100.0,100.0,,,,,,,0.0,0.0,0.0,0.0,0.0,0.0,0.0,0.0,0.0,0.0,0.0,0.0,,,,,,
2025,Nordeste,PB,2510808,Patos,Total,Privada,0.0,0.0,0.0,0.0,0.0,0.0,0.2,0.0,0.0,0.0,0.0,0.0,0.0,0.3,0.0,,,0.1,99.6,100.0,100.0,99.8,100.0,99.8,98.9,99.6,100.0,99.6,99.9,99.8,97.0,98.2,100.0,,,98.4,0.4,0.0,0.0,0.2,0.0,0.2,0.9,0.4,0.0,0.4,0.1,0.2,3.0,1.5,0.0,,,1.5
2025,Nordeste,PB,2510808,Patos,Urbana,Privada,0.0,0.0,0.0,0.0,0.0,0.0,0.2,0.0,0.0,0.0,0.0,0.0,0.0,0.3,0.0,,,0.1,99.6,100.0,100.0,99.8,100.0,99.8,98.9,99.6,100.0,99.6,99.9,99.8,97.0,98.2,100.0,,,98.4,0.4,0.0,0.0,0.2,0.0,0.2,0.9,0.4,0.0,0.4,0.1,0.2,3.0,1.5,0.0,,,1.5
2025,Nordeste,PB,2510808,Patos,Total,Pública,0.0,0.0,0.0,0.0,0.0,0.0,0.1,0.7,0.5,0.3,0.0,0.1,1.9,1.7,0.4,,,1.4,100.0,100.0,100.0,100.0,100.0,97.3,98.1,97.1,99.4,97.9,100.0,99.1,94.8,97.9,99.0,,,96.9,0.0,0.0,0.0,0.0,0.0,2.7,1.8,2.2,0.1,1.8,0.0,0.8,3.3,0.4,0.6,,,1.7
2025,Nordeste,PB,2510808,Patos,Urbana,Pública,0.0,0.0,0.0,0.0,0.0,0.0,0.1,0.7,0.6,0.3,0.0,0.2,1.9,1.7,0.4,,,1.4,100.0,100.0,100.0,100.0,100.0,97.2,98.0,97.0,99.3,97.9,100.0,99.0,94.8,97.9,99.0,,,96.9,0.0,0.0,0.0,0.0,0.0,2.8,1.9,2.3,0.1,1.8,0.0,0.8,3.3,0.4,0.6,,,1.7
2025,Nordeste,PB,2510808,Patos,Rural,Pública,0.0,0.0,0.0,0.0,0.0,0.0,0.0,0.0,0.0,0.0,0.0,0.0,,,,,,,100.0,100.0,100.0,100.0,100.0,100.0,100.0,100.0,100.0,100.0,100.0,100.0,,,,,,,0.0,0.0,0.0,0.0,0.0,0.0,0.0,0.0,0.0,0.0,0.0,0.0,,,,,,
2025,Nordeste,PB,2510907,Paulista,Total,Total,0.0,1.3,0.0,0.0,0.0,0.6,1.4,0.6,0.7,0.8,0.2,0.5,0.0,0.0,0.0,,,0.0,100.0,98.1,95.6,99.4,98.7,90.6,94.3,92.2,98.0,93.7,98.5,96.4,100.0,100.0,100.0,,,100.0,0.0,0.6,4.4,0.6,1.3,8.8,4.3,7.2,1.3,5.5,1.3,3.1,0.0,0.0,0.0,,,0.0
2025,Nordeste,PB,2510907,Paulista,Urbana,Total,0.0,1.9,0.0,0.0,0.0,0.9,1.1,0.9,0.0,0.7,0.4,0.5,0.0,0.0,0.0,,,0.0,100.0,97.2,95.6,99.2,98.1,92.0,94.9,98.2,99.0,96.0,98.1,97.2,100.0,100.0,100.0,,,100.0,0.0,0.9,4.4,0.8,1.9,7.1,4.0,0.9,1.0,3.3,1.5,2.3,0.0,0.0,0.0,,,0.0
2025,Nordeste,PB,2510907,Paulista,Rural,Total,0.0,0.0,0.0,0.0,0.0,0.0,2.4,0.0,2.0,1.1,0.0,0.5,,,,,,,100.0,100.0,95.7,100.0,100.0,87.2,92.7,75.0,96.0,88.2,99.2,94.7,,,,,,,0.0,0.0,4.3,0.0,0.0,12.8,4.9,25.0,2.0,10.7,0.8,4.8,,,,,,
2025,Nordeste,PB,2510907,Paulista,Total,Estadual,,,,,,,,,,,,,0.0,0.0,0.0,,,0.0,,,,,,,,,,,,,100.0,100.0,100.0,,,100.0,,,,,,,,,,,,,0.0,0.0,0.0,,,0.0
2025,Nordeste,PB,2510907,Paulista,Urbana,Estadual,,,,,,,,,,,,,0.0,0.0,0.0,,,0.0,,,,,,,,,,,,,100.0,100.0,100.0,,,100.0,,,,,,,,,,,,,0.0,0.0,0.0,,,0.0
2025,Nordeste,PB,2510907,Paulista,Total,Municipal,0.0,0.7,0.0,0.0,0.0,0.6,1.4,0.6,0.7,0.8,0.1,0.5,,,,,,,100.0,98.6,95.2,99.4,98.7,90.6,94.3,92.2,98.0,93.7,98.5,96.3,,,,,,,0.0,0.7,4.8,0.6,1.3,8.8,4.3,7.2,1.3,5.5,1.4,3.2,,,,,,
2025,Nordeste,PB,2510907,Paulista,Urbana,Municipal,0.0,1.1,0.0,0.0,0.0,0.9,1.1,0.9,0.0,0.7,0.2,0.5,,,,,,,100.0,97.9,94.8,99.1,98.1,92.0,94.9,98.2,99.0,96.0,98.1,97.1,,,,,,,0.0,1.0,5.2,0.9,1.9,7.1,4.0,0.9,1.0,3.3,1.7,2.4,,,,,,
2025,Nordeste,PB,2510907,Paulista,Rural,Municipal,0.0,0.0,0.0,0.0,0.0,0.0,2.4,0.0,2.0,1.1,0.0,0.5,,,,,,,100.0,100.0,95.7,100.0,100.0,87.2,92.7,75.0,96.0,88.2,99.2,94.7,,,,,,,0.0,0.0,4.3,0.0,0.0,12.8,4.9,25.0,2.0,10.7,0.8,4.8,,,,,,
2025,Nordeste,PB,2510907,Paulista,Total,Privada,0.0,7.7,0.0,0.0,,,,,,,2.2,2.2,,,,,,,100.0,92.3,100.0,100.0,,,,,,,97.8,97.8,,,,,,,0.0,0.0,0.0,0.0,,,,,,,0.0,0.0,,,,,,
2025,Nordeste,PB,2510907,Paulista,Urbana,Privada,0.0,7.7,0.0,0.0,,,,,,,2.2,2.2,,,,,,,100.0,92.3,100.0,100.0,,,,,,,97.8,97.8,,,,,,,0.0,0.0,0.0,0.0,,,,,,,0.0,0.0,,,,,,
2025,Nordeste,PB,2510907,Paulista,Total,Pública,0.0,0.7,0.0,0.0,0.0,0.6,1.4,0.6,0.7,0.8,0.1,0.5,0.0,0.0,0.0,,,0.0,100.0,98.6,95.2,99.4,98.7,90.6,94.3,92.2,98.0,93.7,98.5,96.3,100.0,100.0,100.0,,,100.0,0.0,0.7,4.8,0.6,1.3,8.8,4.3,7.2,1.3,5.5,1.4,3.2,0.0,0.0,0.0,,,0.0
2025,Nordeste,PB,2510907,Paulista,Urbana,Pública,0.0,1.1,0.0,0.0,0.0,0.9,1.1,0.9,0.0,0.7,0.2,0.5,0.0,0.0,0.0,,,0.0,100.0,97.9,94.8,99.1,98.1,92.0,94.9,98.2,99.0,96.0,98.1,97.1,100.0,100.0,100.0,,,100.0,0.0,1.0,5.2,0.9,1.9,7.1,4.0,0.9,1.0,3.3,1.7,2.4,0.0,0.0,0.0,,,0.0
2025,Nordeste,PB,2510907,Paulista,Rural,Pública,0.0,0.0,0.0,0.0,0.0,0.0,2.4,0.0,2.0,1.1,0.0,0.5,,,,,,,100.0,100.0,95.7,100.0,100.0,87.2,92.7,75.0,96.0,88.2,99.2,94.7,,,,,,,0.0,0.0,4.3,0.0,0.0,12.8,4.9,25.0,2.0,10.7,0.8,4.8,,,,,,
2025,Nordeste,PB,2511004,Pedra Branca,Total,Total,0.0,0.0,0.0,0.0,0.0,0.0,0.0,0.0,0.0,0.0,0.0,0.0,0.0,0.0,0.0,,,0.0,100.0,96.8,100.0,96.4,98.1,87.9,88.5,96.4,100.0,92.0,98.2,95.6,91.9,100.0,100.0,,,96.1,0.0,3.2,0.0,3.6,1.9,12.1,11.5,3.6,0.0,8.0,1.8,4.4,8.1,0.0,0.0,,,3.9
2025,Nordeste,PB,2511004,Pedra Branca,Urbana,Total,0.0,0.0,0.0,0.0,0.0,0.0,0.0,0.0,0.0,0.0,0.0,0.0,0.0,0.0,0.0,,,0.0,100.0,100.0,100.0,96.0,98.0,87.9,88.5,96.4,100.0,92.0,98.8,95.7,91.9,100.0,100.0,,,96.1,0.0,0.0,0.0,4.0,2.0,12.1,11.5,3.6,0.0,8.0,1.2,4.3,8.1,0.0,0.0,,,3.9
2025,Nordeste,PB,2511004,Pedra Branca,Rural,Total,0.0,0.0,0.0,0.0,0.0,,,,,,0.0,0.0,,,,,,,100.0,71.4,100.0,100.0,100.0,,,,,,94.1,94.1,,,,,,,0.0,28.6,0.0,0.0,0.0,,,,,,5.9,5.9,,,,,,
2025,Nordeste,PB,2511004,Pedra Branca,Total,Estadual,,,,,,,,,,,,,0.0,0.0,0.0,,,0.0,,,,,,,,,,,,,91.9,100.0,100.0,,,96.1,,,,,,,,,,,,,8.1,0.0,0.0,,,3.9
2025,Nordeste,PB,2511004,Pedra Branca,Urbana,Estadual,,,,,,,,,,,,,0.0,0.0,0.0,,,0.0,,,,,,,,,,,,,91.9,100.0,100.0,,,96.1,,,,,,,,,,,,,8.1,0.0,0.0,,,3.9
2025,Nordeste,PB,2511004,Pedra Branca,Total,Municipal,0.0,0.0,0.0,0.0,0.0,0.0,0.0,0.0,0.0,0.0,0.0,0.0,,,,,,,100.0,96.6,100.0,95.9,98.1,87.9,88.5,96.4,100.0,92.0,98.0,95.3,,,,,,,0.0,3.4,0.0,4.1,1.9,12.1,11.5,3.6,0.0,8.0,2.0,4.7,,,,,,
2025,Nordeste,PB,2511004,Pedra Branca,Urbana,Municipal,0.0,0.0,0.0,0.0,0.0,0.0,0.0,0.0,0.0,0.0,0.0,0.0,,,,,,,100.0,100.0,100.0,95.5,97.9,87.9,88.5,96.4,100.0,92.0,98.6,95.4,,,,,,,0.0,0.0,0.0,4.5,2.1,12.1,11.5,3.6,0.0,8.0,1.4,4.6,,,,,,
2025,Nordeste,PB,2511004,Pedra Branca,Rural,Municipal,0.0,0.0,0.0,0.0,0.0,,,,,,0.0,0.0,,,,,,,100.0,71.4,100.0,100.0,100.0,,,,,,94.1,94.1,,,,,,,0.0,28.6,0.0,0.0,0.0,,,,,,5.9,5.9,,,,,,
2025,Nordeste,PB,2511004,Pedra Branca,Total,Privada,0.0,0.0,0.0,0.0,0.0,,,,,,0.0,0.0,,,,,,,100.0,100.0,100.0,100.0,100.0,,,,,,100.0,100.0,,,,,,,0.0,0.0,0.0,0.0,0.0,,,,,,0.0,0.0,,,,,,
2025,Nordeste,PB,2511004,Pedra Branca,Urbana,Privada,0.0,0.0,0.0,0.0,0.0,,,,,,0.0,0.0,,,,,,,100.0,100.0,100.0,100.0,100.0,,,,,,100.0,100.0,,,,,,,0.0,0.0,0.0,0.0,0.0,,,,,,0.0,0.0,,,,,,
2025,Nordeste,PB,2511004,Pedra Branca,Total,Pública,0.0,0.0,0.0,0.0,0.0,0.0,0.0,0.0,0.0,0.0,0.0,0.0,0.0,0.0,0.0,,,0.0,100.0,96.6,100.0,95.9,98.1,87.9,88.5,96.4,100.0,92.0,98.0,95.3,91.9,100.0,100.0,,,96.1,0.0,3.4,0.0,4.1,1.9,12.1,11.5,3.6,0.0,8.0,2.0,4.7,8.1,0.0,0.0,,,3.9
2025,Nordeste,PB,2511004,Pedra Branca,Urbana,Pública,0.0,0.0,0.0,0.0,0.0,0.0,0.0,0.0,0.0,0.0,0.0,0.0,0.0,0.0,0.0,,,0.0,100.0,100.0,100.0,95.5,97.9,87.9,88.5,96.4,100.0,92.0,98.6,95.4,91.9,100.0,100.0,,,96.1,0.0,0.0,0.0,4.5,2.1,12.1,11.5,3.6,0.0,8.0,1.4,4.6,8.1,0.0,0.0,,,3.9
2025,Nordeste,PB,2511004,Pedra Branca,Rural,Pública,0.0,0.0,0.0,0.0,0.0,,,,,,0.0,0.0,,,,,,,100.0,71.4,100.0,100.0,100.0,,,,,,94.1,94.1,,,,,,,0.0,28.6,0.0,0.0,0.0,,,,,,5.9,5.9,,,,,,
2025,Nordeste,PB,2511103,Pedra Lavrada,Total,Total,0.0,0.0,0.0,0.0,0.0,0.0,0.0,0.9,0.0,0.3,0.0,0.2,6.7,0.0,0.0,,,2.7,100.0,100.0,100.0,100.0,100.0,94.0,93.9,97.1,98.8,95.9,100.0,98.0,92.0,98.2,100.0,,,96.2,0.0,0.0,0.0,0.0,0.0,6.0,6.1,2.0,1.2,3.8,0.0,1.8,1.3,1.8,0.0,,,1.1
2025,Nordeste,PB,2511103,Pedra Lavrada,Urbana,Total,0.0,0.0,0.0,0.0,0.0,0.0,0.0,1.6,0.0,0.4,0.0,0.2,0.0,0.0,0.0,,,0.0,100.0,100.0,100.0,100.0,100.0,93.1,93.1,95.2,100.0,95.3,100.0,97.4,100.0,100.0,100.0,,,100.0,0.0,0.0,0.0,0.0,0.0,6.9,6.9,3.2,0.0,4.3,0.0,2.4,0.0,0.0,0.0,,,0.0
2025,Nordeste,PB,2511103,Pedra Lavrada,Rural,Total,0.0,0.0,0.0,0.0,0.0,0.0,0.0,0.0,0.0,0.0,0.0,0.0,13.5,0.0,0.0,,,6.2,100.0,100.0,100.0,100.0,100.0,96.0,95.1,100.0,96.8,97.1,100.0,98.8,83.8,95.7,100.0,,,91.3,0.0,0.0,0.0,0.0,0.0,4.0,4.9,0.0,3.2,2.9,0.0,1.2,2.7,4.3,0.0,,,2.5
2025,Nordeste,PB,2511103,Pedra Lavrada,Total,Estadual,,,,,,,,,,,,,6.7,0.0,0.0,,,2.7,,,,,,,,,,,,,92.0,98.2,100.0,,,96.2,,,,,,,,,,,,,1.3,1.8,0.0,,,1.1
2025,Nordeste,PB,2511103,Pedra Lavrada,Urbana,Estadual,,,,,,,,,,,,,0.0,0.0,0.0,,,0.0,,,,,,,,,,,,,100.0,100.0,100.0,,,100.0,,,,,,,,,,,,,0.0,0.0,0.0,,,0.0
2025,Nordeste,PB,2511103,Pedra Lavrada,Rural,Estadual,,,,,,,,,,,,,13.5,0.0,0.0,,,6.2,,,,,,,,,,,,,83.8,95.7,100.0,,,91.3,,,,,,,,,,,,,2.7,4.3,0.0,,,2.5
2025,Nordeste,PB,2511103,Pedra Lavrada,Total,Municipal,0.0,0.0,0.0,0.0,0.0,0.0,0.0,0.9,0.0,0.3,0.0,0.2,,,,,,,100.0,100.0,100.0,100.0,100.0,94.0,93.9,97.1,98.8,95.9,100.0,98.0,,,,,,,0.0,0.0,0.0,0.0,0.0,6.0,6.1,2.0,1.2,3.8,0.0,1.8,,,,,,
2025,Nordeste,PB,2511103,Pedra Lavrada,Urbana,Municipal,0.0,0.0,0.0,0.0,0.0,0.0,0.0,1.6,0.0,0.4,0.0,0.2,,,,,,,100.0,100.0,100.0,100.0,100.0,93.1,93.1,95.2,100.0,95.3,100.0,97.4,,,,,,,0.0,0.0,0.0,0.0,0.0,6.9,6.9,3.2,0.0,4.3,0.0,2.4,,,,,,
2025,Nordeste,PB,2511103,Pedra Lavrada,Rural,Municipal,0.0,0.0,0.0,0.0,0.0,0.0,0.0,0.0,0.0,0.0,0.0,0.0,,,,,,,100.0,100.0,100.0,100.0,100.0,96.0,95.1,100.0,96.8,97.1,100.0,98.8,,,,,,,0.0,0.0,0.0,0.0,0.0,4.0,4.9,0.0,3.2,2.9,0.0,1.2,,,,,,
2025,Nordeste,PB,2511103,Pedra Lavrada,Total,Pública,0.0,0.0,0.0,0.0,0.0,0.0,0.0,0.9,0.0,0.3,0.0,0.2,6.7,0.0,0.0,,,2.7,100.0,100.0,100.0,100.0,100.0,94.0,93.9,97.1,98.8,95.9,100.0,98.0,92.0,98.2,100.0,,,96.2,0.0,0.0,0.0,0.0,0.0,6.0,6.1,2.0,1.2,3.8,0.0,1.8,1.3,1.8,0.0,,,1.1
2025,Nordeste,PB,2511103,Pedra Lavrada,Urbana,Pública,0.0,0.0,0.0,0.0,0.0,0.0,0.0,1.6,0.0,0.4,0.0,0.2,0.0,0.0,0.0,,,0.0,100.0,100.0,100.0,100.0,100.0,93.1,93.1,95.2,100.0,95.3,100.0,97.4,100.0,100.0,100.0,,,100.0,0.0,0.0,0.0,0.0,0.0,6.9,6.9,3.2,0.0,4.3,0.0,2.4,0.0,0.0,0.0,,,0.0
2025,Nordeste,PB,2511103,Pedra Lavrada,Rural,Pública,0.0,0.0,0.0,0.0,0.0,0.0,0.0,0.0,0.0,0.0,0.0,0.0,13.5,0.0,0.0,,,6.2,100.0,100.0,100.0,100.0,100.0,96.0,95.1,100.0,96.8,97.1,100.0,98.8,83.8,95.7,100.0,,,91.3,0.0,0.0,0.0,0.0,0.0,4.0,4.9,0.0,3.2,2.9,0.0,1.2,2.7,4.3,0.0,,,2.5
2025,Nordeste,PB,2511202,Pedras de Fogo,Total,Total,0.2,0.0,0.2,0.0,0.0,2.0,1.8,3.6,2.3,2.5,0.0,1.1,0.0,0.0,0.0,,,0.0,99.8,100.0,99.0,99.2,98.3,92.9,93.6,89.7,95.0,92.8,99.3,96.4,98.8,100.0,100.0,,,99.5,0.0,0.0,0.8,0.8,1.7,5.1,4.6,6.7,2.7,4.7,0.7,2.5,1.2,0.0,0.0,,,0.5
2025,Nordeste,PB,2511202,Pedras de Fogo,Urbana,Total,0.0,0.0,0.3,0.0,0.0,2.6,2.5,4.3,3.2,3.2,0.1,1.6,0.0,0.0,0.0,,,0.0,100.0,100.0,98.4,98.9,98.4,90.6,91.5,87.3,93.2,90.6,99.1,94.9,98.8,100.0,100.0,,,99.5,0.0,0.0,1.3,1.1,1.6,6.8,6.0,8.4,3.6,6.2,0.8,3.5,1.2,0.0,0.0,,,0.5
2025,Nordeste,PB,2511202,Pedras de Fogo,Rural,Total,0.6,0.0,0.0,0.0,0.0,0.0,0.0,0.9,0.0,0.2,0.2,0.2,,,,,,,99.4,100.0,100.0,100.0,98.0,100.0,100.0,99.1,100.0,99.8,99.5,99.6,,,,,,,0.0,0.0,0.0,0.0,2.0,0.0,0.0,0.0,0.0,0.0,0.3,0.2,,,,,,
2025,Nordeste,PB,2511202,Pedras de Fogo,Total,Federal,,,,,,,,,,,,,0.0,0.0,,,,0.0,,,,,,,,,,,,,95.2,100.0,,,,96.2,,,,,,,,,,,,,4.8,0.0,,,,3.8
2025,Nordeste,PB,2511202,Pedras de Fogo,Urbana,Federal,,,,,,,,,,,,,0.0,0.0,,,,0.0,,,,,,,,,,,,,95.2,100.0,,,,96.2,,,,,,,,,,,,,4.8,0.0,,,,3.8
2025,Nordeste,PB,2511202,Pedras de Fogo,Total,Estadual,,,,,,,,,0.0,0.0,,0.0,0.0,0.0,0.0,,,0.0,,,,,,,,,100.0,100.0,,100.0,100.0,100.0,100.0,,,100.0,,,,,,,,,0.0,0.0,,0.0,0.0,0.0,0.0,,,0.0
2025,Nordeste,PB,2511202,Pedras de Fogo,Urbana,Estadual,,,,,,,,,0.0,0.0,,0.0,0.0,0.0,0.0,,,0.0,,,,,,,,,100.0,100.0,,100.0,100.0,100.0,100.0,,,100.0,,,,,,,,,0.0,0.0,,0.0,0.0,0.0,0.0,,,0.0
2025,Nordeste,PB,2511202,Pedras de Fogo,Total,Municipal,0.2,0.0,0.3,0.0,0.0,2.1,1.9,3.9,2.6,2.6,0.1,1.2,,,,,,,99.8,100.0,98.9,99.2,98.2,92.8,93.4,89.1,94.4,92.4,99.2,96.2,,,,,,,0.0,0.0,0.8,0.8,1.8,5.1,4.7,7.0,3.0,5.0,0.7,2.6,,,,,,
2025,Nordeste,PB,2511202,Pedras de Fogo,Urbana,Municipal,0.0,0.0,0.3,0.0,0.0,2.8,2.5,4.7,3.7,3.5,0.0,1.7,,,,,,,100.0,100.0,98.3,98.8,98.2,90.3,91.2,86.3,92.1,89.9,99.1,94.6,,,,,,,0.0,0.0,1.4,1.2,1.8,6.9,6.3,9.0,4.2,6.6,0.9,3.7,,,,,,
2025,Nordeste,PB,2511202,Pedras de Fogo,Rural,Municipal,0.6,0.0,0.0,0.0,0.0,0.0,0.0,0.9,0.0,0.2,0.2,0.2,,,,,,,99.4,100.0,100.0,100.0,98.0,100.0,100.0,99.1,100.0,99.8,99.5,99.6,,,,,,,0.0,0.0,0.0,0.0,2.0,0.0,0.0,0.0,0.0,0.0,0.3,0.2,,,,,,
2025,Nordeste,PB,2511202,Pedras de Fogo,Total,Privada,0.0,0.0,0.0,0.0,0.0,0.0,0.0,0.0,0.0,0.0,0.0,0.0,,,,,,,100.0,100.0,100.0,100.0,100.0,95.0,100.0,100.0,100.0,98.8,100.0,99.5,,,,,,,0.0,0.0,0.0,0.0,0.0,5.0,0.0,0.0,0.0,1.2,0.0,0.5,,,,,,
2025,Nordeste,PB,2511202,Pedras de Fogo,Urbana,Privada,0.0,0.0,0.0,0.0,0.0,0.0,0.0,0.0,0.0,0.0,0.0,0.0,,,,,,,100.0,100.0,100.0,100.0,100.0,95.0,100.0,100.0,100.0,98.8,100.0,99.5,,,,,,,0.0,0.0,0.0,0.0,0.0,5.0,0.0,0.0,0.0,1.2,0.0,0.5,,,,,,
2025,Nordeste,PB,2511202,Pedras de Fogo,Total,Pública,0.2,0.0,0.3,0.0,0.0,2.1,1.9,3.9,2.4,2.5,0.1,1.2,0.0,0.0,0.0,,,0.0,99.8,100.0,98.9,99.2,98.2,92.8,93.4,89.1,94.8,92.6,99.2,96.2,98.8,100.0,100.0,,,99.5,0.0,0.0,0.8,0.8,1.8,5.1,4.7,7.0,2.8,4.9,0.7,2.6,1.2,0.0,0.0,,,0.5
2025,Nordeste,PB,2511202,Pedras de Fogo,Urbana,Pública,0.0,0.0,0.3,0.0,0.0,2.8,2.5,4.7,3.3,3.4,0.0,1.8,0.0,0.0,0.0,,,0.0,100.0,100.0,98.3,98.8,98.2,90.3,91.2,86.3,92.9,90.1,99.1,94.6,98.8,100.0,100.0,,,99.5,0.0,0.0,1.4,1.2,1.8,6.9,6.3,9.0,3.8,6.5,0.9,3.6,1.2,0.0,0.0,,,0.5
2025,Nordeste,PB,2511202,Pedras de Fogo,Rural,Pública,0.6,0.0,0.0,0.0,0.0,0.0,0.0,0.9,0.0,0.2,0.2,0.2,,,,,,,99.4,100.0,100.0,100.0,98.0,100.0,100.0,99.1,100.0,99.8,99.5,99.6,,,,,,,0.0,0.0,0.0,0.0,2.0,0.0,0.0,0.0,0.0,0.0,0.3,0.2,,,,,,
2025,Nordeste,PB,2511301,Piancó,Total,Total,0.0,0.0,0.0,0.0,0.6,1.4,2.0,1.1,0.5,1.2,0.1,0.6,2.1,1.8,0.7,,,1.5,99.4,99.5,100.0,98.4,99.4,91.1,95.1,95.3,98.4,94.9,99.3,97.2,94.8,98.2,99.3,,,97.3,0.6,0.5,0.0,1.6,0.0,7.5,2.9,3.6,1.1,3.9,0.6,2.2,3.1,0.0,0.0,,,1.2
2025,Nordeste,PB,2511301,Piancó,Urbana,Total,0.0,0.0,0.0,0.0,0.7,1.6,2.2,1.1,0.6,1.4,0.1,0.7,2.1,1.8,0.7,,,1.5,99.3,99.5,100.0,98.2,99.3,90.5,94.6,95.0,98.3,94.5,99.2,96.9,94.8,98.2,99.3,,,97.3,0.7,0.5,0.0,1.8,0.0,7.9,3.2,3.9,1.1,4.1,0.7,2.4,3.1,0.0,0.0,,,1.2
2025,Nordeste,PB,2511301,Piancó,Rural,Total,0.0,0.0,0.0,0.0,0.0,0.0,0.0,0.0,0.0,0.0,0.0,0.0,,,,,,,100.0,100.0,100.0,100.0,100.0,96.0,100.0,100.0,100.0,98.5,100.0,99.4,,,,,,,0.0,0.0,0.0,0.0,0.0,4.0,0.0,0.0,0.0,1.5,0.0,0.6,,,,,,
2025,Nordeste,PB,2511301,Piancó,Total,Estadual,,,,,,0.0,7.7,4.0,0.0,3.1,,3.1,3.3,3.0,1.1,,,2.6,,,,,,100.0,88.5,96.0,100.0,95.9,,95.9,92.6,97.0,98.9,,,95.8,,,,,,0.0,3.8,0.0,0.0,1.0,,1.0,4.1,0.0,0.0,,,1.6
2025,Nordeste,PB,2511301,Piancó,Urbana,Estadual,,,,,,0.0,7.7,4.0,0.0,3.1,,3.1,3.3,3.0,1.1,,,2.6,,,,,,100.0,88.5,96.0,100.0,95.9,,95.9,92.6,97.0,98.9,,,95.8,,,,,,0.0,3.8,0.0,0.0,1.0,,1.0,4.1,0.0,0.0,,,1.6
2025,Nordeste,PB,2511301,Piancó,Total,Municipal,0.0,0.0,0.0,0.0,1.1,1.6,1.9,1.0,1.2,1.5,0.2,0.8,,,,,,,100.0,99.0,100.0,97.4,98.9,85.6,93.3,91.6,96.5,91.2,99.0,95.4,,,,,,,0.0,1.0,0.0,2.6,0.0,12.8,4.8,7.4,2.3,7.3,0.8,3.8,,,,,,
2025,Nordeste,PB,2511301,Piancó,Urbana,Municipal,0.0,0.0,0.0,0.0,1.3,2.0,2.3,1.3,1.3,1.7,0.3,1.0,,,,,,,100.0,98.8,100.0,96.7,98.7,83.0,91.9,90.2,96.0,89.8,98.7,94.5,,,,,,,0.0,1.2,0.0,3.3,0.0,15.0,5.8,8.5,2.7,8.5,1.0,4.5,,,,,,
2025,Nordeste,PB,2511301,Piancó,Rural,Municipal,0.0,0.0,0.0,0.0,0.0,0.0,0.0,0.0,0.0,0.0,0.0,0.0,,,,,,,100.0,100.0,100.0,100.0,100.0,96.0,100.0,100.0,100.0,98.5,100.0,99.4,,,,,,,0.0,0.0,0.0,0.0,0.0,4.0,0.0,0.0,0.0,1.5,0.0,0.6,,,,,,
2025,Nordeste,PB,2511301,Piancó,Total,Privada,0.0,0.0,0.0,0.0,0.0,1.4,0.0,0.0,0.0,0.3,0.0,0.1,0.0,0.0,0.0,,,0.0,98.5,100.0,100.0,100.0,100.0,98.6,100.0,100.0,100.0,99.7,99.7,99.7,98.6,100.0,100.0,,,99.5,1.5,0.0,0.0,0.0,0.0,0.0,0.0,0.0,0.0,0.0,0.3,0.2,1.4,0.0,0.0,,,0.5
2025,Nordeste,PB,2511301,Piancó,Urbana,Privada,0.0,0.0,0.0,0.0,0.0,1.4,0.0,0.0,0.0,0.3,0.0,0.1,0.0,0.0,0.0,,,0.0,98.5,100.0,100.0,100.0,100.0,98.6,100.0,100.0,100.0,99.7,99.7,99.7,98.6,100.0,100.0,,,99.5,1.5,0.0,0.0,0.0,0.0,0.0,0.0,0.0,0.0,0.0,0.3,0.2,1.4,0.0,0.0,,,0.5
2025,Nordeste,PB,2511301,Piancó,Total,Pública,0.0,0.0,0.0,0.0,1.1,1.4,3.1,1.7,0.8,1.8,0.2,1.0,3.3,3.0,1.1,,,2.6,100.0,99.0,100.0,97.4,98.9,87.5,92.3,92.5,97.4,92.1,99.0,95.5,92.6,97.0,98.9,,,95.8,0.0,1.0,0.0,2.6,0.0,11.1,4.6,5.8,1.8,6.1,0.8,3.5,4.1,0.0,0.0,,,1.6
2025,Nordeste,PB,2511301,Piancó,Urbana,Pública,0.0,0.0,0.0,0.0,1.3,1.7,3.5,1.9,1.0,2.0,0.3,1.2,3.3,3.0,1.1,,,2.6,100.0,98.8,100.0,96.7,98.7,85.7,91.1,91.6,97.1,91.2,98.7,94.7,92.6,97.0,98.9,,,95.8,0.0,1.2,0.0,3.3,0.0,12.6,5.4,6.5,1.9,6.8,1.0,4.1,4.1,0.0,0.0,,,1.6
2025,Nordeste,PB,2511301,Piancó,Rural,Pública,0.0,0.0,0.0,0.0,0.0,0.0,0.0,0.0,0.0,0.0,0.0,0.0,,,,,,,100.0,100.0,100.0,100.0,100.0,96.0,100.0,100.0,100.0,98.5,100.0,99.4,,,,,,,0.0,0.0,0.0,0.0,0.0,4.0,0.0,0.0,0.0,1.5,0.0,0.6,,,,,,
2025,Nordeste,PB,2511400,Picuí,Total,Total,0.0,0.0,0.0,0.0,0.0,0.0,0.4,0.0,0.0,0.1,0.0,0.0,2.1,1.4,1.2,,,1.7,100.0,100.0,99.5,99.6,100.0,97.2,95.6,95.0,98.8,96.6,99.8,98.4,91.3,97.0,98.2,,,95.2,0.0,0.0,0.5,0.4,0.0,2.8,4.0,5.0,1.2,3.3,0.2,1.6,6.6,1.6,0.6,,,3.1
2025,Nordeste,PB,2511400,Picuí,Urbana,Total,0.0,0.0,0.0,0.0,0.0,0.0,0.0,0.0,0.0,0.0,0.0,0.0,0.5,0.3,0.6,,,0.5,100.0,100.0,99.4,99.5,100.0,96.8,96.5,93.8,98.4,96.4,99.8,98.2,92.5,97.9,98.7,,,96.1,0.0,0.0,0.6,0.5,0.0,3.2,3.5,6.2,1.6,3.6,0.2,1.8,7.0,1.8,0.7,,,3.4
2025,Nordeste,PB,2511400,Picuí,Rural,Total,0.0,0.0,0.0,0.0,0.0,0.0,1.4,0.0,0.0,0.4,0.0,0.2,17.5,11.4,5.6,,,11.7,100.0,100.0,100.0,100.0,100.0,98.4,93.0,98.5,100.0,97.3,100.0,98.7,80.0,88.6,94.4,,,87.4,0.0,0.0,0.0,0.0,0.0,1.6,5.6,1.5,0.0,2.3,0.0,1.1,2.5,0.0,0.0,,,0.9
2025,Nordeste,PB,2511400,Picuí,Total,Federal,,,,,,,,,,,,,0.5,0.0,0.5,,,0.4,,,,,,,,,,,,,94.8,97.6,98.3,,,96.8,,,,,,,,,,,,,4.7,2.4,1.2,,,2.8
2025,Nordeste,PB,2511400,Picuí,Urbana,Federal,,,,,,,,,,,,,0.5,0.0,0.5,,,0.4,,,,,,,,,,,,,94.8,97.6,98.3,,,96.8,,,,,,,,,,,,,4.7,2.4,1.2,,,2.8
2025,Nordeste,PB,2511400,Picuí,Total,Estadual,,,,,,,,,,,,,3.7,2.6,1.8,,,2.7,,,,,,,,,,,,,88.2,96.4,98.2,,,93.8,,,,,,,,,,,,,8.1,1.0,0.0,,,3.5
2025,Nordeste,PB,2511400,Picuí,Urbana,Estadual,,,,,,,,,,,,,0.5,0.6,0.8,,,0.6,,,,,,,,,,,,,90.1,98.1,99.2,,,95.3,,,,,,,,,,,,,9.4,1.3,0.0,,,4.1
2025,Nordeste,PB,2511400,Picuí,Rural,Estadual,,,,,,,,,,,,,17.5,11.4,5.6,,,11.7,,,,,,,,,,,,,80.0,88.6,94.4,,,87.4,,,,,,,,,,,,,2.5,0.0,0.0,,,0.9
2025,Nordeste,PB,2511400,Picuí,Total,Municipal,0.0,0.0,0.0,0.0,0.0,0.0,0.4,0.0,0.0,0.1,0.0,0.0,,,,,,,100.0,100.0,99.5,99.6,100.0,97.0,95.2,94.7,98.7,96.4,99.8,98.2,,,,,,,0.0,0.0,0.5,0.4,0.0,3.0,4.4,5.3,1.3,3.5,0.2,1.8,,,,,,
2025,Nordeste,PB,2511400,Picuí,Urbana,Municipal,0.0,0.0,0.0,0.0,0.0,0.0,0.0,0.0,0.0,0.0,0.0,0.0,,,,,,,100.0,100.0,99.3,99.4,100.0,96.5,96.1,93.3,98.3,96.0,99.8,98.0,,,,,,,0.0,0.0,0.7,0.6,0.0,3.5,3.9,6.7,1.7,4.0,0.2,2.0,,,,,,
2025,Nordeste,PB,2511400,Picuí,Rural,Municipal,0.0,0.0,0.0,0.0,0.0,0.0,1.4,0.0,0.0,0.4,0.0,0.2,,,,,,,100.0,100.0,100.0,100.0,100.0,98.4,93.0,98.5,100.0,97.3,100.0,98.7,,,,,,,0.0,0.0,0.0,0.0,0.0,1.6,5.6,1.5,0.0,2.3,0.0,1.1,,,,,,
2025,Nordeste,PB,2511400,Picuí,Total,Privada,0.0,0.0,0.0,0.0,0.0,0.0,0.0,0.0,0.0,0.0,0.0,0.0,,,,,,,100.0,100.0,100.0,100.0,100.0,100.0,100.0,100.0,100.0,100.0,100.0,100.0,,,,,,,0.0,0.0,0.0,0.0,0.0,0.0,0.0,0.0,0.0,0.0,0.0,0.0,,,,,,
2025,Nordeste,PB,2511400,Picuí,Urbana,Privada,0.0,0.0,0.0,0.0,0.0,0.0,0.0,0.0,0.0,0.0,0.0,0.0,,,,,,,100.0,100.0,100.0,100.0,100.0,100.0,100.0,100.0,100.0,100.0,100.0,100.0,,,,,,,0.0,0.0,0.0,0.0,0.0,0.0,0.0,0.0,0.0,0.0,0.0,0.0,,,,,,
2025,Nordeste,PB,2511400,Picuí,Total,Pública,0.0,0.0,0.0,0.0,0.0,0.0,0.4,0.0,0.0,0.1,0.0,0.0,2.1,1.4,1.2,,,1.7,100.0,100.0,99.5,99.6,100.0,97.0,95.2,94.7,98.7,96.4,99.8,98.2,91.3,97.0,98.2,,,95.2,0.0,0.0,0.5,0.4,0.0,3.0,4.4,5.3,1.3,3.5,0.2,1.8,6.6,1.6,0.6,,,3.1
2025,Nordeste,PB,2511400,Picuí,Urbana,Pública,0.0,0.0,0.0,0.0,0.0,0.0,0.0,0.0,0.0,0.0,0.0,0.0,0.5,0.3,0.6,,,0.5,100.0,100.0,99.3,99.4,100.0,96.5,96.1,93.3,98.3,96.0,99.8,98.0,92.5,97.9,98.7,,,96.1,0.0,0.0,0.7,0.6,0.0,3.5,3.9,6.7,1.7,4.0,0.2,2.0,7.0,1.8,0.7,,,3.4
2025,Nordeste,PB,2511400,Picuí,Rural,Pública,0.0,0.0,0.0,0.0,0.0,0.0,1.4,0.0,0.0,0.4,0.0,0.2,17.5,11.4,5.6,,,11.7,100.0,100.0,100.0,100.0,100.0,98.4,93.0,98.5,100.0,97.3,100.0,98.7,80.0,88.6,94.4,,,87.4,0.0,0.0,0.0,0.0,0.0,1.6,5.6,1.5,0.0,2.3,0.0,1.1,2.5,0.0,0.0,,,0.9
2025,Nordeste,PB,2511509,Pilar,Total,Total,0.0,0.0,0.0,0.0,0.0,0.0,0.0,0.0,0.0,0.0,0.0,0.0,7.8,8.2,0.0,,,6.0,100.0,100.0,100.0,100.0,100.0,97.1,99.0,98.3,100.0,98.6,100.0,99.4,92.2,91.8,100.0,,,94.0,0.0,0.0,0.0,0.0,0.0,2.9,1.0,1.7,0.0,1.4,0.0,0.6,0.0,0.0,0.0,,,0.0
2025,Nordeste,PB,2511509,Pilar,Urbana,Total,0.0,0.0,0.0,0.0,0.0,0.0,0.0,0.0,0.0,0.0,0.0,0.0,7.8,8.2,0.0,,,6.0,100.0,100.0,100.0,100.0,100.0,96.8,98.9,98.1,100.0,98.4,100.0,99.3,92.2,91.8,100.0,,,94.0,0.0,0.0,0.0,0.0,0.0,3.2,1.1,1.9,0.0,1.6,0.0,0.7,0.0,0.0,0.0,,,0.0
2025,Nordeste,PB,2511509,Pilar,Rural,Total,0.0,0.0,0.0,0.0,0.0,0.0,0.0,0.0,0.0,0.0,0.0,0.0,,,,,,,100.0,100.0,100.0,100.0,100.0,100.0,100.0,100.0,100.0,100.0,100.0,100.0,,,,,,,0.0,0.0,0.0,0.0,0.0,0.0,0.0,0.0,0.0,0.0,0.0,0.0,,,,,,
2025,Nordeste,PB,2511509,Pilar,Total,Estadual,,,,,,,,,,,,,7.8,8.2,0.0,,,6.0,,,,,,,,,,,,,92.2,91.8,100.0,,,94.0,,,,,,,,,,,,,0.0,0.0,0.0,,,0.0
2025,Nordeste,PB,2511509,Pilar,Urbana,Estadual,,,,,,,,,,,,,7.8,8.2,0.0,,,6.0,,,,,,,,,,,,,92.2,91.8,100.0,,,94.0,,,,,,,,,,,,,0.0,0.0,0.0,,,0.0
2025,Nordeste,PB,2511509,Pilar,Total,Municipal,0.0,0.0,0.0,0.0,0.0,0.0,0.0,0.0,0.0,0.0,0.0,0.0,,,,,,,100.0,100.0,100.0,100.0,100.0,99.3,99.4,98.7,100.0,99.3,100.0,99.7,,,,,,,0.0,0.0,0.0,0.0,0.0,0.7,0.6,1.3,0.0,0.7,0.0,0.3,,,,,,
2025,Nordeste,PB,2511509,Pilar,Urbana,Municipal,0.0,0.0,0.0,0.0,0.0,0.0,0.0,0.0,0.0,0.0,0.0,0.0,,,,,,,100.0,100.0,100.0,100.0,100.0,99.2,99.3,98.5,100.0,99.3,100.0,99.6,,,,,,,0.0,0.0,0.0,0.0,0.0,0.8,0.7,1.5,0.0,0.7,0.0,0.4,,,,,,
2025,Nordeste,PB,2511509,Pilar,Rural,Municipal,0.0,0.0,0.0,0.0,0.0,0.0,0.0,0.0,0.0,0.0,0.0,0.0,,,,,,,100.0,100.0,100.0,100.0,100.0,100.0,100.0,100.0,100.0,100.0,100.0,100.0,,,,,,,0.0,0.0,0.0,0.0,0.0,0.0,0.0,0.0,0.0,0.0,0.0,0.0,,,,,,
2025,Nordeste,PB,2511509,Pilar,Total,Privada,0.0,0.0,0.0,0.0,0.0,0.0,0.0,0.0,0.0,0.0,0.0,0.0,,,,,,,100.0,100.0,100.0,100.0,100.0,82.6,96.3,96.3,100.0,93.8,100.0,98.3,,,,,,,0.0,0.0,0.0,0.0,0.0,17.4,3.7,3.7,0.0,6.2,0.0,1.7,,,,,,
2025,Nordeste,PB,2511509,Pilar,Urbana,Privada,0.0,0.0,0.0,0.0,0.0,0.0,0.0,0.0,0.0,0.0,0.0,0.0,,,,,,,100.0,100.0,100.0,100.0,100.0,82.6,96.3,96.3,100.0,93.8,100.0,98.3,,,,,,,0.0,0.0,0.0,0.0,0.0,17.4,3.7,3.7,0.0,6.2,0.0,1.7,,,,,,
2025,Nordeste,PB,2511509,Pilar,Total,Pública,0.0,0.0,0.0,0.0,0.0,0.0,0.0,0.0,0.0,0.0,0.0,0.0,7.8,8.2,0.0,,,6.0,100.0,100.0,100.0,100.0,100.0,99.3,99.4,98.7,100.0,99.3,100.0,99.7,92.2,91.8,100.0,,,94.0,0.0,0.0,0.0,0.0,0.0,0.7,0.6,1.3,0.0,0.7,0.0,0.3,0.0,0.0,0.0,,,0.0
2025,Nordeste,PB,2511509,Pilar,Urbana,Pública,0.0,0.0,0.0,0.0,0.0,0.0,0.0,0.0,0.0,0.0,0.0,0.0,7.8,8.2,0.0,,,6.0,100.0,100.0,100.0,100.0,100.0,99.2,99.3,98.5,100.0,99.3,100.0,99.6,92.2,91.8,100.0,,,94.0,0.0,0.0,0.0,0.0,0.0,0.8,0.7,1.5,0.0,0.7,0.0,0.4,0.0,0.0,0.0,,,0.0
2025,Nordeste,PB,2511509,Pilar,Rural,Pública,0.0,0.0,0.0,0.0,0.0,0.0,0.0,0.0,0.0,0.0,0.0,0.0,,,,,,,100.0,100.0,100.0,100.0,100.0,100.0,100.0,100.0,100.0,100.0,100.0,100.0,,,,,,,0.0,0.0,0.0,0.0,0.0,0.0,0.0,0.0,0.0,0.0,0.0,0.0,,,,,,
2025,Nordeste,PB,2511608,Pilões,Total,Total,0.6,0.0,0.8,0.0,0.0,0.0,0.0,1.4,2.7,1.0,0.3,0.5,2.7,2.4,1.2,,,2.2,98.7,99.2,95.2,100.0,99.1,90.7,89.4,95.0,96.4,92.6,98.5,95.9,97.3,93.9,96.4,,,96.0,0.7,0.8,4.0,0.0,0.9,9.3,10.6,3.6,0.9,6.4,1.2,3.6,0.0,3.7,2.4,,,1.8
2025,Nordeste,PB,2511608,Pilões,Urbana,Total,0.9,0.0,1.1,0.0,0.0,0.0,0.0,1.4,2.7,1.0,0.4,0.6,2.7,2.4,1.2,,,2.2,98.3,98.8,93.6,100.0,98.9,90.7,89.4,95.0,96.4,92.6,98.0,95.2,97.3,93.9,96.4,,,96.0,0.8,1.2,5.3,0.0,1.1,9.3,10.6,3.6,0.9,6.4,1.6,4.2,0.0,3.7,2.4,,,1.8
2025,Nordeste,PB,2511608,Pilões,Rural,Total,0.0,0.0,0.0,0.0,0.0,,,,,,0.0,0.0,,,,,,,100.0,100.0,100.0,100.0,100.0,,,,,,100.0,100.0,,,,,,,0.0,0.0,0.0,0.0,0.0,,,,,,0.0,0.0,,,,,,
2025,Nordeste,PB,2511608,Pilões,Total,Estadual,,,,,,,,4.5,2.1,3.2,,3.2,2.7,2.4,1.2,,,2.2,,,,,,,,93.3,97.9,95.7,,95.7,97.3,93.9,96.4,,,96.0,,,,,,,,2.2,0.0,1.1,,1.1,0.0,3.7,2.4,,,1.8
2025,Nordeste,PB,2511608,Pilões,Urbana,Estadual,,,,,,,,4.5,2.1,3.2,,3.2,2.7,2.4,1.2,,,2.2,,,,,,,,93.3,97.9,95.7,,95.7,97.3,93.9,96.4,,,96.0,,,,,,,,2.2,0.0,1.1,,1.1,0.0,3.7,2.4,,,1.8
2025,Nordeste,PB,2511608,Pilões,Total,Municipal,0.0,0.0,0.0,0.0,0.0,0.0,0.0,0.0,3.2,0.4,0.0,0.2,,,,,,,99.2,99.1,95.7,100.0,99.1,90.7,89.4,95.8,95.2,92.0,98.7,95.8,,,,,,,0.8,0.9,4.3,0.0,0.9,9.3,10.6,4.2,1.6,7.6,1.3,4.0,,,,,,
2025,Nordeste,PB,2511608,Pilões,Urbana,Municipal,0.0,0.0,0.0,0.0,0.0,0.0,0.0,0.0,3.2,0.4,0.0,0.2,,,,,,,98.9,98.6,94.1,100.0,98.8,90.7,89.4,95.8,95.2,92.0,98.1,95.0,,,,,,,1.1,1.4,5.9,0.0,1.2,9.3,10.6,4.2,1.6,7.6,1.9,4.8,,,,,,
2025,Nordeste,PB,2511608,Pilões,Rural,Municipal,0.0,0.0,0.0,0.0,0.0,,,,,,0.0,0.0,,,,,,,100.0,100.0,100.0,100.0,100.0,,,,,,100.0,100.0,,,,,,,0.0,0.0,0.0,0.0,0.0,,,,,,0.0,0.0,,,,,,
2025,Nordeste,PB,2511608,Pilões,Total,Privada,3.3,0.0,11.1,0.0,0.0,,,,,,3.3,3.3,,,,,,,96.7,100.0,88.9,100.0,100.0,,,,,,96.7,96.7,,,,,,,0.0,0.0,0.0,0.0,0.0,,,,,,0.0,0.0,,,,,,
2025,Nordeste,PB,2511608,Pilões,Urbana,Privada,3.3,0.0,11.1,0.0,0.0,,,,,,3.3,3.3,,,,,,,96.7,100.0,88.9,100.0,100.0,,,,,,96.7,96.7,,,,,,,0.0,0.0,0.0,0.0,0.0,,,,,,0.0,0.0,,,,,,
2025,Nordeste,PB,2511608,Pilões,Total,Pública,0.0,0.0,0.0,0.0,0.0,0.0,0.0,1.4,2.7,1.0,0.0,0.4,2.7,2.4,1.2,,,2.2,99.2,99.1,95.7,100.0,99.1,90.7,89.4,95.0,96.4,92.6,98.7,95.8,97.3,93.9,96.4,,,96.0,0.8,0.9,4.3,0.0,0.9,9.3,10.6,3.6,0.9,6.4,1.3,3.8,0.0,3.7,2.4,,,1.8
2025,Nordeste,PB,2511608,Pilões,Urbana,Pública,0.0,0.0,0.0,0.0,0.0,0.0,0.0,1.4,2.7,1.0,0.0,0.5,2.7,2.4,1.2,,,2.2,98.9,98.6,94.1,100.0,98.8,90.7,89.4,95.0,96.4,92.6,98.1,95.1,97.3,93.9,96.4,,,96.0,1.1,1.4,5.9,0.0,1.2,9.3,10.6,3.6,0.9,6.4,1.9,4.4,0.0,3.7,2.4,,,1.8
2025,Nordeste,PB,2511608,Pilões,Rural,Pública,0.0,0.0,0.0,0.0,0.0,,,,,,0.0,0.0,,,,,,,100.0,100.0,100.0,100.0,100.0,,,,,,100.0,100.0,,,,,,,0.0,0.0,0.0,0.0,0.0,,,,,,0.0,0.0,,,,,,
2025,Nordeste,PB,2511707,Pilõezinhos,Total,Total,0.0,0.0,0.0,0.0,0.0,4.5,2.1,3.5,4.0,3.5,0.0,1.5,6.6,2.9,2.7,,,4.5,100.0,100.0,100.0,100.0,96.4,81.1,80.2,87.2,94.7,85.3,99.3,93.0,93.4,97.1,97.3,,,95.5,0.0,0.0,0.0,0.0,3.6,14.4,17.7,9.3,1.3,11.2,0.7,5.5,0.0,0.0,0.0,,,0.0
2025,Nordeste,PB,2511707,Pilõezinhos,Urbana,Total,0.0,0.0,0.0,0.0,0.0,4.5,2.1,3.5,4.0,3.5,0.0,2.2,6.6,2.9,2.7,,,4.5,100.0,100.0,100.0,100.0,100.0,81.1,80.2,87.2,94.7,85.3,100.0,90.6,93.4,97.1,97.3,,,95.5,0.0,0.0,0.0,0.0,0.0,14.4,17.7,9.3,1.3,11.2,0.0,7.2,0.0,0.0,0.0,,,0.0
2025,Nordeste,PB,2511707,Pilõezinhos,Rural,Total,0.0,0.0,0.0,0.0,0.0,,,,,,0.0,0.0,,,,,,,100.0,100.0,100.0,100.0,93.0,,,,,,98.6,98.6,,,,,,,0.0,0.0,0.0,0.0,7.0,,,,,,1.4,1.4,,,,,,
2025,Nordeste,PB,2511707,Pilõezinhos,Total,Estadual,,,,,,,,,,,,,6.6,2.9,2.7,,,4.5,,,,,,,,,,,,,93.4,97.1,97.3,,,95.5,,,,,,,,,,,,,0.0,0.0,0.0,,,0.0
2025,Nordeste,PB,2511707,Pilõezinhos,Urbana,Estadual,,,,,,,,,,,,,6.6,2.9,2.7,,,4.5,,,,,,,,,,,,,93.4,97.1,97.3,,,95.5,,,,,,,,,,,,,0.0,0.0,0.0,,,0.0
2025,Nordeste,PB,2511707,Pilõezinhos,Total,Municipal,0.0,0.0,0.0,0.0,0.0,4.5,2.1,3.5,4.0,3.5,0.0,1.5,,,,,,,100.0,100.0,100.0,100.0,96.4,81.1,80.2,87.2,94.7,85.3,99.3,93.0,,,,,,,0.0,0.0,0.0,0.0,3.6,14.4,17.7,9.3,1.3,11.2,0.7,5.5,,,,,,
2025,Nordeste,PB,2511707,Pilõezinhos,Urbana,Municipal,0.0,0.0,0.0,0.0,0.0,4.5,2.1,3.5,4.0,3.5,0.0,2.2,,,,,,,100.0,100.0,100.0,100.0,100.0,81.1,80.2,87.2,94.7,85.3,100.0,90.6,,,,,,,0.0,0.0,0.0,0.0,0.0,14.4,17.7,9.3,1.3,11.2,0.0,7.2,,,,,,
2025,Nordeste,PB,2511707,Pilõezinhos,Rural,Municipal,0.0,0.0,0.0,0.0,0.0,,,,,,0.0,0.0,,,,,,,100.0,100.0,100.0,100.0,93.0,,,,,,98.6,98.6,,,,,,,0.0,0.0,0.0,0.0,7.0,,,,,,1.4,1.4,,,,,,
2025,Nordeste,PB,2511707,Pilõezinhos,Total,Pública,0.0,0.0,0.0,0.0,0.0,4.5,2.1,3.5,4.0,3.5,0.0,1.5,6.6,2.9,2.7,,,4.5,100.0,100.0,100.0,100.0,96.4,81.1,80.2,87.2,94.7,85.3,99.3,93.0,93.4,97.1,97.3,,,95.5,0.0,0.0,0.0,0.0,3.6,14.4,17.7,9.3,1.3,11.2,0.7,5.5,0.0,0.0,0.0,,,0.0
2025,Nordeste,PB,2511707,Pilõezinhos,Urbana,Pública,0.0,0.0,0.0,0.0,0.0,4.5,2.1,3.5,4.0,3.5,0.0,2.2,6.6,2.9,2.7,,,4.5,100.0,100.0,100.0,100.0,100.0,81.1,80.2,87.2,94.7,85.3,100.0,90.6,93.4,97.1,97.3,,,95.5,0.0,0.0,0.0,0.0,0.0,14.4,17.7,9.3,1.3,11.2,0.0,7.2,0.0,0.0,0.0,,,0.0
2025,Nordeste,PB,2511707,Pilõezinhos,Rural,Pública,0.0,0.0,0.0,0.0,0.0,,,,,,0.0,0.0,,,,,,,100.0,100.0,100.0,100.0,93.0,,,,,,98.6,98.6,,,,,,,0.0,0.0,0.0,0.0,7.0,,,,,,1.4,1.4,,,,,,
2025,Nordeste,PB,2511806,Pirpirituba,Total,Total,0.0,0.7,0.0,0.0,0.0,2.4,3.1,0.0,1.5,1.8,0.2,1.0,5.6,0.9,0.0,,,2.3,100.0,99.3,98.5,98.6,96.9,97.0,87.7,97.0,98.5,94.8,98.7,96.9,94.4,99.1,100.0,,,97.7,0.0,0.0,1.5,1.4,3.1,0.6,9.2,3.0,0.0,3.4,1.1,2.1,0.0,0.0,0.0,,,0.0
2025,Nordeste,PB,2511806,Pirpirituba,Urbana,Total,0.0,0.0,0.0,0.0,0.0,2.4,3.1,0.0,1.5,1.8,0.0,0.9,5.6,0.9,0.0,,,2.3,100.0,100.0,98.2,98.4,99.1,97.0,87.7,97.0,98.5,94.8,99.2,97.0,94.4,99.1,100.0,,,97.7,0.0,0.0,1.8,1.6,0.9,0.6,9.2,3.0,0.0,3.4,0.8,2.1,0.0,0.0,0.0,,,0.0
2025,Nordeste,PB,2511806,Pirpirituba,Rural,Total,0.0,3.8,0.0,0.0,0.0,,,,,,0.9,0.9,,,,,,,100.0,96.2,100.0,100.0,81.3,,,,,,96.4,96.4,,,,,,,0.0,0.0,0.0,0.0,18.7,,,,,,2.7,2.7,,,,,,
2025,Nordeste,PB,2511806,Pirpirituba,Total,Estadual,,,,,,,,,2.5,2.5,,2.5,5.6,0.9,0.0,,,2.3,,,,,,,,,97.5,97.5,,97.5,94.4,99.1,100.0,,,97.7,,,,,,,,,0.0,0.0,,0.0,0.0,0.0,0.0,,,0.0
2025,Nordeste,PB,2511806,Pirpirituba,Urbana,Estadual,,,,,,,,,2.5,2.5,,2.5,5.6,0.9,0.0,,,2.3,,,,,,,,,97.5,97.5,,97.5,94.4,99.1,100.0,,,97.7,,,,,,,,,0.0,0.0,,0.0,0.0,0.0,0.0,,,0.0
2025,Nordeste,PB,2511806,Pirpirituba,Total,Municipal,0.0,1.1,0.0,0.0,0.0,2.7,3.6,0.0,0.0,2.0,0.2,1.1,,,,,,,100.0,98.9,98.0,97.9,96.4,96.6,85.5,96.9,100.0,93.6,98.3,96.0,,,,,,,0.0,0.0,2.0,2.1,3.6,0.7,10.9,3.1,0.0,4.4,1.5,2.9,,,,,,
2025,Nordeste,PB,2511806,Pirpirituba,Urbana,Municipal,0.0,0.0,0.0,0.0,0.0,2.7,3.6,0.0,0.0,2.0,0.0,1.1,,,,,,,100.0,100.0,97.3,97.6,100.0,96.6,85.5,96.9,100.0,93.6,98.9,96.0,,,,,,,0.0,0.0,2.7,2.4,0.0,0.7,10.9,3.1,0.0,4.4,1.1,2.9,,,,,,
2025,Nordeste,PB,2511806,Pirpirituba,Rural,Municipal,0.0,3.8,0.0,0.0,0.0,,,,,,0.9,0.9,,,,,,,100.0,96.2,100.0,100.0,81.3,,,,,,96.4,96.4,,,,,,,0.0,0.0,0.0,0.0,18.7,,,,,,2.7,2.7,,,,,,
2025,Nordeste,PB,2511806,Pirpirituba,Total,Privada,0.0,0.0,0.0,0.0,0.0,0.0,0.0,0.0,0.0,0.0,0.0,0.0,,,,,,,100.0,100.0,100.0,100.0,97.8,100.0,100.0,100.0,100.0,100.0,99.6,99.7,,,,,,,0.0,0.0,0.0,0.0,2.2,0.0,0.0,0.0,0.0,0.0,0.4,0.3,,,,,,
2025,Nordeste,PB,2511806,Pirpirituba,Urbana,Privada,0.0,0.0,0.0,0.0,0.0,0.0,0.0,0.0,0.0,0.0,0.0,0.0,,,,,,,100.0,100.0,100.0,100.0,97.8,100.0,100.0,100.0,100.0,100.0,99.6,99.7,,,,,,,0.0,0.0,0.0,0.0,2.2,0.0,0.0,0.0,0.0,0.0,0.4,0.3,,,,,,
2025,Nordeste,PB,2511806,Pirpirituba,Total,Pública,0.0,1.1,0.0,0.0,0.0,2.7,3.6,0.0,1.7,2.0,0.2,1.2,5.6,0.9,0.0,,,2.3,100.0,98.9,98.0,97.9,96.4,96.6,85.5,96.9,98.3,94.2,98.3,96.1,94.4,99.1,100.0,,,97.7,0.0,0.0,2.0,2.1,3.6,0.7,10.9,3.1,0.0,3.8,1.5,2.7,0.0,0.0,0.0,,,0.0
2025,Nordeste,PB,2511806,Pirpirituba,Urbana,Pública,0.0,0.0,0.0,0.0,0.0,2.7,3.6,0.0,1.7,2.0,0.0,1.2,5.6,0.9,0.0,,,2.3,100.0,100.0,97.3,97.6,100.0,96.6,85.5,96.9,98.3,94.2,98.9,96.1,94.4,99.1,100.0,,,97.7,0.0,0.0,2.7,2.4,0.0,0.7,10.9,3.1,0.0,3.8,1.1,2.7,0.0,0.0,0.0,,,0.0
2025,Nordeste,PB,2511806,Pirpirituba,Rural,Pública,0.0,3.8,0.0,0.0,0.0,,,,,,0.9,0.9,,,,,,,100.0,96.2,100.0,100.0,81.3,,,,,,96.4,96.4,,,,,,,0.0,0.0,0.0,0.0,18.7,,,,,,2.7,2.7,,,,,,
2025,Nordeste,PB,2511905,Pitimbu,Total,Total,0.0,0.0,0.0,0.0,0.0,2.1,3.0,5.0,0.9,2.8,0.0,1.3,8.2,8.3,3.5,,,7.1,100.0,100.0,97.1,95.2,97.8,89.6,92.2,88.9,96.5,91.6,97.9,95.0,80.8,89.2,93.9,,,87.0,0.0,0.0,2.9,4.8,2.2,8.3,4.8,6.1,2.6,5.6,2.1,3.7,11.0,2.5,2.6,,,5.9
2025,Nordeste,PB,2511905,Pitimbu,Urbana,Total,0.0,0.0,0.0,0.0,0.0,4.7,2.9,5.9,1.3,3.8,0.0,1.6,21.7,14.8,6.0,,,14.3,100.0,100.0,94.0,94.7,100.0,89.4,94.2,88.2,97.4,92.1,97.7,95.3,78.3,84.1,94.0,,,85.3,0.0,0.0,6.0,5.3,0.0,5.9,2.9,5.9,1.3,4.1,2.3,3.1,0.0,1.1,0.0,,,0.4
2025,Nordeste,PB,2511905,Pitimbu,Rural,Total,0.0,0.0,0.0,0.0,0.0,1.0,3.0,4.5,0.7,2.3,0.0,1.1,0.0,0.0,0.0,,,0.0,100.0,100.0,98.8,95.5,96.5,89.7,91.5,89.3,96.0,91.4,98.0,94.9,82.3,95.7,93.6,,,88.7,0.0,0.0,1.2,4.5,3.5,9.3,5.5,6.2,3.3,6.3,2.0,4.0,17.7,4.3,6.4,,,11.3
2025,Nordeste,PB,2511905,Pitimbu,Total,Estadual,,,,,,,,,,,,,8.2,8.3,3.5,,,7.1,,,,,,,,,,,,,80.8,89.2,93.9,,,87.0,,,,,,,,,,,,,11.0,2.5,2.6,,,5.9
2025,Nordeste,PB,2511905,Pitimbu,Urbana,Estadual,,,,,,,,,,,,,21.7,14.8,6.0,,,14.3,,,,,,,,,,,,,78.3,84.1,94.0,,,85.3,,,,,,,,,,,,,0.0,1.1,0.0,,,0.4
2025,Nordeste,PB,2511905,Pitimbu,Rural,Estadual,,,,,,,,,,,,,0.0,0.0,0.0,,,0.0,,,,,,,,,,,,,82.3,95.7,93.6,,,88.7,,,,,,,,,,,,,17.7,4.3,6.4,,,11.3
2025,Nordeste,PB,2511905,Pitimbu,Total,Municipal,0.0,0.0,0.0,0.0,0.0,2.1,3.0,5.0,0.9,2.8,0.0,1.2,,,,,,,100.0,100.0,97.1,95.1,97.7,89.6,92.2,88.9,96.5,91.6,97.9,95.0,,,,,,,0.0,0.0,2.9,4.9,2.3,8.3,4.8,6.1,2.6,5.6,2.1,3.8,,,,,,
2025,Nordeste,PB,2511905,Pitimbu,Urbana,Municipal,0.0,0.0,0.0,0.0,0.0,4.7,2.9,5.9,1.3,3.8,0.0,1.7,,,,,,,100.0,100.0,93.9,94.6,100.0,89.4,94.2,88.2,97.4,92.1,97.5,95.1,,,,,,,0.0,0.0,6.1,5.4,0.0,5.9,2.9,5.9,1.3,4.1,2.5,3.2,,,,,,
2025,Nordeste,PB,2511905,Pitimbu,Rural,Municipal,0.0,0.0,0.0,0.0,0.0,1.0,3.0,4.5,0.7,2.3,0.0,1.1,,,,,,,100.0,100.0,98.8,95.5,96.5,89.7,91.5,89.3,96.0,91.4,98.0,94.9,,,,,,,0.0,0.0,1.2,4.5,3.5,9.3,5.5,6.2,3.3,6.3,2.0,4.0,,,,,,
2025,Nordeste,PB,2511905,Pitimbu,Total,Privada,0.0,0.0,0.0,0.0,0.0,,,,,,0.0,0.0,,,,,,,100.0,100.0,100.0,100.0,100.0,,,,,,100.0,100.0,,,,,,,0.0,0.0,0.0,0.0,0.0,,,,,,0.0,0.0,,,,,,
2025,Nordeste,PB,2511905,Pitimbu,Urbana,Privada,0.0,0.0,0.0,0.0,0.0,,,,,,0.0,0.0,,,,,,,100.0,100.0,100.0,100.0,100.0,,,,,,100.0,100.0,,,,,,,0.0,0.0,0.0,0.0,0.0,,,,,,0.0,0.0,,,,,,
2025,Nordeste,PB,2511905,Pitimbu,Total,Pública,0.0,0.0,0.0,0.0,0.0,2.1,3.0,5.0,0.9,2.8,0.0,1.2,8.2,8.3,3.5,,,7.1,100.0,100.0,97.1,95.1,97.7,89.6,92.2,88.9,96.5,91.6,97.9,95.0,80.8,89.2,93.9,,,87.0,0.0,0.0,2.9,4.9,2.3,8.3,4.8,6.1,2.6,5.6,2.1,3.8,11.0,2.5,2.6,,,5.9
2025,Nordeste,PB,2511905,Pitimbu,Urbana,Pública,0.0,0.0,0.0,0.0,0.0,4.7,2.9,5.9,1.3,3.8,0.0,1.7,21.7,14.8,6.0,,,14.3,100.0,100.0,93.9,94.6,100.0,89.4,94.2,88.2,97.4,92.1,97.5,95.1,78.3,84.1,94.0,,,85.3,0.0,0.0,6.1,5.4,0.0,5.9,2.9,5.9,1.3,4.1,2.5,3.2,0.0,1.1,0.0,,,0.4
2025,Nordeste,PB,2511905,Pitimbu,Rural,Pública,0.0,0.0,0.0,0.0,0.0,1.0,3.0,4.5,0.7,2.3,0.0,1.1,0.0,0.0,0.0,,,0.0,100.0,100.0,98.8,95.5,96.5,89.7,91.5,89.3,96.0,91.4,98.0,94.9,82.3,95.7,93.6,,,88.7,0.0,0.0,1.2,4.5,3.5,9.3,5.5,6.2,3.3,6.3,2.0,4.0,17.7,4.3,6.4,,,11.3
2025,Nordeste,PB,2512002,Pocinhos,Total,Total,0.0,0.0,0.0,0.0,0.0,1.1,1.5,0.0,0.5,0.9,0.0,0.4,0.0,0.6,0.0,,,0.2,100.0,100.0,99.6,99.4,100.0,97.2,98.1,100.0,99.0,98.4,99.8,99.2,96.6,98.9,99.3,,,98.1,0.0,0.0,0.4,0.6,0.0,1.7,0.4,0.0,0.5,0.7,0.2,0.4,3.4,0.5,0.7,,,1.7
2025,Nordeste,PB,2512002,Pocinhos,Urbana,Total,0.0,0.0,0.0,0.0,0.0,1.5,2.0,0.0,0.7,1.1,0.0,0.5,0.0,0.6,0.0,,,0.2,100.0,100.0,99.5,99.2,100.0,96.7,97.5,100.0,98.7,98.1,99.7,99.0,96.6,98.9,99.3,,,98.1,0.0,0.0,0.5,0.8,0.0,1.8,0.5,0.0,0.6,0.8,0.3,0.5,3.4,0.5,0.7,,,1.7
2025,Nordeste,PB,2512002,Pocinhos,Rural,Total,0.0,0.0,0.0,0.0,0.0,0.0,0.0,0.0,0.0,0.0,0.0,0.0,,,,,,,100.0,100.0,100.0,100.0,100.0,98.8,100.0,100.0,100.0,99.6,100.0,99.8,,,,,,,0.0,0.0,0.0,0.0,0.0,1.2,0.0,0.0,0.0,0.4,0.0,0.2,,,,,,
2025,Nordeste,PB,2512002,Pocinhos,Total,Estadual,,,,,,,,,,,,,0.0,0.6,0.0,,,0.2,,,,,,,,,,,,,96.6,98.9,99.3,,,98.1,,,,,,,,,,,,,3.4,0.5,0.7,,,1.7
2025,Nordeste,PB,2512002,Pocinhos,Urbana,Estadual,,,,,,,,,,,,,0.0,0.6,0.0,,,0.2,,,,,,,,,,,,,96.6,98.9,99.3,,,98.1,,,,,,,,,,,,,3.4,0.5,0.7,,,1.7
2025,Nordeste,PB,2512002,Pocinhos,Total,Municipal,0.0,0.0,0.0,0.0,0.0,1.1,1.5,0.0,0.5,0.9,0.0,0.4,,,,,,,100.0,100.0,100.0,99.4,100.0,97.2,98.1,100.0,99.0,98.4,99.9,99.2,,,,,,,0.0,0.0,0.0,0.6,0.0,1.7,0.4,0.0,0.5,0.7,0.1,0.4,,,,,,
2025,Nordeste,PB,2512002,Pocinhos,Urbana,Municipal,0.0,0.0,0.0,0.0,0.0,1.5,2.0,0.0,0.7,1.1,0.0,0.5,,,,,,,100.0,100.0,100.0,99.1,100.0,96.7,97.5,100.0,98.7,98.1,99.8,99.0,,,,,,,0.0,0.0,0.0,0.9,0.0,1.8,0.5,0.0,0.6,0.8,0.2,0.5,,,,,,
2025,Nordeste,PB,2512002,Pocinhos,Rural,Municipal,0.0,0.0,0.0,0.0,0.0,0.0,0.0,0.0,0.0,0.0,0.0,0.0,,,,,,,100.0,100.0,100.0,100.0,100.0,98.8,100.0,100.0,100.0,99.6,100.0,99.8,,,,,,,0.0,0.0,0.0,0.0,0.0,1.2,0.0,0.0,0.0,0.4,0.0,0.2,,,,,,
2025,Nordeste,PB,2512002,Pocinhos,Total,Privada,0.0,0.0,0.0,0.0,0.0,,,,,,0.0,0.0,,,,,,,100.0,100.0,50.0,100.0,100.0,,,,,,96.4,96.4,,,,,,,0.0,0.0,50.0,0.0,0.0,,,,,,3.6,3.6,,,,,,
2025,Nordeste,PB,2512002,Pocinhos,Urbana,Privada,0.0,0.0,0.0,0.0,0.0,,,,,,0.0,0.0,,,,,,,100.0,100.0,50.0,100.0,100.0,,,,,,96.4,96.4,,,,,,,0.0,0.0,50.0,0.0,0.0,,,,,,3.6,3.6,,,,,,
2025,Nordeste,PB,2512002,Pocinhos,Total,Pública,0.0,0.0,0.0,0.0,0.0,1.1,1.5,0.0,0.5,0.9,0.0,0.4,0.0,0.6,0.0,,,0.2,100.0,100.0,100.0,99.4,100.0,97.2,98.1,100.0,99.0,98.4,99.9,99.2,96.6,98.9,99.3,,,98.1,0.0,0.0,0.0,0.6,0.0,1.7,0.4,0.0,0.5,0.7,0.1,0.4,3.4,0.5,0.7,,,1.7
2025,Nordeste,PB,2512002,Pocinhos,Urbana,Pública,0.0,0.0,0.0,0.0,0.0,1.5,2.0,0.0,0.7,1.1,0.0,0.5,0.0,0.6,0.0,,,0.2,100.0,100.0,100.0,99.1,100.0,96.7,97.5,100.0,98.7,98.1,99.8,99.0,96.6,98.9,99.3,,,98.1,0.0,0.0,0.0,0.9,0.0,1.8,0.5,0.0,0.6,0.8,0.2,0.5,3.4,0.5,0.7,,,1.7
2025,Nordeste,PB,2512002,Pocinhos,Rural,Pública,0.0,0.0,0.0,0.0,0.0,0.0,0.0,0.0,0.0,0.0,0.0,0.0,,,,,,,100.0,100.0,100.0,100.0,100.0,98.8,100.0,100.0,100.0,99.6,100.0,99.8,,,,,,,0.0,0.0,0.0,0.0,0.0,1.2,0.0,0.0,0.0,0.4,0.0,0.2,,,,,,
2025,Nordeste,PB,2512036,Poço Dantas,Total,Total,0.0,0.0,0.0,0.0,0.0,0.0,0.0,0.0,0.0,0.0,0.0,0.0,0.0,0.0,0.0,,,0.0,100.0,97.1,96.8,97.8,98.4,93.4,91.8,94.4,100.0,95.1,98.0,96.7,100.0,100.0,100.0,,,100.0,0.0,2.9,3.2,2.2,1.6,6.6,8.2,5.6,0.0,4.9,2.0,3.3,0.0,0.0,0.0,,,0.0
2025,Nordeste,PB,2512036,Poço Dantas,Urbana,Total,0.0,0.0,0.0,0.0,0.0,0.0,0.0,0.0,0.0,0.0,0.0,0.0,0.0,0.0,0.0,,,0.0,100.0,93.8,96.3,94.3,96.7,89.2,90.0,95.3,100.0,94.4,95.7,95.0,100.0,100.0,100.0,,,100.0,0.0,6.2,3.7,5.7,3.3,10.8,10.0,4.7,0.0,5.6,4.3,5.0,0.0,0.0,0.0,,,0.0
2025,Nordeste,PB,2512036,Poço Dantas,Rural,Total,0.0,0.0,0.0,0.0,0.0,0.0,0.0,0.0,0.0,0.0,0.0,0.0,,,,,,,100.0,100.0,97.2,100.0,100.0,100.0,93.5,93.1,100.0,96.3,99.5,98.4,,,,,,,0.0,0.0,2.8,0.0,0.0,0.0,6.5,6.9,0.0,3.7,0.5,1.6,,,,,,
2025,Nordeste,PB,2512036,Poço Dantas,Total,Estadual,,,,,,,,,,,,,0.0,0.0,0.0,,,0.0,,,,,,,,,,,,,100.0,100.0,100.0,,,100.0,,,,,,,,,,,,,0.0,0.0,0.0,,,0.0
2025,Nordeste,PB,2512036,Poço Dantas,Urbana,Estadual,,,,,,,,,,,,,0.0,0.0,0.0,,,0.0,,,,,,,,,,,,,100.0,100.0,100.0,,,100.0,,,,,,,,,,,,,0.0,0.0,0.0,,,0.0
2025,Nordeste,PB,2512036,Poço Dantas,Total,Municipal,0.0,0.0,0.0,0.0,0.0,0.0,0.0,0.0,0.0,0.0,0.0,0.0,,,,,,,100.0,97.1,96.8,97.8,98.4,93.4,91.8,94.4,100.0,95.1,98.0,96.7,,,,,,,0.0,2.9,3.2,2.2,1.6,6.6,8.2,5.6,0.0,4.9,2.0,3.3,,,,,,
2025,Nordeste,PB,2512036,Poço Dantas,Urbana,Municipal,0.0,0.0,0.0,0.0,0.0,0.0,0.0,0.0,0.0,0.0,0.0,0.0,,,,,,,100.0,93.8,96.3,94.3,96.7,89.2,90.0,95.3,100.0,94.4,95.7,95.0,,,,,,,0.0,6.2,3.7,5.7,3.3,10.8,10.0,4.7,0.0,5.6,4.3,5.0,,,,,,
2025,Nordeste,PB,2512036,Poço Dantas,Rural,Municipal,0.0,0.0,0.0,0.0,0.0,0.0,0.0,0.0,0.0,0.0,0.0,0.0,,,,,,,100.0,100.0,97.2,100.0,100.0,100.0,93.5,93.1,100.0,96.3,99.5,98.4,,,,,,,0.0,0.0,2.8,0.0,0.0,0.0,6.5,6.9,0.0,3.7,0.5,1.6,,,,,,
2025,Nordeste,PB,2512036,Poço Dantas,Total,Pública,0.0,0.0,0.0,0.0,0.0,0.0,0.0,0.0,0.0,0.0,0.0,0.0,0.0,0.0,0.0,,,0.0,100.0,97.1,96.8,97.8,98.4,93.4,91.8,94.4,100.0,95.1,98.0,96.7,100.0,100.0,100.0,,,100.0,0.0,2.9,3.2,2.2,1.6,6.6,8.2,5.6,0.0,4.9,2.0,3.3,0.0,0.0,0.0,,,0.0
2025,Nordeste,PB,2512036,Poço Dantas,Urbana,Pública,0.0,0.0,0.0,0.0,0.0,0.0,0.0,0.0,0.0,0.0,0.0,0.0,0.0,0.0,0.0,,,0.0,100.0,93.8,96.3,94.3,96.7,89.2,90.0,95.3,100.0,94.4,95.7,95.0,100.0,100.0,100.0,,,100.0,0.0,6.2,3.7,5.7,3.3,10.8,10.0,4.7,0.0,5.6,4.3,5.0,0.0,0.0,0.0,,,0.0
2025,Nordeste,PB,2512036,Poço Dantas,Rural,Pública,0.0,0.0,0.0,0.0,0.0,0.0,0.0,0.0,0.0,0.0,0.0,0.0,,,,,,,100.0,100.0,97.2,100.0,100.0,100.0,93.5,93.1,100.0,96.3,99.5,98.4,,,,,,,0.0,0.0,2.8,0.0,0.0,0.0,6.5,6.9,0.0,3.7,0.5,1.6,,,,,,
2025,Nordeste,PB,2512077,Poço de José de Moura,Total,Total,0.0,0.0,0.0,0.0,0.0,0.0,0.0,4.1,2.0,1.3,0.0,0.6,0.0,0.0,0.0,,,0.0,100.0,100.0,100.0,100.0,100.0,92.3,93.0,95.9,98.0,94.4,100.0,97.3,100.0,100.0,100.0,,,100.0,0.0,0.0,0.0,0.0,0.0,7.7,7.0,0.0,0.0,4.3,0.0,2.1,0.0,0.0,0.0,,,0.0
2025,Nordeste,PB,2512077,Poço de José de Moura,Urbana,Total,0.0,0.0,0.0,0.0,0.0,0.0,0.0,3.3,2.6,1.2,0.0,0.6,0.0,0.0,0.0,,,0.0,100.0,100.0,100.0,100.0,100.0,91.7,91.1,96.7,97.4,93.6,100.0,96.8,100.0,100.0,100.0,,,100.0,0.0,0.0,0.0,0.0,0.0,8.3,8.9,0.0,0.0,5.2,0.0,2.6,0.0,0.0,0.0,,,0.0
2025,Nordeste,PB,2512077,Poço de José de Moura,Rural,Total,0.0,0.0,0.0,0.0,0.0,0.0,0.0,5.3,0.0,1.6,0.0,0.7,,,,,,,100.0,100.0,100.0,100.0,100.0,94.1,100.0,94.7,100.0,96.8,100.0,98.6,,,,,,,0.0,0.0,0.0,0.0,0.0,5.9,0.0,0.0,0.0,1.6,0.0,0.7,,,,,,
2025,Nordeste,PB,2512077,Poço de José de Moura,Total,Estadual,,,,,,,,,,,,,0.0,0.0,0.0,,,0.0,,,,,,,,,,,,,100.0,100.0,100.0,,,100.0,,,,,,,,,,,,,0.0,0.0,0.0,,,0.0
2025,Nordeste,PB,2512077,Poço de José de Moura,Urbana,Estadual,,,,,,,,,,,,,0.0,0.0,0.0,,,0.0,,,,,,,,,,,,,100.0,100.0,100.0,,,100.0,,,,,,,,,,,,,0.0,0.0,0.0,,,0.0
2025,Nordeste,PB,2512077,Poço de José de Moura,Total,Municipal,0.0,0.0,0.0,0.0,0.0,0.0,0.0,4.1,2.0,1.3,0.0,0.6,,,,,,,100.0,100.0,100.0,100.0,100.0,92.3,93.0,95.9,98.0,94.4,100.0,97.3,,,,,,,0.0,0.0,0.0,0.0,0.0,7.7,7.0,0.0,0.0,4.3,0.0,2.1,,,,,,
2025,Nordeste,PB,2512077,Poço de José de Moura,Urbana,Municipal,0.0,0.0,0.0,0.0,0.0,0.0,0.0,3.3,2.6,1.2,0.0,0.6,,,,,,,100.0,100.0,100.0,100.0,100.0,91.7,91.1,96.7,97.4,93.6,100.0,96.8,,,,,,,0.0,0.0,0.0,0.0,0.0,8.3,8.9,0.0,0.0,5.2,0.0,2.6,,,,,,
2025,Nordeste,PB,2512077,Poço de José de Moura,Rural,Municipal,0.0,0.0,0.0,0.0,0.0,0.0,0.0,5.3,0.0,1.6,0.0,0.7,,,,,,,100.0,100.0,100.0,100.0,100.0,94.1,100.0,94.7,100.0,96.8,100.0,98.6,,,,,,,0.0,0.0,0.0,0.0,0.0,5.9,0.0,0.0,0.0,1.6,0.0,0.7,,,,,,
2025,Nordeste,PB,2512077,Poço de José de Moura,Total,Pública,0.0,0.0,0.0,0.0,0.0,0.0,0.0,4.1,2.0,1.3,0.0,0.6,0.0,0.0,0.0,,,0.0,100.0,100.0,100.0,100.0,100.0,92.3,93.0,95.9,98.0,94.4,100.0,97.3,100.0,100.0,100.0,,,100.0,0.0,0.0,0.0,0.0,0.0,7.7,7.0,0.0,0.0,4.3,0.0,2.1,0.0,0.0,0.0,,,0.0
2025,Nordeste,PB,2512077,Poço de José de Moura,Urbana,Pública,0.0,0.0,0.0,0.0,0.0,0.0,0.0,3.3,2.6,1.2,0.0,0.6,0.0,0.0,0.0,,,0.0,100.0,100.0,100.0,100.0,100.0,91.7,91.1,96.7,97.4,93.6,100.0,96.8,100.0,100.0,100.0,,,100.0,0.0,0.0,0.0,0.0,0.0,8.3,8.9,0.0,0.0,5.2,0.0,2.6,0.0,0.0,0.0,,,0.0
2025,Nordeste,PB,2512077,Poço de José de Moura,Rural,Pública,0.0,0.0,0.0,0.0,0.0,0.0,0.0,5.3,0.0,1.6,0.0,0.7,,,,,,,100.0,100.0,100.0,100.0,100.0,94.1,100.0,94.7,100.0,96.8,100.0,98.6,,,,,,,0.0,0.0,0.0,0.0,0.0,5.9,0.0,0.0,0.0,1.6,0.0,0.7,,,,,,
2025,Nordeste,PB,2512101,Pombal,Total,Total,0.0,0.0,0.0,0.0,0.0,0.0,0.2,0.2,0.0,0.1,0.0,0.1,0.6,0.5,0.0,,,0.4,100.0,100.0,100.0,100.0,100.0,99.3,98.9,98.9,99.8,99.2,100.0,99.6,98.3,99.2,100.0,,,99.1,0.0,0.0,0.0,0.0,0.0,0.7,0.9,0.9,0.2,0.7,0.0,0.3,1.1,0.3,0.0,,,0.5
2025,Nordeste,PB,2512101,Pombal,Urbana,Total,0.0,0.0,0.0,0.0,0.0,0.0,0.2,0.2,0.0,0.1,0.0,0.1,0.6,0.5,0.0,,,0.4,100.0,100.0,100.0,100.0,100.0,99.3,98.9,98.9,99.8,99.2,100.0,99.6,98.3,99.2,100.0,,,99.1,0.0,0.0,0.0,0.0,0.0,0.7,0.9,0.9,0.2,0.7,0.0,0.3,1.1,0.3,0.0,,,0.5
2025,Nordeste,PB,2512101,Pombal,Rural,Total,0.0,0.0,0.0,0.0,0.0,,,,,,0.0,0.0,,,,,,,100.0,100.0,100.0,100.0,100.0,,,,,,100.0,100.0,,,,,,,0.0,0.0,0.0,0.0,0.0,,,,,,0.0,0.0,,,,,,
2025,Nordeste,PB,2512101,Pombal,Total,Estadual,0.0,,0.0,0.0,0.0,,7.7,1.9,0.0,1.4,0.0,1.3,0.7,0.5,0.0,,,0.5,100.0,,100.0,100.0,100.0,,92.3,96.1,98.7,97.2,100.0,97.4,98.1,99.2,100.0,,,99.0,0.0,,0.0,0.0,0.0,,0.0,2.0,1.3,1.4,0.0,1.3,1.2,0.3,0.0,,,0.5
2025,Nordeste,PB,2512101,Pombal,Urbana,Estadual,,,,,,,7.7,1.9,0.0,1.4,,1.4,0.7,0.5,0.0,,,0.5,,,,,,,92.3,96.1,98.7,97.2,,97.2,98.1,99.2,100.0,,,99.0,,,,,,,0.0,2.0,1.3,1.4,,1.4,1.2,0.3,0.0,,,0.5
2025,Nordeste,PB,2512101,Pombal,Rural,Estadual,0.0,,0.0,0.0,0.0,,,,,,0.0,0.0,,,,,,,100.0,,100.0,100.0,100.0,,,,,,100.0,100.0,,,,,,,0.0,,0.0,0.0,0.0,,,,,,0.0,0.0,,,,,,
2025,Nordeste,PB,2512101,Pombal,Total,Municipal,0.0,0.0,0.0,0.0,0.0,0.0,0.0,0.0,0.0,0.0,0.0,0.0,,,,,,,100.0,100.0,100.0,100.0,100.0,99.2,98.9,99.7,100.0,99.4,100.0,99.7,,,,,,,0.0,0.0,0.0,0.0,0.0,0.8,1.1,0.3,0.0,0.6,0.0,0.3,,,,,,
2025,Nordeste,PB,2512101,Pombal,Urbana,Municipal,0.0,0.0,0.0,0.0,0.0,0.0,0.0,0.0,0.0,0.0,0.0,0.0,,,,,,,100.0,100.0,100.0,100.0,100.0,99.2,98.9,99.7,100.0,99.4,100.0,99.7,,,,,,,0.0,0.0,0.0,0.0,0.0,0.8,1.1,0.3,0.0,0.6,0.0,0.3,,,,,,
2025,Nordeste,PB,2512101,Pombal,Rural,Municipal,0.0,0.0,0.0,0.0,0.0,,,,,,0.0,0.0,,,,,,,100.0,100.0,100.0,100.0,100.0,,,,,,100.0,100.0,,,,,,,0.0,0.0,0.0,0.0,0.0,,,,,,0.0,0.0,,,,,,
2025,Nordeste,PB,2512101,Pombal,Total,Privada,0.0,0.0,0.0,0.0,0.0,0.0,0.0,0.0,0.0,0.0,0.0,0.0,0.0,0.0,0.0,,,0.0,100.0,100.0,100.0,100.0,100.0,100.0,100.0,97.7,100.0,99.4,100.0,99.8,100.0,100.0,100.0,,,100.0,0.0,0.0,0.0,0.0,0.0,0.0,0.0,2.3,0.0,0.6,0.0,0.2,0.0,0.0,0.0,,,0.0
2025,Nordeste,PB,2512101,Pombal,Urbana,Privada,0.0,0.0,0.0,0.0,0.0,0.0,0.0,0.0,0.0,0.0,0.0,0.0,0.0,0.0,0.0,,,0.0,100.0,100.0,100.0,100.0,100.0,100.0,100.0,97.7,100.0,99.4,100.0,99.8,100.0,100.0,100.0,,,100.0,0.0,0.0,0.0,0.0,0.0,0.0,0.0,2.3,0.0,0.6,0.0,0.2,0.0,0.0,0.0,,,0.0
2025,Nordeste,PB,2512101,Pombal,Total,Pública,0.0,0.0,0.0,0.0,0.0,0.0,0.2,0.3,0.0,0.1,0.0,0.1,0.7,0.5,0.0,,,0.5,100.0,100.0,100.0,100.0,100.0,99.2,98.7,99.2,99.7,99.2,100.0,99.6,98.1,99.2,100.0,,,99.0,0.0,0.0,0.0,0.0,0.0,0.8,1.1,0.5,0.3,0.7,0.0,0.3,1.2,0.3,0.0,,,0.5
2025,Nordeste,PB,2512101,Pombal,Urbana,Pública,0.0,0.0,0.0,0.0,0.0,0.0,0.2,0.3,0.0,0.1,0.0,0.1,0.7,0.5,0.0,,,0.5,100.0,100.0,100.0,100.0,100.0,99.2,98.7,99.2,99.7,99.2,100.0,99.6,98.1,99.2,100.0,,,99.0,0.0,0.0,0.0,0.0,0.0,0.8,1.1,0.5,0.3,0.7,0.0,0.3,1.2,0.3,0.0,,,0.5
2025,Nordeste,PB,2512101,Pombal,Rural,Pública,0.0,0.0,0.0,0.0,0.0,,,,,,0.0,0.0,,,,,,,100.0,100.0,100.0,100.0,100.0,,,,,,100.0,100.0,,,,,,,0.0,0.0,0.0,0.0,0.0,,,,,,0.0,0.0,,,,,,
2025,Nordeste,PB,2512200,Prata,Total,Total,0.0,0.0,0.0,0.0,0.0,0.0,0.0,0.0,0.0,0.0,0.0,0.0,0.0,0.0,0.0,,,0.0,100.0,100.0,100.0,100.0,100.0,98.0,100.0,100.0,100.0,99.6,100.0,99.8,100.0,100.0,100.0,,,100.0,0.0,0.0,0.0,0.0,0.0,2.0,0.0,0.0,0.0,0.4,0.0,0.2,0.0,0.0,0.0,,,0.0
2025,Nordeste,PB,2512200,Prata,Urbana,Total,0.0,0.0,0.0,0.0,0.0,0.0,0.0,0.0,0.0,0.0,0.0,0.0,0.0,0.0,0.0,,,0.0,100.0,100.0,100.0,100.0,100.0,98.0,100.0,100.0,100.0,99.6,100.0,99.8,100.0,100.0,100.0,,,100.0,0.0,0.0,0.0,0.0,0.0,2.0,0.0,0.0,0.0,0.4,0.0,0.2,0.0,0.0,0.0,,,0.0
2025,Nordeste,PB,2512200,Prata,Total,Estadual,,,,,,,,,0.0,0.0,,0.0,0.0,0.0,0.0,,,0.0,,,,,,,,,100.0,100.0,,100.0,100.0,100.0,100.0,,,100.0,,,,,,,,,0.0,0.0,,0.0,0.0,0.0,0.0,,,0.0
2025,Nordeste,PB,2512200,Prata,Urbana,Estadual,,,,,,,,,0.0,0.0,,0.0,0.0,0.0,0.0,,,0.0,,,,,,,,,100.0,100.0,,100.0,100.0,100.0,100.0,,,100.0,,,,,,,,,0.0,0.0,,0.0,0.0,0.0,0.0,,,0.0
2025,Nordeste,PB,2512200,Prata,Total,Municipal,0.0,0.0,0.0,0.0,0.0,0.0,0.0,0.0,0.0,0.0,0.0,0.0,,,,,,,100.0,100.0,100.0,100.0,100.0,98.0,100.0,100.0,100.0,99.5,100.0,99.8,,,,,,,0.0,0.0,0.0,0.0,0.0,2.0,0.0,0.0,0.0,0.5,0.0,0.2,,,,,,
2025,Nordeste,PB,2512200,Prata,Urbana,Municipal,0.0,0.0,0.0,0.0,0.0,0.0,0.0,0.0,0.0,0.0,0.0,0.0,,,,,,,100.0,100.0,100.0,100.0,100.0,98.0,100.0,100.0,100.0,99.5,100.0,99.8,,,,,,,0.0,0.0,0.0,0.0,0.0,2.0,0.0,0.0,0.0,0.5,0.0,0.2,,,,,,
2025,Nordeste,PB,2512200,Prata,Total,Pública,0.0,0.0,0.0,0.0,0.0,0.0,0.0,0.0,0.0,0.0,0.0,0.0,0.0,0.0,0.0,,,0.0,100.0,100.0,100.0,100.0,100.0,98.0,100.0,100.0,100.0,99.6,100.0,99.8,100.0,100.0,100.0,,,100.0,0.0,0.0,0.0,0.0,0.0,2.0,0.0,0.0,0.0,0.4,0.0,0.2,0.0,0.0,0.0,,,0.0
2025,Nordeste,PB,2512200,Prata,Urbana,Pública,0.0,0.0,0.0,0.0,0.0,0.0,0.0,0.0,0.0,0.0,0.0,0.0,0.0,0.0,0.0,,,0.0,100.0,100.0,100.0,100.0,100.0,98.0,100.0,100.0,100.0,99.6,100.0,99.8,100.0,100.0,100.0,,,100.0,0.0,0.0,0.0,0.0,0.0,2.0,0.0,0.0,0.0,0.4,0.0,0.2,0.0,0.0,0.0,,,0.0
2025,Nordeste,PB,2512309,Princesa Isabel,Total,Total,0.0,0.0,0.0,0.0,0.0,0.0,0.0,0.8,0.0,0.3,0.0,0.1,0.8,0.9,0.0,,,0.6,100.0,100.0,100.0,100.0,100.0,100.0,99.5,97.5,100.0,99.2,100.0,99.7,95.1,96.6,98.6,,,96.6,0.0,0.0,0.0,0.0,0.0,0.0,0.5,1.7,0.0,0.5,0.0,0.2,4.1,2.5,1.4,,,2.8
2025,Nordeste,PB,2512309,Princesa Isabel,Urbana,Total,0.0,0.0,0.0,0.0,0.0,0.0,0.0,0.8,0.0,0.3,0.0,0.1,0.8,0.9,0.0,,,0.6,100.0,100.0,100.0,100.0,100.0,100.0,99.5,97.5,100.0,99.2,100.0,99.6,95.1,96.6,98.6,,,96.6,0.0,0.0,0.0,0.0,0.0,0.0,0.5,1.7,0.0,0.5,0.0,0.3,4.1,2.5,1.4,,,2.8
2025,Nordeste,PB,2512309,Princesa Isabel,Rural,Total,0.0,0.0,0.0,0.0,0.0,,,,,,0.0,0.0,,,,,,,100.0,100.0,100.0,100.0,100.0,,,,,,100.0,100.0,,,,,,,0.0,0.0,0.0,0.0,0.0,,,,,,0.0,0.0,,,,,,
2025,Nordeste,PB,2512309,Princesa Isabel,Total,Federal,,,,,,,,,,,,,0.0,0.0,0.0,,,0.0,,,,,,,,,,,,,97.3,92.9,97.8,,,95.9,,,,,,,,,,,,,2.7,7.1,2.2,,,4.1
2025,Nordeste,PB,2512309,Princesa Isabel,Urbana,Federal,,,,,,,,,,,,,0.0,0.0,0.0,,,0.0,,,,,,,,,,,,,97.3,92.9,97.8,,,95.9,,,,,,,,,,,,,2.7,7.1,2.2,,,4.1
2025,Nordeste,PB,2512309,Princesa Isabel,Total,Estadual,0.0,0.0,0.0,0.0,0.0,0.0,0.0,2.7,0.0,0.8,0.0,0.6,1.1,1.4,0.0,,,0.8,100.0,100.0,100.0,100.0,100.0,100.0,97.0,92.0,100.0,97.2,100.0,97.9,94.2,98.6,99.0,,,97.0,0.0,0.0,0.0,0.0,0.0,0.0,3.0,5.3,0.0,2.0,0.0,1.5,4.7,0.0,1.0,,,2.2
2025,Nordeste,PB,2512309,Princesa Isabel,Urbana,Estadual,0.0,0.0,0.0,0.0,0.0,0.0,0.0,2.7,0.0,0.8,0.0,0.6,1.1,1.4,0.0,,,0.8,100.0,100.0,100.0,100.0,100.0,100.0,97.0,92.0,100.0,97.2,100.0,97.9,94.2,98.6,99.0,,,97.0,0.0,0.0,0.0,0.0,0.0,0.0,3.0,5.3,0.0,2.0,0.0,1.5,4.7,0.0,1.0,,,2.2
2025,Nordeste,PB,2512309,Princesa Isabel,Total,Municipal,0.0,0.0,0.0,0.0,0.0,0.0,0.0,0.0,0.0,0.0,0.0,0.0,,,,,,,100.0,100.0,100.0,100.0,100.0,100.0,100.0,100.0,100.0,100.0,100.0,100.0,,,,,,,0.0,0.0,0.0,0.0,0.0,0.0,0.0,0.0,0.0,0.0,0.0,0.0,,,,,,
2025,Nordeste,PB,2512309,Princesa Isabel,Urbana,Municipal,0.0,0.0,0.0,0.0,0.0,0.0,0.0,0.0,0.0,0.0,0.0,0.0,,,,,,,100.0,100.0,100.0,100.0,100.0,100.0,100.0,100.0,100.0,100.0,100.0,100.0,,,,,,,0.0,0.0,0.0,0.0,0.0,0.0,0.0,0.0,0.0,0.0,0.0,0.0,,,,,,
2025,Nordeste,PB,2512309,Princesa Isabel,Rural,Municipal,0.0,0.0,0.0,0.0,0.0,,,,,,0.0,0.0,,,,,,,100.0,100.0,100.0,100.0,100.0,,,,,,100.0,100.0,,,,,,,0.0,0.0,0.0,0.0,0.0,,,,,,0.0,0.0,,,,,,
2025,Nordeste,PB,2512309,Princesa Isabel,Total,Privada,0.0,0.0,0.0,0.0,,,,,,,0.0,0.0,,,,,,,100.0,100.0,100.0,100.0,,,,,,,100.0,100.0,,,,,,,0.0,0.0,0.0,0.0,,,,,,,0.0,0.0,,,,,,
2025,Nordeste,PB,2512309,Princesa Isabel,Urbana,Privada,0.0,0.0,0.0,0.0,,,,,,,0.0,0.0,,,,,,,100.0,100.0,100.0,100.0,,,,,,,100.0,100.0,,,,,,,0.0,0.0,0.0,0.0,,,,,,,0.0,0.0,,,,,,
2025,Nordeste,PB,2512309,Princesa Isabel,Total,Pública,0.0,0.0,0.0,0.0,0.0,0.0,0.0,0.8,0.0,0.3,0.0,0.1,0.8,0.9,0.0,,,0.6,100.0,100.0,100.0,100.0,100.0,100.0,99.5,97.5,100.0,99.2,100.0,99.7,95.1,96.6,98.6,,,96.6,0.0,0.0,0.0,0.0,0.0,0.0,0.5,1.7,0.0,0.5,0.0,0.2,4.1,2.5,1.4,,,2.8
2025,Nordeste,PB,2512309,Princesa Isabel,Urbana,Pública,0.0,0.0,0.0,0.0,0.0,0.0,0.0,0.8,0.0,0.3,0.0,0.1,0.8,0.9,0.0,,,0.6,100.0,100.0,100.0,100.0,100.0,100.0,99.5,97.5,100.0,99.2,100.0,99.6,95.1,96.6,98.6,,,96.6,0.0,0.0,0.0,0.0,0.0,0.0,0.5,1.7,0.0,0.5,0.0,0.3,4.1,2.5,1.4,,,2.8
2025,Nordeste,PB,2512309,Princesa Isabel,Rural,Pública,0.0,0.0,0.0,0.0,0.0,,,,,,0.0,0.0,,,,,,,100.0,100.0,100.0,100.0,100.0,,,,,,100.0,100.0,,,,,,,0.0,0.0,0.0,0.0,0.0,,,,,,0.0,0.0,,,,,,
2025,Nordeste,PB,2512408,Puxinanã,Total,Total,0.0,0.0,0.0,0.0,0.0,0.0,0.0,0.0,0.4,0.1,0.0,0.0,1.8,1.3,1.1,,,1.5,100.0,100.0,100.0,100.0,100.0,100.0,100.0,100.0,99.6,99.9,100.0,100.0,97.1,98.1,98.9,,,97.9,0.0,0.0,0.0,0.0,0.0,0.0,0.0,0.0,0.0,0.0,0.0,0.0,1.1,0.6,0.0,,,0.6
2025,Nordeste,PB,2512408,Puxinanã,Urbana,Total,0.0,0.0,0.0,0.0,0.0,,,,,,0.0,0.0,2.3,0.9,1.0,,,1.5,100.0,100.0,100.0,100.0,100.0,,,,,,100.0,100.0,97.7,98.7,99.0,,,98.4,0.0,0.0,0.0,0.0,0.0,,,,,,0.0,0.0,0.0,0.4,0.0,,,0.1
2025,Nordeste,PB,2512408,Puxinanã,Rural,Total,0.0,0.0,0.0,0.0,0.0,0.0,0.0,0.0,0.4,0.1,0.0,0.1,0.8,2.4,1.3,,,1.4,100.0,100.0,100.0,100.0,100.0,100.0,100.0,100.0,99.6,99.9,100.0,99.9,95.8,96.3,98.7,,,96.8,0.0,0.0,0.0,0.0,0.0,0.0,0.0,0.0,0.0,0.0,0.0,0.0,3.4,1.3,0.0,,,1.8
2025,Nordeste,PB,2512408,Puxinanã,Total,Estadual,,,,,,,,,,,,,1.8,1.3,1.1,,,1.5,,,,,,,,,,,,,97.1,98.1,98.9,,,97.9,,,,,,,,,,,,,1.1,0.6,0.0,,,0.6
2025,Nordeste,PB,2512408,Puxinanã,Urbana,Estadual,,,,,,,,,,,,,2.3,0.9,1.0,,,1.5,,,,,,,,,,,,,97.7,98.7,99.0,,,98.4,,,,,,,,,,,,,0.0,0.4,0.0,,,0.1
2025,Nordeste,PB,2512408,Puxinanã,Rural,Estadual,,,,,,,,,,,,,0.8,2.4,1.3,,,1.4,,,,,,,,,,,,,95.8,96.3,98.7,,,96.8,,,,,,,,,,,,,3.4,1.3,0.0,,,1.8
2025,Nordeste,PB,2512408,Puxinanã,Total,Municipal,0.0,0.0,0.0,0.0,0.0,0.0,0.0,0.0,0.4,0.1,0.0,0.0,,,,,,,100.0,100.0,100.0,100.0,100.0,100.0,100.0,100.0,99.6,99.9,100.0,100.0,,,,,,,0.0,0.0,0.0,0.0,0.0,0.0,0.0,0.0,0.0,0.0,0.0,0.0,,,,,,
2025,Nordeste,PB,2512408,Puxinanã,Urbana,Municipal,0.0,0.0,0.0,0.0,0.0,,,,,,0.0,0.0,,,,,,,100.0,100.0,100.0,100.0,100.0,,,,,,100.0,100.0,,,,,,,0.0,0.0,0.0,0.0,0.0,,,,,,0.0,0.0,,,,,,
2025,Nordeste,PB,2512408,Puxinanã,Rural,Municipal,0.0,0.0,0.0,0.0,0.0,0.0,0.0,0.0,0.4,0.1,0.0,0.1,,,,,,,100.0,100.0,100.0,100.0,100.0,100.0,100.0,100.0,99.6,99.9,100.0,99.9,,,,,,,0.0,0.0,0.0,0.0,0.0,0.0,0.0,0.0,0.0,0.0,0.0,0.0,,,,,,
2025,Nordeste,PB,2512408,Puxinanã,Total,Pública,0.0,0.0,0.0,0.0,0.0,0.0,0.0,0.0,0.4,0.1,0.0,0.0,1.8,1.3,1.1,,,1.5,100.0,100.0,100.0,100.0,100.0,100.0,100.0,100.0,99.6,99.9,100.0,100.0,97.1,98.1,98.9,,,97.9,0.0,0.0,0.0,0.0,0.0,0.0,0.0,0.0,0.0,0.0,0.0,0.0,1.1,0.6,0.0,,,0.6
2025,Nordeste,PB,2512408,Puxinanã,Urbana,Pública,0.0,0.0,0.0,0.0,0.0,,,,,,0.0,0.0,2.3,0.9,1.0,,,1.5,100.0,100.0,100.0,100.0,100.0,,,,,,100.0,100.0,97.7,98.7,99.0,,,98.4,0.0,0.0,0.0,0.0,0.0,,,,,,0.0,0.0,0.0,0.4,0.0,,,0.1
2025,Nordeste,PB,2512408,Puxinanã,Rural,Pública,0.0,0.0,0.0,0.0,0.0,0.0,0.0,0.0,0.4,0.1,0.0,0.1,0.8,2.4,1.3,,,1.4,100.0,100.0,100.0,100.0,100.0,100.0,100.0,100.0,99.6,99.9,100.0,99.9,95.8,96.3,98.7,,,96.8,0.0,0.0,0.0,0.0,0.0,0.0,0.0,0.0,0.0,0.0,0.0,0.0,3.4,1.3,0.0,,,1.8
2025,Nordeste,PB,2512507,Queimadas,Total,Total,0.0,0.0,0.0,0.0,0.0,0.0,0.2,0.3,0.0,0.1,0.0,0.0,7.0,6.3,3.4,,,5.9,100.0,100.0,99.9,100.0,99.7,100.0,99.4,99.6,100.0,99.8,99.9,99.9,88.9,91.2,95.8,,,91.4,0.0,0.0,0.1,0.0,0.3,0.0,0.4,0.1,0.0,0.1,0.1,0.1,4.1,2.5,0.8,,,2.7
2025,Nordeste,PB,2512507,Queimadas,Urbana,Total,0.0,0.0,0.0,0.0,0.0,0.0,0.2,0.3,0.0,0.1,0.0,0.1,6.1,4.1,2.9,,,4.6,100.0,100.0,99.7,100.0,99.3,100.0,99.3,99.5,100.0,99.7,99.8,99.7,91.2,94.6,96.2,,,93.6,0.0,0.0,0.3,0.0,0.7,0.0,0.5,0.2,0.0,0.2,0.2,0.2,2.7,1.3,0.9,,,1.8
2025,Nordeste,PB,2512507,Queimadas,Rural,Total,0.0,0.0,0.0,0.0,0.0,0.0,0.0,0.0,0.0,0.0,0.0,0.0,8.8,11.8,4.5,,,8.5,100.0,100.0,100.0,100.0,100.0,100.0,100.0,100.0,100.0,100.0,100.0,100.0,83.9,82.9,94.9,,,86.7,0.0,0.0,0.0,0.0,0.0,0.0,0.0,0.0,0.0,0.0,0.0,0.0,7.3,5.3,0.6,,,4.8
2025,Nordeste,PB,2512507,Queimadas,Total,Estadual,,,,,,,3.4,3.1,0.0,1.5,,1.5,7.2,6.3,3.3,,,5.9,,,,,,,89.7,96.9,100.0,96.9,,96.9,88.8,91.1,95.9,,,91.4,,,,,,,6.9,0.0,0.0,1.6,,1.6,4.0,2.6,0.8,,,2.7
2025,Nordeste,PB,2512507,Queimadas,Urbana,Estadual,,,,,,,3.4,3.1,0.0,1.5,,1.5,6.5,3.9,2.7,,,4.7,,,,,,,89.7,96.9,100.0,96.9,,96.9,91.0,94.7,96.4,,,93.6,,,,,,,6.9,0.0,0.0,1.6,,1.6,2.5,1.4,0.9,,,1.7
2025,Nordeste,PB,2512507,Queimadas,Rural,Estadual,,,,,,,,,,,,,8.8,11.8,4.5,,,8.5,,,,,,,,,,,,,83.9,82.9,94.9,,,86.7,,,,,,,,,,,,,7.3,5.3,0.6,,,4.8
2025,Nordeste,PB,2512507,Queimadas,Total,Municipal,0.0,0.0,0.0,0.0,0.0,0.0,0.0,0.1,0.0,0.0,0.0,0.0,,,,,,,100.0,100.0,100.0,100.0,100.0,100.0,100.0,99.9,100.0,100.0,100.0,100.0,,,,,,,0.0,0.0,0.0,0.0,0.0,0.0,0.0,0.0,0.0,0.0,0.0,0.0,,,,,,
2025,Nordeste,PB,2512507,Queimadas,Urbana,Municipal,0.0,0.0,0.0,0.0,0.0,0.0,0.0,0.2,0.0,0.1,0.0,0.0,,,,,,,100.0,100.0,100.0,100.0,100.0,100.0,100.0,99.8,100.0,99.9,100.0,100.0,,,,,,,0.0,0.0,0.0,0.0,0.0,0.0,0.0,0.0,0.0,0.0,0.0,0.0,,,,,,
2025,Nordeste,PB,2512507,Queimadas,Rural,Municipal,0.0,0.0,0.0,0.0,0.0,0.0,0.0,0.0,0.0,0.0,0.0,0.0,,,,,,,100.0,100.0,100.0,100.0,100.0,100.0,100.0,100.0,100.0,100.0,100.0,100.0,,,,,,,0.0,0.0,0.0,0.0,0.0,0.0,0.0,0.0,0.0,0.0,0.0,0.0,,,,,,
2025,Nordeste,PB,2512507,Queimadas,Total,Privada,0.0,0.0,0.0,0.0,0.0,0.0,0.0,0.0,0.0,0.0,0.0,0.0,0.0,5.9,7.7,,,3.3,100.0,100.0,99.2,100.0,98.4,100.0,98.5,98.8,100.0,99.3,99.5,99.5,93.5,94.1,92.3,,,93.4,0.0,0.0,0.8,0.0,1.6,0.0,1.5,1.2,0.0,0.7,0.5,0.5,6.5,0.0,0.0,,,3.3
2025,Nordeste,PB,2512507,Queimadas,Urbana,Privada,0.0,0.0,0.0,0.0,0.0,0.0,0.0,0.0,0.0,0.0,0.0,0.0,0.0,5.9,7.7,,,3.3,100.0,100.0,99.2,100.0,98.4,100.0,98.5,98.8,100.0,99.3,99.5,99.5,93.5,94.1,92.3,,,93.4,0.0,0.0,0.8,0.0,1.6,0.0,1.5,1.2,0.0,0.7,0.5,0.5,6.5,0.0,0.0,,,3.3
2025,Nordeste,PB,2512507,Queimadas,Total,Pública,0.0,0.0,0.0,0.0,0.0,0.0,0.2,0.3,0.0,0.1,0.0,0.1,7.2,6.3,3.3,,,5.9,100.0,100.0,100.0,100.0,100.0,100.0,99.5,99.7,100.0,99.8,100.0,99.9,88.8,91.1,95.9,,,91.4,0.0,0.0,0.0,0.0,0.0,0.0,0.3,0.0,0.0,0.1,0.0,0.0,4.0,2.6,0.8,,,2.7
2025,Nordeste,PB,2512507,Queimadas,Urbana,Pública,0.0,0.0,0.0,0.0,0.0,0.0,0.2,0.4,0.0,0.1,0.0,0.1,6.5,3.9,2.7,,,4.7,100.0,100.0,100.0,100.0,100.0,100.0,99.4,99.6,100.0,99.8,100.0,99.8,91.0,94.7,96.4,,,93.6,0.0,0.0,0.0,0.0,0.0,0.0,0.4,0.0,0.0,0.1,0.0,0.1,2.5,1.4,0.9,,,1.7
2025,Nordeste,PB,2512507,Queimadas,Rural,Pública,0.0,0.0,0.0,0.0,0.0,0.0,0.0,0.0,0.0,0.0,0.0,0.0,8.8,11.8,4.5,,,8.5,100.0,100.0,100.0,100.0,100.0,100.0,100.0,100.0,100.0,100.0,100.0,100.0,83.9,82.9,94.9,,,86.7,0.0,0.0,0.0,0.0,0.0,0.0,0.0,0.0,0.0,0.0,0.0,0.0,7.3,5.3,0.6,,,4.8
2025,Nordeste,PB,2512606,Quixaba,Total,Total,0.0,0.0,0.0,0.0,0.0,0.0,0.0,0.0,0.0,0.0,0.0,0.0,0.0,0.0,0.0,,,0.0,100.0,100.0,100.0,100.0,100.0,100.0,100.0,100.0,100.0,100.0,100.0,100.0,100.0,100.0,100.0,,,100.0,0.0,0.0,0.0,0.0,0.0,0.0,0.0,0.0,0.0,0.0,0.0,0.0,0.0,0.0,0.0,,,0.0
2025,Nordeste,PB,2512606,Quixaba,Urbana,Total,0.0,0.0,0.0,0.0,0.0,0.0,0.0,0.0,0.0,0.0,0.0,0.0,0.0,0.0,0.0,,,0.0,100.0,100.0,100.0,100.0,100.0,100.0,100.0,100.0,100.0,100.0,100.0,100.0,100.0,100.0,100.0,,,100.0,0.0,0.0,0.0,0.0,0.0,0.0,0.0,0.0,0.0,0.0,0.0,0.0,0.0,0.0,0.0,,,0.0
2025,Nordeste,PB,2512606,Quixaba,Rural,Total,0.0,0.0,0.0,0.0,,,,,,,0.0,0.0,,,,,,,100.0,100.0,100.0,100.0,,,,,,,100.0,100.0,,,,,,,0.0,0.0,0.0,0.0,,,,,,,0.0,0.0,,,,,,
2025,Nordeste,PB,2512606,Quixaba,Total,Estadual,,,,,,,,,,,,,0.0,0.0,0.0,,,0.0,,,,,,,,,,,,,100.0,100.0,100.0,,,100.0,,,,,,,,,,,,,0.0,0.0,0.0,,,0.0
2025,Nordeste,PB,2512606,Quixaba,Urbana,Estadual,,,,,,,,,,,,,0.0,0.0,0.0,,,0.0,,,,,,,,,,,,,100.0,100.0,100.0,,,100.0,,,,,,,,,,,,,0.0,0.0,0.0,,,0.0
2025,Nordeste,PB,2512606,Quixaba,Total,Municipal,0.0,0.0,0.0,0.0,0.0,0.0,0.0,0.0,0.0,0.0,0.0,0.0,,,,,,,100.0,100.0,100.0,100.0,100.0,100.0,100.0,100.0,100.0,100.0,100.0,100.0,,,,,,,0.0,0.0,0.0,0.0,0.0,0.0,0.0,0.0,0.0,0.0,0.0,0.0,,,,,,
2025,Nordeste,PB,2512606,Quixaba,Urbana,Municipal,0.0,0.0,0.0,0.0,0.0,0.0,0.0,0.0,0.0,0.0,0.0,0.0,,,,,,,100.0,100.0,100.0,100.0,100.0,100.0,100.0,100.0,100.0,100.0,100.0,100.0,,,,,,,0.0,0.0,0.0,0.0,0.0,0.0,0.0,0.0,0.0,0.0,0.0,0.0,,,,,,
2025,Nordeste,PB,2512606,Quixaba,Rural,Municipal,0.0,0.0,0.0,0.0,,,,,,,0.0,0.0,,,,,,,100.0,100.0,100.0,100.0,,,,,,,100.0,100.0,,,,,,,0.0,0.0,0.0,0.0,,,,,,,0.0,0.0,,,,,,
2025,Nordeste,PB,2512606,Quixaba,Total,Pública,0.0,0.0,0.0,0.0,0.0,0.0,0.0,0.0,0.0,0.0,0.0,0.0,0.0,0.0,0.0,,,0.0,100.0,100.0,100.0,100.0,100.0,100.0,100.0,100.0,100.0,100.0,100.0,100.0,100.0,100.0,100.0,,,100.0,0.0,0.0,0.0,0.0,0.0,0.0,0.0,0.0,0.0,0.0,0.0,0.0,0.0,0.0,0.0,,,0.0
2025,Nordeste,PB,2512606,Quixaba,Urbana,Pública,0.0,0.0,0.0,0.0,0.0,0.0,0.0,0.0,0.0,0.0,0.0,0.0,0.0,0.0,0.0,,,0.0,100.0,100.0,100.0,100.0,100.0,100.0,100.0,100.0,100.0,100.0,100.0,100.0,100.0,100.0,100.0,,,100.0,0.0,0.0,0.0,0.0,0.0,0.0,0.0,0.0,0.0,0.0,0.0,0.0,0.0,0.0,0.0,,,0.0
2025,Nordeste,PB,2512606,Quixaba,Rural,Pública,0.0,0.0,0.0,0.0,,,,,,,0.0,0.0,,,,,,,100.0,100.0,100.0,100.0,,,,,,,100.0,100.0,,,,,,,0.0,0.0,0.0,0.0,,,,,,,0.0,0.0,,,,,,
2025,Nordeste,PB,2512705,Remígio,Total,Total,0.0,0.0,0.0,0.0,0.0,5.6,5.6,3.3,3.0,4.5,0.0,2.0,3.1,2.3,3.3,,,2.9,100.0,100.0,99.6,100.0,99.6,78.2,81.0,89.8,92.8,84.8,99.8,93.0,83.9,84.6,95.1,,,87.0,0.0,0.0,0.4,0.0,0.4,16.2,13.4,6.9,4.2,10.7,0.2,5.0,13.0,13.1,1.6,,,10.1
2025,Nordeste,PB,2512705,Remígio,Urbana,Total,0.0,0.0,0.0,0.0,0.0,5.7,5.8,3.3,2.6,4.6,0.0,2.2,3.1,2.3,3.3,,,2.9,100.0,100.0,99.5,100.0,99.6,78.1,80.5,89.5,93.1,84.6,99.8,92.4,83.9,84.6,95.1,,,87.0,0.0,0.0,0.5,0.0,0.4,16.2,13.7,7.2,4.3,10.8,0.2,5.4,13.0,13.1,1.6,,,10.1
2025,Nordeste,PB,2512705,Remígio,Rural,Total,0.0,0.0,0.0,0.0,0.0,0.0,0.0,0.0,16.7,2.6,0.0,0.4,,,,,,,100.0,100.0,100.0,100.0,100.0,81.8,92.3,100.0,83.3,89.7,100.0,98.3,,,,,,,0.0,0.0,0.0,0.0,0.0,18.2,7.7,0.0,0.0,7.7,0.0,1.3,,,,,,
2025,Nordeste,PB,2512705,Remígio,Total,Estadual,,,,,,,,1.6,1.5,1.6,,1.6,3.1,2.3,3.3,,,2.9,,,,,,,,98.4,98.5,98.4,,98.4,83.9,84.6,95.1,,,87.0,,,,,,,,0.0,0.0,0.0,,0.0,13.0,13.1,1.6,,,10.1
2025,Nordeste,PB,2512705,Remígio,Urbana,Estadual,,,,,,,,1.6,1.5,1.6,,1.6,3.1,2.3,3.3,,,2.9,,,,,,,,98.4,98.5,98.4,,98.4,83.9,84.6,95.1,,,87.0,,,,,,,,0.0,0.0,0.0,,0.0,13.0,13.1,1.6,,,10.1
2025,Nordeste,PB,2512705,Remígio,Total,Municipal,0.0,0.0,0.0,0.0,0.0,6.5,6.3,4.1,3.9,5.5,0.0,2.4,,,,,,,100.0,100.0,100.0,100.0,99.6,74.6,78.6,86.0,89.5,80.8,99.9,91.4,,,,,,,0.0,0.0,0.0,0.0,0.4,18.9,15.1,9.9,6.6,13.7,0.1,6.2,,,,,,
2025,Nordeste,PB,2512705,Remígio,Urbana,Municipal,0.0,0.0,0.0,0.0,0.0,6.7,6.7,4.3,3.5,5.6,0.0,2.7,,,,,,,100.0,100.0,100.0,100.0,99.5,74.3,77.8,85.3,89.7,80.4,99.9,90.4,,,,,,,0.0,0.0,0.0,0.0,0.5,19.0,15.5,10.4,6.8,14.0,0.1,6.9,,,,,,
2025,Nordeste,PB,2512705,Remígio,Rural,Municipal,0.0,0.0,0.0,0.0,0.0,0.0,0.0,0.0,16.7,2.6,0.0,0.4,,,,,,,100.0,100.0,100.0,100.0,100.0,81.8,92.3,100.0,83.3,89.7,100.0,98.3,,,,,,,0.0,0.0,0.0,0.0,0.0,18.2,7.7,0.0,0.0,7.7,0.0,1.3,,,,,,
2025,Nordeste,PB,2512705,Remígio,Total,Privada,0.0,0.0,0.0,0.0,0.0,0.0,0.0,0.0,0.0,0.0,0.0,0.0,,,,,,,100.0,100.0,97.4,100.0,100.0,100.0,97.4,100.0,100.0,99.1,99.6,99.4,,,,,,,0.0,0.0,2.6,0.0,0.0,0.0,2.6,0.0,0.0,0.9,0.4,0.6,,,,,,
2025,Nordeste,PB,2512705,Remígio,Urbana,Privada,0.0,0.0,0.0,0.0,0.0,0.0,0.0,0.0,0.0,0.0,0.0,0.0,,,,,,,100.0,100.0,97.4,100.0,100.0,100.0,97.4,100.0,100.0,99.1,99.6,99.4,,,,,,,0.0,0.0,2.6,0.0,0.0,0.0,2.6,0.0,0.0,0.9,0.4,0.6,,,,,,
2025,Nordeste,PB,2512705,Remígio,Total,Pública,0.0,0.0,0.0,0.0,0.0,6.5,6.3,3.4,3.2,5.0,0.0,2.4,3.1,2.3,3.3,,,2.9,100.0,100.0,100.0,100.0,99.6,74.6,78.6,89.3,92.2,83.1,99.9,91.8,83.9,84.6,95.1,,,87.0,0.0,0.0,0.0,0.0,0.4,18.9,15.1,7.3,4.6,11.9,0.1,5.8,13.0,13.1,1.6,,,10.1
2025,Nordeste,PB,2512705,Remígio,Urbana,Pública,0.0,0.0,0.0,0.0,0.0,6.7,6.7,3.6,2.8,5.0,0.0,2.6,3.1,2.3,3.3,,,2.9,100.0,100.0,100.0,100.0,99.5,74.3,77.8,88.8,92.5,82.9,99.9,91.0,83.9,84.6,95.1,,,87.0,0.0,0.0,0.0,0.0,0.5,19.0,15.5,7.6,4.7,12.1,0.1,6.4,13.0,13.1,1.6,,,10.1
2025,Nordeste,PB,2512705,Remígio,Rural,Pública,0.0,0.0,0.0,0.0,0.0,0.0,0.0,0.0,16.7,2.6,0.0,0.4,,,,,,,100.0,100.0,100.0,100.0,100.0,81.8,92.3,100.0,83.3,89.7,100.0,98.3,,,,,,,0.0,0.0,0.0,0.0,0.0,18.2,7.7,0.0,0.0,7.7,0.0,1.3,,,,,,
2025,Nordeste,PB,2512721,Pedro Régis,Total,Total,0.0,0.0,0.0,0.0,0.0,1.9,1.1,1.2,0.0,1.1,0.0,0.6,5.1,7.8,0.0,,,5.2,100.0,100.0,100.0,100.0,100.0,97.1,97.8,98.8,100.0,98.3,100.0,99.1,91.5,90.2,100.0,,,92.6,0.0,0.0,0.0,0.0,0.0,1.0,1.1,0.0,0.0,0.6,0.0,0.3,3.4,2.0,0.0,,,2.2
2025,Nordeste,PB,2512721,Pedro Régis,Urbana,Total,0.0,0.0,0.0,0.0,0.0,1.4,1.7,2.0,0.0,1.4,0.0,0.9,5.1,7.8,0.0,,,5.2,100.0,100.0,100.0,100.0,100.0,98.6,98.3,98.0,100.0,98.6,100.0,99.1,91.5,90.2,100.0,,,92.6,0.0,0.0,0.0,0.0,0.0,0.0,0.0,0.0,0.0,0.0,0.0,0.0,3.4,2.0,0.0,,,2.2
2025,Nordeste,PB,2512721,Pedro Régis,Rural,Total,0.0,0.0,0.0,0.0,0.0,3.1,0.0,0.0,0.0,0.7,0.0,0.3,,,,,,,100.0,100.0,100.0,100.0,100.0,93.9,97.1,100.0,100.0,97.8,100.0,99.2,,,,,,,0.0,0.0,0.0,0.0,0.0,3.0,2.9,0.0,0.0,1.5,0.0,0.5,,,,,,
2025,Nordeste,PB,2512721,Pedro Régis,Total,Estadual,,,,,,,,,,,,,5.1,7.8,0.0,,,5.2,,,,,,,,,,,,,91.5,90.2,100.0,,,92.6,,,,,,,,,,,,,3.4,2.0,0.0,,,2.2
2025,Nordeste,PB,2512721,Pedro Régis,Urbana,Estadual,,,,,,,,,,,,,5.1,7.8,0.0,,,5.2,,,,,,,,,,,,,91.5,90.2,100.0,,,92.6,,,,,,,,,,,,,3.4,2.0,0.0,,,2.2
2025,Nordeste,PB,2512721,Pedro Régis,Total,Municipal,0.0,0.0,0.0,0.0,0.0,1.9,1.1,1.2,0.0,1.1,0.0,0.6,,,,,,,100.0,100.0,100.0,100.0,100.0,97.1,97.8,98.8,100.0,98.3,100.0,99.1,,,,,,,0.0,0.0,0.0,0.0,0.0,1.0,1.1,0.0,0.0,0.6,0.0,0.3,,,,,,
2025,Nordeste,PB,2512721,Pedro Régis,Urbana,Municipal,0.0,0.0,0.0,0.0,0.0,1.4,1.7,2.0,0.0,1.4,0.0,0.9,,,,,,,100.0,100.0,100.0,100.0,100.0,98.6,98.3,98.0,100.0,98.6,100.0,99.1,,,,,,,0.0,0.0,0.0,0.0,0.0,0.0,0.0,0.0,0.0,0.0,0.0,0.0,,,,,,
2025,Nordeste,PB,2512721,Pedro Régis,Rural,Municipal,0.0,0.0,0.0,0.0,0.0,3.1,0.0,0.0,0.0,0.7,0.0,0.3,,,,,,,100.0,100.0,100.0,100.0,100.0,93.9,97.1,100.0,100.0,97.8,100.0,99.2,,,,,,,0.0,0.0,0.0,0.0,0.0,3.0,2.9,0.0,0.0,1.5,0.0,0.5,,,,,,
2025,Nordeste,PB,2512721,Pedro Régis,Total,Pública,0.0,0.0,0.0,0.0,0.0,1.9,1.1,1.2,0.0,1.1,0.0,0.6,5.1,7.8,0.0,,,5.2,100.0,100.0,100.0,100.0,100.0,97.1,97.8,98.8,100.0,98.3,100.0,99.1,91.5,90.2,100.0,,,92.6,0.0,0.0,0.0,0.0,0.0,1.0,1.1,0.0,0.0,0.6,0.0,0.3,3.4,2.0,0.0,,,2.2
2025,Nordeste,PB,2512721,Pedro Régis,Urbana,Pública,0.0,0.0,0.0,0.0,0.0,1.4,1.7,2.0,0.0,1.4,0.0,0.9,5.1,7.8,0.0,,,5.2,100.0,100.0,100.0,100.0,100.0,98.6,98.3,98.0,100.0,98.6,100.0,99.1,91.5,90.2,100.0,,,92.6,0.0,0.0,0.0,0.0,0.0,0.0,0.0,0.0,0.0,0.0,0.0,0.0,3.4,2.0,0.0,,,2.2
2025,Nordeste,PB,2512721,Pedro Régis,Rural,Pública,0.0,0.0,0.0,0.0,0.0,3.1,0.0,0.0,0.0,0.7,0.0,0.3,,,,,,,100.0,100.0,100.0,100.0,100.0,93.9,97.1,100.0,100.0,97.8,100.0,99.2,,,,,,,0.0,0.0,0.0,0.0,0.0,3.0,2.9,0.0,0.0,1.5,0.0,0.5,,,,,,
2025,Nordeste,PB,2512747,Riachão,Total,Total,0.0,0.0,0.0,0.0,0.0,0.0,0.0,0.0,0.0,0.0,0.0,0.0,2.1,0.0,0.0,,,0.9,100.0,100.0,100.0,100.0,100.0,100.0,100.0,100.0,100.0,100.0,100.0,100.0,97.9,100.0,100.0,,,99.1,0.0,0.0,0.0,0.0,0.0,0.0,0.0,0.0,0.0,0.0,0.0,0.0,0.0,0.0,0.0,,,0.0
2025,Nordeste,PB,2512747,Riachão,Urbana,Total,0.0,0.0,0.0,0.0,0.0,0.0,0.0,0.0,0.0,0.0,0.0,0.0,2.1,0.0,0.0,,,0.9,100.0,100.0,100.0,100.0,100.0,100.0,100.0,100.0,100.0,100.0,100.0,100.0,97.9,100.0,100.0,,,99.1,0.0,0.0,0.0,0.0,0.0,0.0,0.0,0.0,0.0,0.0,0.0,0.0,0.0,0.0,0.0,,,0.0
2025,Nordeste,PB,2512747,Riachão,Rural,Total,0.0,0.0,0.0,0.0,0.0,,,,,,0.0,0.0,,,,,,,100.0,100.0,100.0,100.0,100.0,,,,,,100.0,100.0,,,,,,,0.0,0.0,0.0,0.0,0.0,,,,,,0.0,0.0,,,,,,
2025,Nordeste,PB,2512747,Riachão,Total,Estadual,,,,,,,,,,,,,2.1,0.0,0.0,,,0.9,,,,,,,,,,,,,97.9,100.0,100.0,,,99.1,,,,,,,,,,,,,0.0,0.0,0.0,,,0.0
2025,Nordeste,PB,2512747,Riachão,Urbana,Estadual,,,,,,,,,,,,,2.1,0.0,0.0,,,0.9,,,,,,,,,,,,,97.9,100.0,100.0,,,99.1,,,,,,,,,,,,,0.0,0.0,0.0,,,0.0
2025,Nordeste,PB,2512747,Riachão,Total,Municipal,0.0,0.0,0.0,0.0,0.0,0.0,0.0,0.0,0.0,0.0,0.0,0.0,,,,,,,100.0,100.0,100.0,100.0,100.0,100.0,100.0,100.0,100.0,100.0,100.0,100.0,,,,,,,0.0,0.0,0.0,0.0,0.0,0.0,0.0,0.0,0.0,0.0,0.0,0.0,,,,,,
2025,Nordeste,PB,2512747,Riachão,Urbana,Municipal,0.0,0.0,0.0,0.0,0.0,0.0,0.0,0.0,0.0,0.0,0.0,0.0,,,,,,,100.0,100.0,100.0,100.0,100.0,100.0,100.0,100.0,100.0,100.0,100.0,100.0,,,,,,,0.0,0.0,0.0,0.0,0.0,0.0,0.0,0.0,0.0,0.0,0.0,0.0,,,,,,
2025,Nordeste,PB,2512747,Riachão,Rural,Municipal,0.0,0.0,0.0,0.0,0.0,,,,,,0.0,0.0,,,,,,,100.0,100.0,100.0,100.0,100.0,,,,,,100.0,100.0,,,,,,,0.0,0.0,0.0,0.0,0.0,,,,,,0.0,0.0,,,,,,
2025,Nordeste,PB,2512747,Riachão,Total,Pública,0.0,0.0,0.0,0.0,0.0,0.0,0.0,0.0,0.0,0.0,0.0,0.0,2.1,0.0,0.0,,,0.9,100.0,100.0,100.0,100.0,100.0,100.0,100.0,100.0,100.0,100.0,100.0,100.0,97.9,100.0,100.0,,,99.1,0.0,0.0,0.0,0.0,0.0,0.0,0.0,0.0,0.0,0.0,0.0,0.0,0.0,0.0,0.0,,,0.0
2025,Nordeste,PB,2512747,Riachão,Urbana,Pública,0.0,0.0,0.0,0.0,0.0,0.0,0.0,0.0,0.0,0.0,0.0,0.0,2.1,0.0,0.0,,,0.9,100.0,100.0,100.0,100.0,100.0,100.0,100.0,100.0,100.0,100.0,100.0,100.0,97.9,100.0,100.0,,,99.1,0.0,0.0,0.0,0.0,0.0,0.0,0.0,0.0,0.0,0.0,0.0,0.0,0.0,0.0,0.0,,,0.0
2025,Nordeste,PB,2512747,Riachão,Rural,Pública,0.0,0.0,0.0,0.0,0.0,,,,,,0.0,0.0,,,,,,,100.0,100.0,100.0,100.0,100.0,,,,,,100.0,100.0,,,,,,,0.0,0.0,0.0,0.0,0.0,,,,,,0.0,0.0,,,,,,
2025,Nordeste,PB,2512754,Riachão do Bacamarte,Total,Total,0.0,0.0,0.0,0.0,0.0,0.0,0.0,0.0,0.0,0.0,0.0,0.0,2.9,2.0,0.0,,,1.9,100.0,100.0,100.0,100.0,100.0,100.0,100.0,100.0,100.0,100.0,100.0,100.0,91.4,98.0,100.0,,,95.7,0.0,0.0,0.0,0.0,0.0,0.0,0.0,0.0,0.0,0.0,0.0,0.0,5.7,0.0,0.0,,,2.4
2025,Nordeste,PB,2512754,Riachão do Bacamarte,Urbana,Total,0.0,0.0,0.0,0.0,0.0,0.0,0.0,0.0,0.0,0.0,0.0,0.0,2.9,2.0,0.0,,,1.9,100.0,100.0,100.0,100.0,100.0,100.0,100.0,100.0,100.0,100.0,100.0,100.0,91.4,98.0,100.0,,,95.7,0.0,0.0,0.0,0.0,0.0,0.0,0.0,0.0,0.0,0.0,0.0,0.0,5.7,0.0,0.0,,,2.4
2025,Nordeste,PB,2512754,Riachão do Bacamarte,Rural,Total,0.0,0.0,0.0,0.0,0.0,0.0,0.0,0.0,0.0,0.0,0.0,0.0,,,,,,,100.0,100.0,100.0,100.0,100.0,100.0,100.0,100.0,100.0,100.0,100.0,100.0,,,,,,,0.0,0.0,0.0,0.0,0.0,0.0,0.0,0.0,0.0,0.0,0.0,0.0,,,,,,
2025,Nordeste,PB,2512754,Riachão do Bacamarte,Total,Estadual,,,,,,,,,,,,,2.9,2.0,0.0,,,1.9,,,,,,,,,,,,,91.4,98.0,100.0,,,95.7,,,,,,,,,,,,,5.7,0.0,0.0,,,2.4
2025,Nordeste,PB,2512754,Riachão do Bacamarte,Urbana,Estadual,,,,,,,,,,,,,2.9,2.0,0.0,,,1.9,,,,,,,,,,,,,91.4,98.0,100.0,,,95.7,,,,,,,,,,,,,5.7,0.0,0.0,,,2.4
2025,Nordeste,PB,2512754,Riachão do Bacamarte,Total,Municipal,0.0,0.0,0.0,0.0,0.0,0.0,0.0,0.0,0.0,0.0,0.0,0.0,,,,,,,100.0,100.0,100.0,100.0,100.0,100.0,100.0,100.0,100.0,100.0,100.0,100.0,,,,,,,0.0,0.0,0.0,0.0,0.0,0.0,0.0,0.0,0.0,0.0,0.0,0.0,,,,,,
2025,Nordeste,PB,2512754,Riachão do Bacamarte,Urbana,Municipal,0.0,0.0,0.0,0.0,0.0,0.0,0.0,0.0,0.0,0.0,0.0,0.0,,,,,,,100.0,100.0,100.0,100.0,100.0,100.0,100.0,100.0,100.0,100.0,100.0,100.0,,,,,,,0.0,0.0,0.0,0.0,0.0,0.0,0.0,0.0,0.0,0.0,0.0,0.0,,,,,,
2025,Nordeste,PB,2512754,Riachão do Bacamarte,Rural,Municipal,0.0,0.0,0.0,0.0,0.0,0.0,0.0,0.0,0.0,0.0,0.0,0.0,,,,,,,100.0,100.0,100.0,100.0,100.0,100.0,100.0,100.0,100.0,100.0,100.0,100.0,,,,,,,0.0,0.0,0.0,0.0,0.0,0.0,0.0,0.0,0.0,0.0,0.0,0.0,,,,,,
2025,Nordeste,PB,2512754,Riachão do Bacamarte,Total,Pública,0.0,0.0,0.0,0.0,0.0,0.0,0.0,0.0,0.0,0.0,0.0,0.0,2.9,2.0,0.0,,,1.9,100.0,100.0,100.0,100.0,100.0,100.0,100.0,100.0,100.0,100.0,100.0,100.0,91.4,98.0,100.0,,,95.7,0.0,0.0,0.0,0.0,0.0,0.0,0.0,0.0,0.0,0.0,0.0,0.0,5.7,0.0,0.0,,,2.4
2025,Nordeste,PB,2512754,Riachão do Bacamarte,Urbana,Pública,0.0,0.0,0.0,0.0,0.0,0.0,0.0,0.0,0.0,0.0,0.0,0.0,2.9,2.0,0.0,,,1.9,100.0,100.0,100.0,100.0,100.0,100.0,100.0,100.0,100.0,100.0,100.0,100.0,91.4,98.0,100.0,,,95.7,0.0,0.0,0.0,0.0,0.0,0.0,0.0,0.0,0.0,0.0,0.0,0.0,5.7,0.0,0.0,,,2.4
2025,Nordeste,PB,2512754,Riachão do Bacamarte,Rural,Pública,0.0,0.0,0.0,0.0,0.0,0.0,0.0,0.0,0.0,0.0,0.0,0.0,,,,,,,100.0,100.0,100.0,100.0,100.0,100.0,100.0,100.0,100.0,100.0,100.0,100.0,,,,,,,0.0,0.0,0.0,0.0,0.0,0.0,0.0,0.0,0.0,0.0,0.0,0.0,,,,,,
2025,Nordeste,PB,2512762,Riachão do Poço,Total,Total,0.0,0.0,0.0,0.0,0.0,0.0,0.0,5.0,0.0,1.5,0.0,0.6,2.1,0.0,2.4,,,1.5,99.0,100.0,96.8,97.5,90.4,86.9,95.5,89.9,100.0,92.9,96.9,95.4,97.9,98.0,97.6,,,97.8,1.0,0.0,3.2,2.5,9.6,13.1,4.5,5.1,0.0,5.6,3.1,4.0,0.0,2.0,0.0,,,0.7
2025,Nordeste,PB,2512762,Riachão do Poço,Urbana,Total,0.0,0.0,0.0,0.0,0.0,0.0,0.0,5.0,0.0,1.5,0.0,0.9,2.1,0.0,2.4,,,1.5,97.4,100.0,100.0,95.8,89.3,86.9,95.5,89.9,100.0,92.9,96.3,94.2,97.9,98.0,97.6,,,97.8,2.6,0.0,0.0,4.2,10.7,13.1,4.5,5.1,0.0,5.6,3.7,4.9,0.0,2.0,0.0,,,0.7
2025,Nordeste,PB,2512762,Riachão do Poço,Rural,Total,0.0,0.0,0.0,0.0,0.0,,,,,,0.0,0.0,,,,,,,100.0,100.0,94.7,98.6,90.9,,,,,,97.3,97.3,,,,,,,0.0,0.0,5.3,1.4,9.1,,,,,,2.7,2.7,,,,,,
2025,Nordeste,PB,2512762,Riachão do Poço,Total,Estadual,,,,,,,,,,,,,2.1,0.0,2.4,,,1.5,,,,,,,,,,,,,97.9,98.0,97.6,,,97.8,,,,,,,,,,,,,0.0,2.0,0.0,,,0.7
2025,Nordeste,PB,2512762,Riachão do Poço,Urbana,Estadual,,,,,,,,,,,,,2.1,0.0,2.4,,,1.5,,,,,,,,,,,,,97.9,98.0,97.6,,,97.8,,,,,,,,,,,,,0.0,2.0,0.0,,,0.7
2025,Nordeste,PB,2512762,Riachão do Poço,Total,Municipal,0.0,0.0,0.0,0.0,0.0,0.0,0.0,5.0,0.0,1.5,0.0,0.6,,,,,,,100.0,100.0,96.4,97.0,89.3,86.9,95.5,89.9,100.0,92.9,96.7,95.2,,,,,,,0.0,0.0,3.6,3.0,10.7,13.1,4.5,5.1,0.0,5.6,3.3,4.2,,,,,,
2025,Nordeste,PB,2512762,Riachão do Poço,Urbana,Municipal,0.0,0.0,0.0,0.0,0.0,0.0,0.0,5.0,0.0,1.5,0.0,1.1,,,,,,,100.0,100.0,100.0,93.3,85.0,86.9,95.5,89.9,100.0,92.9,95.3,93.6,,,,,,,0.0,0.0,0.0,6.7,15.0,13.1,4.5,5.1,0.0,5.6,4.7,5.3,,,,,,
2025,Nordeste,PB,2512762,Riachão do Poço,Rural,Municipal,0.0,0.0,0.0,0.0,0.0,,,,,,0.0,0.0,,,,,,,100.0,100.0,94.7,98.6,90.9,,,,,,97.3,97.3,,,,,,,0.0,0.0,5.3,1.4,9.1,,,,,,2.7,2.7,,,,,,
2025,Nordeste,PB,2512762,Riachão do Poço,Total,Privada,0.0,0.0,0.0,0.0,0.0,,,,,,0.0,0.0,,,,,,,93.3,100.0,100.0,100.0,100.0,,,,,,98.2,98.2,,,,,,,6.7,0.0,0.0,0.0,0.0,,,,,,1.8,1.8,,,,,,
2025,Nordeste,PB,2512762,Riachão do Poço,Urbana,Privada,0.0,0.0,0.0,0.0,0.0,,,,,,0.0,0.0,,,,,,,93.3,100.0,100.0,100.0,100.0,,,,,,98.2,98.2,,,,,,,6.7,0.0,0.0,0.0,0.0,,,,,,1.8,1.8,,,,,,
2025,Nordeste,PB,2512762,Riachão do Poço,Total,Pública,0.0,0.0,0.0,0.0,0.0,0.0,0.0,5.0,0.0,1.5,0.0,0.6,2.1,0.0,2.4,,,1.5,100.0,100.0,96.4,97.0,89.3,86.9,95.5,89.9,100.0,92.9,96.7,95.2,97.9,98.0,97.6,,,97.8,0.0,0.0,3.6,3.0,10.7,13.1,4.5,5.1,0.0,5.6,3.3,4.2,0.0,2.0,0.0,,,0.7
2025,Nordeste,PB,2512762,Riachão do Poço,Urbana,Pública,0.0,0.0,0.0,0.0,0.0,0.0,0.0,5.0,0.0,1.5,0.0,1.1,2.1,0.0,2.4,,,1.5,100.0,100.0,100.0,93.3,85.0,86.9,95.5,89.9,100.0,92.9,95.3,93.6,97.9,98.0,97.6,,,97.8,0.0,0.0,0.0,6.7,15.0,13.1,4.5,5.1,0.0,5.6,4.7,5.3,0.0,2.0,0.0,,,0.7
2025,Nordeste,PB,2512762,Riachão do Poço,Rural,Pública,0.0,0.0,0.0,0.0,0.0,,,,,,0.0,0.0,,,,,,,100.0,100.0,94.7,98.6,90.9,,,,,,97.3,97.3,,,,,,,0.0,0.0,5.3,1.4,9.1,,,,,,2.7,2.7,,,,,,
2025,Nordeste,PB,2512788,Riacho de Santo Antônio,Total,Total,0.0,0.0,0.0,0.0,0.0,0.0,0.0,0.0,3.2,0.6,0.0,0.3,10.0,16.7,3.6,,,9.1,96.8,100.0,100.0,100.0,100.0,91.2,78.6,90.6,96.8,89.9,99.4,95.0,90.0,83.3,96.4,,,90.9,3.2,0.0,0.0,0.0,0.0,8.8,21.4,9.4,0.0,9.5,0.6,4.7,0.0,0.0,0.0,,,0.0
2025,Nordeste,PB,2512788,Riacho de Santo Antônio,Urbana,Total,0.0,0.0,0.0,0.0,0.0,0.0,0.0,0.0,3.2,0.6,0.0,0.4,10.0,16.7,3.6,,,9.1,96.0,100.0,100.0,100.0,100.0,91.2,78.6,90.6,96.8,89.9,99.2,94.2,90.0,83.3,96.4,,,90.9,4.0,0.0,0.0,0.0,0.0,8.8,21.4,9.4,0.0,9.5,0.8,5.4,0.0,0.0,0.0,,,0.0
2025,Nordeste,PB,2512788,Riacho de Santo Antônio,Rural,Total,0.0,0.0,0.0,0.0,0.0,,,,,,0.0,0.0,,,,,,,100.0,100.0,100.0,100.0,100.0,,,,,,100.0,100.0,,,,,,,0.0,0.0,0.0,0.0,0.0,,,,,,0.0,0.0,,,,,,
2025,Nordeste,PB,2512788,Riacho de Santo Antônio,Total,Estadual,,,,,,,,,,,,,10.0,16.7,3.6,,,9.1,,,,,,,,,,,,,90.0,83.3,96.4,,,90.9,,,,,,,,,,,,,0.0,0.0,0.0,,,0.0
2025,Nordeste,PB,2512788,Riacho de Santo Antônio,Urbana,Estadual,,,,,,,,,,,,,10.0,16.7,3.6,,,9.1,,,,,,,,,,,,,90.0,83.3,96.4,,,90.9,,,,,,,,,,,,,0.0,0.0,0.0,,,0.0
2025,Nordeste,PB,2512788,Riacho de Santo Antônio,Total,Municipal,0.0,0.0,0.0,0.0,0.0,0.0,0.0,0.0,3.2,0.6,0.0,0.3,,,,,,,96.8,100.0,100.0,100.0,100.0,91.2,78.6,90.6,96.8,89.9,99.4,95.0,,,,,,,3.2,0.0,0.0,0.0,0.0,8.8,21.4,9.4,0.0,9.5,0.6,4.7,,,,,,
2025,Nordeste,PB,2512788,Riacho de Santo Antônio,Urbana,Municipal,0.0,0.0,0.0,0.0,0.0,0.0,0.0,0.0,3.2,0.6,0.0,0.4,,,,,,,96.0,100.0,100.0,100.0,100.0,91.2,78.6,90.6,96.8,89.9,99.2,94.2,,,,,,,4.0,0.0,0.0,0.0,0.0,8.8,21.4,9.4,0.0,9.5,0.8,5.4,,,,,,
2025,Nordeste,PB,2512788,Riacho de Santo Antônio,Rural,Municipal,0.0,0.0,0.0,0.0,0.0,,,,,,0.0,0.0,,,,,,,100.0,100.0,100.0,100.0,100.0,,,,,,100.0,100.0,,,,,,,0.0,0.0,0.0,0.0,0.0,,,,,,0.0,0.0,,,,,,
2025,Nordeste,PB,2512788,Riacho de Santo Antônio,Total,Pública,0.0,0.0,0.0,0.0,0.0,0.0,0.0,0.0,3.2,0.6,0.0,0.3,10.0,16.7,3.6,,,9.1,96.8,100.0,100.0,100.0,100.0,91.2,78.6,90.6,96.8,89.9,99.4,95.0,90.0,83.3,96.4,,,90.9,3.2,0.0,0.0,0.0,0.0,8.8,21.4,9.4,0.0,9.5,0.6,4.7,0.0,0.0,0.0,,,0.0
2025,Nordeste,PB,2512788,Riacho de Santo Antônio,Urbana,Pública,0.0,0.0,0.0,0.0,0.0,0.0,0.0,0.0,3.2,0.6,0.0,0.4,10.0,16.7,3.6,,,9.1,96.0,100.0,100.0,100.0,100.0,91.2,78.6,90.6,96.8,89.9,99.2,94.2,90.0,83.3,96.4,,,90.9,4.0,0.0,0.0,0.0,0.0,8.8,21.4,9.4,0.0,9.5,0.8,5.4,0.0,0.0,0.0,,,0.0
2025,Nordeste,PB,2512788,Riacho de Santo Antônio,Rural,Pública,0.0,0.0,0.0,0.0,0.0,,,,,,0.0,0.0,,,,,,,100.0,100.0,100.0,100.0,100.0,,,,,,100.0,100.0,,,,,,,0.0,0.0,0.0,0.0,0.0,,,,,,0.0,0.0,,,,,,
2025,Nordeste,PB,2512804,Riacho dos Cavalos,Total,Total,0.9,0.0,1.8,1.7,1.7,0.0,0.9,0.0,0.0,0.3,1.2,0.8,0.0,0.0,0.0,,,0.0,99.1,100.0,92.0,97.5,96.6,87.1,70.4,83.0,100.0,84.1,97.1,91.8,100.0,100.0,100.0,,,100.0,0.0,0.0,6.2,0.8,1.7,12.9,28.7,17.0,0.0,15.6,1.7,7.4,0.0,0.0,0.0,,,0.0
2025,Nordeste,PB,2512804,Riacho dos Cavalos,Urbana,Total,1.3,0.0,2.6,2.6,1.1,0.0,0.9,0.0,0.0,0.3,1.5,0.9,0.0,0.0,0.0,,,0.0,98.7,100.0,90.8,96.1,96.5,87.1,70.4,83.0,100.0,84.1,96.4,90.2,100.0,100.0,100.0,,,100.0,0.0,0.0,6.6,1.3,2.4,12.9,28.7,17.0,0.0,15.6,2.1,8.9,0.0,0.0,0.0,,,0.0
2025,Nordeste,PB,2512804,Riacho dos Cavalos,Rural,Total,0.0,0.0,0.0,0.0,3.1,,,,,,0.6,0.6,,,,,,,100.0,100.0,94.6,100.0,96.9,,,,,,98.4,98.4,,,,,,,0.0,0.0,5.4,0.0,0.0,,,,,,1.0,1.0,,,,,,
2025,Nordeste,PB,2512804,Riacho dos Cavalos,Total,Estadual,,,,,,,,,,,,,0.0,0.0,0.0,,,0.0,,,,,,,,,,,,,100.0,100.0,100.0,,,100.0,,,,,,,,,,,,,0.0,0.0,0.0,,,0.0
2025,Nordeste,PB,2512804,Riacho dos Cavalos,Urbana,Estadual,,,,,,,,,,,,,0.0,0.0,0.0,,,0.0,,,,,,,,,,,,,100.0,100.0,100.0,,,100.0,,,,,,,,,,,,,0.0,0.0,0.0,,,0.0
2025,Nordeste,PB,2512804,Riacho dos Cavalos,Total,Municipal,0.9,0.0,1.8,1.7,1.7,0.0,0.9,0.0,0.0,0.3,1.2,0.8,,,,,,,99.1,100.0,92.0,97.5,96.6,87.1,70.4,83.0,100.0,84.1,97.1,91.8,,,,,,,0.0,0.0,6.2,0.8,1.7,12.9,28.7,17.0,0.0,15.6,1.7,7.4,,,,,,
2025,Nordeste,PB,2512804,Riacho dos Cavalos,Urbana,Municipal,1.3,0.0,2.6,2.6,1.1,0.0,0.9,0.0,0.0,0.3,1.5,0.9,,,,,,,98.7,100.0,90.8,96.1,96.5,87.1,70.4,83.0,100.0,84.1,96.4,90.2,,,,,,,0.0,0.0,6.6,1.3,2.4,12.9,28.7,17.0,0.0,15.6,2.1,8.9,,,,,,
2025,Nordeste,PB,2512804,Riacho dos Cavalos,Rural,Municipal,0.0,0.0,0.0,0.0,3.1,,,,,,0.6,0.6,,,,,,,100.0,100.0,94.6,100.0,96.9,,,,,,98.4,98.4,,,,,,,0.0,0.0,5.4,0.0,0.0,,,,,,1.0,1.0,,,,,,
2025,Nordeste,PB,2512804,Riacho dos Cavalos,Total,Pública,0.9,0.0,1.8,1.7,1.7,0.0,0.9,0.0,0.0,0.3,1.2,0.8,0.0,0.0,0.0,,,0.0,99.1,100.0,92.0,97.5,96.6,87.1,70.4,83.0,100.0,84.1,97.1,91.8,100.0,100.0,100.0,,,100.0,0.0,0.0,6.2,0.8,1.7,12.9,28.7,17.0,0.0,15.6,1.7,7.4,0.0,0.0,0.0,,,0.0
2025,Nordeste,PB,2512804,Riacho dos Cavalos,Urbana,Pública,1.3,0.0,2.6,2.6,1.1,0.0,0.9,0.0,0.0,0.3,1.5,0.9,0.0,0.0,0.0,,,0.0,98.7,100.0,90.8,96.1,96.5,87.1,70.4,83.0,100.0,84.1,96.4,90.2,100.0,100.0,100.0,,,100.0,0.0,0.0,6.6,1.3,2.4,12.9,28.7,17.0,0.0,15.6,2.1,8.9,0.0,0.0,0.0,,,0.0
2025,Nordeste,PB,2512804,Riacho dos Cavalos,Rural,Pública,0.0,0.0,0.0,0.0,3.1,,,,,,0.6,0.6,,,,,,,100.0,100.0,94.6,100.0,96.9,,,,,,98.4,98.4,,,,,,,0.0,0.0,5.4,0.0,0.0,,,,,,1.0,1.0,,,,,,
2025,Nordeste,PB,2512903,Rio Tinto,Total,Total,0.3,0.3,1.0,0.5,0.3,5.6,4.3,5.0,3.0,4.7,0.5,2.2,6.2,6.1,6.2,,,6.3,99.7,98.9,95.5,98.7,97.7,87.9,85.3,88.5,95.7,88.8,98.1,94.3,91.9,93.1,93.8,,,92.8,0.0,0.8,3.5,0.8,2.0,6.5,10.4,6.5,1.3,6.5,1.4,3.5,1.9,0.8,0.0,,,0.9
2025,Nordeste,PB,2512903,Rio Tinto,Urbana,Total,0.5,0.0,0.6,1.1,0.0,4.9,4.2,3.9,2.2,3.9,0.5,2.3,4.9,4.8,6.6,,,5.3,99.5,100.0,97.2,98.3,98.2,89.9,86.1,90.8,96.7,90.5,98.6,94.4,93.1,94.8,93.4,,,93.8,0.0,0.0,2.2,0.6,1.8,5.2,9.7,5.3,1.1,5.6,0.9,3.3,2.0,0.4,0.0,,,0.9
2025,Nordeste,PB,2512903,Rio Tinto,Rural,Total,0.0,0.5,1.5,0.0,0.6,7.9,4.5,7.3,5.8,6.5,0.5,2.1,20.8,15.2,0.0,,,14.7,100.0,98.0,93.8,99.0,97.2,82.2,83.3,83.2,92.2,84.3,97.6,94.2,79.2,81.8,100.0,,,83.8,0.0,1.5,4.7,1.0,2.2,9.9,12.2,9.5,2.0,9.2,1.9,3.7,0.0,3.0,0.0,,,1.5
2025,Nordeste,PB,2512903,Rio Tinto,Total,Estadual,0.0,0.0,2.3,0.0,1.2,3.2,1.0,2.5,2.6,2.4,0.8,1.6,6.7,6.3,6.7,,,6.5,100.0,95.6,87.1,100.0,93.8,93.6,94.2,95.0,97.4,94.8,95.1,95.0,91.7,92.9,93.3,,,92.6,0.0,4.4,10.6,0.0,5.0,3.2,4.8,2.5,0.0,2.8,4.1,3.4,1.6,0.8,0.0,,,0.9
2025,Nordeste,PB,2512903,Rio Tinto,Urbana,Estadual,0.0,0.0,0.0,0.0,0.0,1.2,1.4,2.4,0.0,1.3,0.0,0.8,5.3,5.0,7.1,,,5.7,100.0,100.0,92.7,100.0,97.7,94.3,94.4,96.3,100.0,96.0,97.9,96.8,93.0,94.5,92.9,,,93.5,0.0,0.0,7.3,0.0,2.3,4.5,4.2,1.3,0.0,2.7,2.1,2.4,1.7,0.5,0.0,,,0.8
2025,Nordeste,PB,2512903,Rio Tinto,Rural,Estadual,0.0,0.0,4.6,0.0,2.8,8.1,0.0,2.5,13.3,4.9,1.6,2.8,20.8,15.2,0.0,,,14.7,100.0,91.7,81.8,100.0,88.9,91.9,93.8,92.5,86.7,91.9,92.3,92.2,79.2,81.8,100.0,,,83.8,0.0,8.3,13.6,0.0,8.3,0.0,6.2,5.0,0.0,3.2,6.1,5.0,0.0,3.0,0.0,,,1.5
2025,Nordeste,PB,2512903,Rio Tinto,Total,Municipal,0.4,0.4,0.9,0.8,0.0,8.2,6.6,7.2,3.8,6.7,0.5,2.8,,,,,,,99.6,99.6,97.5,98.0,98.7,82.6,78.5,83.9,93.9,83.9,98.7,93.2,,,,,,,0.0,0.0,1.6,1.2,1.3,9.2,14.9,8.9,2.3,9.4,0.8,4.0,,,,,,
2025,Nordeste,PB,2512903,Rio Tinto,Urbana,Municipal,1.0,0.0,1.0,2.1,0.0,8.4,6.6,5.6,4.1,6.5,0.8,3.8,,,,,,,99.0,100.0,97.9,96.8,97.8,85.1,78.8,87.2,93.8,85.5,98.3,91.6,,,,,,,0.0,0.0,1.1,1.1,2.2,6.5,14.6,7.2,2.1,8.0,0.9,4.6,,,,,,
2025,Nordeste,PB,2512903,Rio Tinto,Rural,Municipal,0.0,0.6,0.7,0.0,0.0,7.8,6.9,10.9,2.8,7.5,0.2,1.9,,,,,,,100.0,99.4,97.3,98.8,99.3,76.6,77.6,76.4,94.4,79.8,99.0,94.8,,,,,,,0.0,0.0,2.0,1.2,0.7,15.6,15.5,12.7,2.8,12.7,0.8,3.3,,,,,,
2025,Nordeste,PB,2512903,Rio Tinto,Total,Privada,0.0,0.0,0.0,0.0,0.0,0.0,0.0,0.0,0.0,0.0,0.0,0.0,0.0,0.0,0.0,,,0.0,100.0,100.0,100.0,100.0,100.0,97.7,100.0,91.3,100.0,97.5,100.0,99.1,94.1,100.0,100.0,,,97.5,0.0,0.0,0.0,0.0,0.0,2.3,0.0,8.7,0.0,2.5,0.0,0.9,5.9,0.0,0.0,,,2.5
2025,Nordeste,PB,2512903,Rio Tinto,Urbana,Privada,0.0,0.0,0.0,0.0,0.0,0.0,0.0,0.0,0.0,0.0,0.0,0.0,0.0,0.0,0.0,,,0.0,100.0,100.0,100.0,100.0,100.0,97.7,100.0,91.3,100.0,97.5,100.0,99.1,94.1,100.0,100.0,,,97.5,0.0,0.0,0.0,0.0,0.0,2.3,0.0,8.7,0.0,2.5,0.0,0.9,5.9,0.0,0.0,,,2.5
2025,Nordeste,PB,2512903,Rio Tinto,Total,Pública,0.3,0.3,1.2,0.6,0.3,6.4,4.7,5.4,3.4,5.1,0.5,2.5,6.7,6.3,6.7,,,6.5,99.7,98.8,94.8,98.5,97.5,86.6,83.9,88.3,95.2,87.9,97.9,93.7,91.7,92.9,93.3,,,92.6,0.0,0.9,4.0,0.9,2.2,7.0,11.4,6.3,1.4,7.0,1.6,3.8,1.6,0.8,0.0,,,0.9
2025,Nordeste,PB,2512903,Rio Tinto,Urbana,Pública,0.7,0.0,0.8,1.5,0.0,5.8,4.8,4.4,2.5,4.6,0.6,2.7,5.3,5.0,7.1,,,5.7,99.3,100.0,96.3,97.8,97.7,88.4,84.2,90.7,96.2,89.4,98.2,93.4,93.0,94.5,92.9,,,93.5,0.0,0.0,2.9,0.7,2.3,5.8,11.0,4.9,1.3,6.0,1.2,3.9,1.7,0.5,0.0,,,0.8
2025,Nordeste,PB,2512903,Rio Tinto,Rural,Pública,0.0,0.5,1.5,0.0,0.6,7.9,4.5,7.3,5.8,6.5,0.5,2.1,20.8,15.2,0.0,,,14.7,100.0,98.0,93.8,99.0,97.2,82.2,83.3,83.2,92.2,84.3,97.6,94.2,79.2,81.8,100.0,,,83.8,0.0,1.5,4.7,1.0,2.2,9.9,12.2,9.5,2.0,9.2,1.9,3.7,0.0,3.0,0.0,,,1.5
2025,Nordeste,PB,2513000,Salgadinho,Total,Total,0.0,2.6,2.3,0.0,0.0,2.1,0.0,4.3,6.8,3.3,0.9,2.0,5.5,5.1,0.0,,,3.9,100.0,97.4,97.7,100.0,97.8,91.8,100.0,95.7,93.2,95.1,98.6,97.0,94.5,94.9,100.0,,,96.1,0.0,0.0,0.0,0.0,2.2,6.1,0.0,0.0,0.0,1.6,0.5,1.0,0.0,0.0,0.0,,,0.0
2025,Nordeste,PB,2513000,Salgadinho,Urbana,Total,0.0,10.0,5.6,0.0,0.0,2.6,0.0,6.5,7.1,3.9,2.9,3.6,5.5,5.1,0.0,,,3.9,100.0,90.0,94.4,100.0,94.1,89.5,100.0,93.5,92.9,93.8,95.7,94.4,94.5,94.9,100.0,,,96.1,0.0,0.0,0.0,0.0,5.9,7.9,0.0,0.0,0.0,2.3,1.4,2.0,0.0,0.0,0.0,,,0.0
2025,Nordeste,PB,2513000,Salgadinho,Rural,Total,0.0,0.0,0.0,0.0,0.0,0.0,0.0,0.0,6.2,1.9,0.0,0.5,,,,,,,100.0,100.0,100.0,100.0,100.0,100.0,100.0,100.0,93.8,98.1,100.0,99.5,,,,,,,0.0,0.0,0.0,0.0,0.0,0.0,0.0,0.0,0.0,0.0,0.0,0.0,,,,,,
2025,Nordeste,PB,2513000,Salgadinho,Total,Estadual,,,,,,,,,,,,,5.5,5.1,0.0,,,3.9,,,,,,,,,,,,,94.5,94.9,100.0,,,96.1,,,,,,,,,,,,,0.0,0.0,0.0,,,0.0
2025,Nordeste,PB,2513000,Salgadinho,Urbana,Estadual,,,,,,,,,,,,,5.5,5.1,0.0,,,3.9,,,,,,,,,,,,,94.5,94.9,100.0,,,96.1,,,,,,,,,,,,,0.0,0.0,0.0,,,0.0
2025,Nordeste,PB,2513000,Salgadinho,Total,Municipal,0.0,2.6,2.3,0.0,0.0,2.1,0.0,4.3,6.8,3.3,0.9,2.0,,,,,,,100.0,97.4,97.7,100.0,97.8,91.8,100.0,95.7,93.2,95.1,98.6,97.0,,,,,,,0.0,0.0,0.0,0.0,2.2,6.1,0.0,0.0,0.0,1.6,0.5,1.0,,,,,,
2025,Nordeste,PB,2513000,Salgadinho,Urbana,Municipal,0.0,10.0,5.6,0.0,0.0,2.6,0.0,6.5,7.1,3.9,2.9,3.6,,,,,,,100.0,90.0,94.4,100.0,94.1,89.5,100.0,93.5,92.9,93.8,95.7,94.4,,,,,,,0.0,0.0,0.0,0.0,5.9,7.9,0.0,0.0,0.0,2.3,1.4,2.0,,,,,,
2025,Nordeste,PB,2513000,Salgadinho,Rural,Municipal,0.0,0.0,0.0,0.0,0.0,0.0,0.0,0.0,6.2,1.9,0.0,0.5,,,,,,,100.0,100.0,100.0,100.0,100.0,100.0,100.0,100.0,93.8,98.1,100.0,99.5,,,,,,,0.0,0.0,0.0,0.0,0.0,0.0,0.0,0.0,0.0,0.0,0.0,0.0,,,,,,
2025,Nordeste,PB,2513000,Salgadinho,Total,Pública,0.0,2.6,2.3,0.0,0.0,2.1,0.0,4.3,6.8,3.3,0.9,2.0,5.5,5.1,0.0,,,3.9,100.0,97.4,97.7,100.0,97.8,91.8,100.0,95.7,93.2,95.1,98.6,97.0,94.5,94.9,100.0,,,96.1,0.0,0.0,0.0,0.0,2.2,6.1,0.0,0.0,0.0,1.6,0.5,1.0,0.0,0.0,0.0,,,0.0
2025,Nordeste,PB,2513000,Salgadinho,Urbana,Pública,0.0,10.0,5.6,0.0,0.0,2.6,0.0,6.5,7.1,3.9,2.9,3.6,5.5,5.1,0.0,,,3.9,100.0,90.0,94.4,100.0,94.1,89.5,100.0,93.5,92.9,93.8,95.7,94.4,94.5,94.9,100.0,,,96.1,0.0,0.0,0.0,0.0,5.9,7.9,0.0,0.0,0.0,2.3,1.4,2.0,0.0,0.0,0.0,,,0.0
2025,Nordeste,PB,2513000,Salgadinho,Rural,Pública,0.0,0.0,0.0,0.0,0.0,0.0,0.0,0.0,6.2,1.9,0.0,0.5,,,,,,,100.0,100.0,100.0,100.0,100.0,100.0,100.0,100.0,93.8,98.1,100.0,99.5,,,,,,,0.0,0.0,0.0,0.0,0.0,0.0,0.0,0.0,0.0,0.0,0.0,0.0,,,,,,
2025,Nordeste,PB,2513109,Salgado de São Félix,Total,Total,0.0,0.0,0.0,0.0,0.6,2.1,2.5,0.6,1.3,1.6,0.1,0.9,8.8,4.7,0.0,,,5.1,99.3,100.0,100.0,100.0,98.7,95.2,95.7,98.2,98.1,96.8,99.6,98.2,89.8,95.3,100.0,,,94.4,0.7,0.0,0.0,0.0,0.7,2.7,1.8,1.2,0.6,1.6,0.3,0.9,1.4,0.0,0.0,,,0.5
2025,Nordeste,PB,2513109,Salgado de São Félix,Urbana,Total,0.0,0.0,0.0,0.0,0.0,3.1,5.3,0.0,2.0,2.3,0.0,1.2,11.6,1.7,0.0,,,4.7,98.0,100.0,100.0,100.0,100.0,93.9,92.1,100.0,98.0,96.5,99.4,97.9,88.4,98.3,100.0,,,95.3,2.0,0.0,0.0,0.0,0.0,3.0,2.6,0.0,0.0,1.2,0.6,0.9,0.0,0.0,0.0,,,0.0
2025,Nordeste,PB,2513109,Salgado de São Félix,Rural,Total,0.0,0.0,0.0,0.0,0.8,1.7,1.6,0.9,0.9,1.3,0.2,0.7,6.4,7.5,0.0,,,5.4,100.0,100.0,100.0,100.0,98.4,95.6,96.8,97.3,98.2,97.0,99.6,98.4,91.0,92.5,100.0,,,93.5,0.0,0.0,0.0,0.0,0.8,2.7,1.6,1.8,0.9,1.7,0.2,0.9,2.6,0.0,0.0,,,1.1
2025,Nordeste,PB,2513109,Salgado de São Félix,Total,Estadual,,,,,,0.0,0.0,3.6,1.6,1.2,,1.2,8.8,4.7,0.0,,,5.1,,,,,,100.0,95.1,89.3,98.4,96.4,,96.4,89.8,95.3,100.0,,,94.4,,,,,,0.0,4.9,7.1,0.0,2.4,,2.4,1.4,0.0,0.0,,,0.5
2025,Nordeste,PB,2513109,Salgado de São Félix,Urbana,Estadual,,,,,,,,,6.7,6.7,,6.7,11.6,1.7,0.0,,,4.7,,,,,,,,,93.3,93.3,,93.3,88.4,98.3,100.0,,,95.3,,,,,,,,,0.0,0.0,,0.0,0.0,0.0,0.0,,,0.0
2025,Nordeste,PB,2513109,Salgado de São Félix,Rural,Estadual,,,,,,0.0,0.0,3.6,0.0,0.6,,0.6,6.4,7.5,0.0,,,5.4,,,,,,100.0,95.1,89.3,100.0,96.7,,96.7,91.0,92.5,100.0,,,93.5,,,,,,0.0,4.9,7.1,0.0,2.7,,2.7,2.6,0.0,0.0,,,1.1
2025,Nordeste,PB,2513109,Salgado de São Félix,Total,Municipal,0.0,0.0,0.0,0.0,0.0,3.2,4.0,0.0,1.1,1.9,0.0,0.8,,,,,,,99.2,100.0,100.0,100.0,99.2,92.6,95.0,100.0,97.8,96.6,99.7,98.4,,,,,,,0.8,0.0,0.0,0.0,0.8,4.2,1.0,0.0,1.1,1.5,0.3,0.8,,,,,,
2025,Nordeste,PB,2513109,Salgado de São Félix,Urbana,Municipal,0.0,0.0,0.0,0.0,0.0,3.1,5.3,0.0,0.0,1.9,0.0,1.0,,,,,,,98.0,100.0,100.0,100.0,100.0,93.9,92.1,100.0,100.0,96.8,99.4,98.1,,,,,,,2.0,0.0,0.0,0.0,0.0,3.0,2.6,0.0,0.0,1.3,0.6,0.9,,,,,,
2025,Nordeste,PB,2513109,Salgado de São Félix,Rural,Municipal,0.0,0.0,0.0,0.0,0.0,3.3,3.2,0.0,1.8,2.0,0.0,0.8,,,,,,,100.0,100.0,100.0,100.0,99.0,91.9,96.8,100.0,96.4,96.4,99.8,98.5,,,,,,,0.0,0.0,0.0,0.0,1.0,4.8,0.0,0.0,1.8,1.6,0.2,0.7,,,,,,
2025,Nordeste,PB,2513109,Salgado de São Félix,Total,Privada,0.0,0.0,0.0,0.0,4.5,0.0,0.0,0.0,0.0,0.0,1.2,0.7,,,,,,,100.0,100.0,100.0,100.0,95.5,100.0,100.0,100.0,100.0,100.0,98.8,99.3,,,,,,,0.0,0.0,0.0,0.0,0.0,0.0,0.0,0.0,0.0,0.0,0.0,0.0,,,,,,
2025,Nordeste,PB,2513109,Salgado de São Félix,Rural,Privada,0.0,0.0,0.0,0.0,4.5,0.0,0.0,0.0,0.0,0.0,1.2,0.7,,,,,,,100.0,100.0,100.0,100.0,95.5,100.0,100.0,100.0,100.0,100.0,98.8,99.3,,,,,,,0.0,0.0,0.0,0.0,0.0,0.0,0.0,0.0,0.0,0.0,0.0,0.0,,,,,,
2025,Nordeste,PB,2513109,Salgado de São Félix,Total,Pública,0.0,0.0,0.0,0.0,0.0,2.3,2.8,0.6,1.3,1.8,0.0,0.9,8.8,4.7,0.0,,,5.1,99.2,100.0,100.0,100.0,99.2,94.6,95.1,98.0,98.0,96.5,99.7,98.1,89.8,95.3,100.0,,,94.4,0.8,0.0,0.0,0.0,0.8,3.1,2.1,1.4,0.7,1.7,0.3,1.0,1.4,0.0,0.0,,,0.5
2025,Nordeste,PB,2513109,Salgado de São Félix,Urbana,Pública,0.0,0.0,0.0,0.0,0.0,3.1,5.3,0.0,2.0,2.3,0.0,1.2,11.6,1.7,0.0,,,4.7,98.0,100.0,100.0,100.0,100.0,93.9,92.1,100.0,98.0,96.5,99.4,97.9,88.4,98.3,100.0,,,95.3,2.0,0.0,0.0,0.0,0.0,3.0,2.6,0.0,0.0,1.2,0.6,0.9,0.0,0.0,0.0,,,0.0
2025,Nordeste,PB,2513109,Salgado de São Félix,Rural,Pública,0.0,0.0,0.0,0.0,0.0,2.1,1.9,1.0,1.0,1.5,0.0,0.7,6.4,7.5,0.0,,,5.4,100.0,100.0,100.0,100.0,99.0,94.8,96.2,96.9,98.0,96.5,99.8,98.2,91.0,92.5,100.0,,,93.5,0.0,0.0,0.0,0.0,1.0,3.1,1.9,2.1,1.0,2.0,0.2,1.1,2.6,0.0,0.0,,,1.1
2025,Nordeste,PB,2513158,Santa Cecília,Total,Total,0.0,0.0,0.0,0.0,0.0,3.4,0.0,1.0,1.1,1.4,0.0,0.6,4.0,2.8,0.0,,,2.7,100.0,97.3,100.0,94.8,99.0,84.7,92.9,85.9,96.7,89.8,98.2,94.4,87.1,97.2,100.0,,,93.4,0.0,2.7,0.0,5.2,1.0,11.9,7.1,13.1,2.2,8.8,1.8,5.0,8.9,0.0,0.0,,,3.9
2025,Nordeste,PB,2513158,Santa Cecília,Urbana,Total,0.0,0.0,0.0,0.0,0.0,3.8,0.0,1.0,1.3,1.6,0.0,1.1,4.0,2.8,0.0,,,2.7,100.0,100.0,100.0,92.7,100.0,83.0,90.6,85.9,97.4,88.6,98.6,92.2,87.1,97.2,100.0,,,93.4,0.0,0.0,0.0,7.3,0.0,13.2,9.4,13.1,1.3,9.8,1.4,6.7,8.9,0.0,0.0,,,3.9
2025,Nordeste,PB,2513158,Santa Cecília,Rural,Total,0.0,0.0,0.0,0.0,0.0,0.0,0.0,,0.0,0.0,0.0,0.0,,,,,,,100.0,95.8,100.0,96.4,98.2,100.0,100.0,,92.3,98.1,97.9,98.0,,,,,,,0.0,4.2,0.0,3.6,1.8,0.0,0.0,,7.7,1.9,2.1,2.0,,,,,,
2025,Nordeste,PB,2513158,Santa Cecília,Total,Estadual,,,,,,,,,,,,,4.0,2.8,0.0,,,2.7,,,,,,,,,,,,,87.1,97.2,100.0,,,93.4,,,,,,,,,,,,,8.9,0.0,0.0,,,3.9
2025,Nordeste,PB,2513158,Santa Cecília,Urbana,Estadual,,,,,,,,,,,,,4.0,2.8,0.0,,,2.7,,,,,,,,,,,,,87.1,97.2,100.0,,,93.4,,,,,,,,,,,,,8.9,0.0,0.0,,,3.9
2025,Nordeste,PB,2513158,Santa Cecília,Total,Municipal,0.0,0.0,0.0,0.0,0.0,3.4,0.0,1.0,1.1,1.4,0.0,0.6,,,,,,,100.0,97.3,100.0,94.4,99.0,84.7,92.9,85.9,96.7,89.8,98.1,94.2,,,,,,,0.0,2.7,0.0,5.6,1.0,11.9,7.1,13.1,2.2,8.8,1.9,5.2,,,,,,
2025,Nordeste,PB,2513158,Santa Cecília,Urbana,Municipal,0.0,0.0,0.0,0.0,0.0,3.8,0.0,1.0,1.3,1.6,0.0,1.1,,,,,,,100.0,100.0,100.0,90.9,100.0,83.0,90.6,85.9,97.4,88.6,98.3,91.8,,,,,,,0.0,0.0,0.0,9.1,0.0,13.2,9.4,13.1,1.3,9.8,1.7,7.1,,,,,,
2025,Nordeste,PB,2513158,Santa Cecília,Rural,Municipal,0.0,0.0,0.0,0.0,0.0,0.0,0.0,,0.0,0.0,0.0,0.0,,,,,,,100.0,95.8,100.0,96.4,98.2,100.0,100.0,,92.3,98.1,97.9,98.0,,,,,,,0.0,4.2,0.0,3.6,1.8,0.0,0.0,,7.7,1.9,2.1,2.0,,,,,,
2025,Nordeste,PB,2513158,Santa Cecília,Total,Privada,0.0,0.0,0.0,0.0,,,,,,,0.0,0.0,,,,,,,100.0,100.0,100.0,100.0,,,,,,,100.0,100.0,,,,,,,0.0,0.0,0.0,0.0,,,,,,,0.0,0.0,,,,,,
2025,Nordeste,PB,2513158,Santa Cecília,Urbana,Privada,0.0,0.0,0.0,0.0,,,,,,,0.0,0.0,,,,,,,100.0,100.0,100.0,100.0,,,,,,,100.0,100.0,,,,,,,0.0,0.0,0.0,0.0,,,,,,,0.0,0.0,,,,,,
2025,Nordeste,PB,2513158,Santa Cecília,Total,Pública,0.0,0.0,0.0,0.0,0.0,3.4,0.0,1.0,1.1,1.4,0.0,0.6,4.0,2.8,0.0,,,2.7,100.0,97.3,100.0,94.4,99.0,84.7,92.9,85.9,96.7,89.8,98.1,94.2,87.1,97.2,100.0,,,93.4,0.0,2.7,0.0,5.6,1.0,11.9,7.1,13.1,2.2,8.8,1.9,5.2,8.9,0.0,0.0,,,3.9
2025,Nordeste,PB,2513158,Santa Cecília,Urbana,Pública,0.0,0.0,0.0,0.0,0.0,3.8,0.0,1.0,1.3,1.6,0.0,1.1,4.0,2.8,0.0,,,2.7,100.0,100.0,100.0,90.9,100.0,83.0,90.6,85.9,97.4,88.6,98.3,91.8,87.1,97.2,100.0,,,93.4,0.0,0.0,0.0,9.1,0.0,13.2,9.4,13.1,1.3,9.8,1.7,7.1,8.9,0.0,0.0,,,3.9
2025,Nordeste,PB,2513158,Santa Cecília,Rural,Pública,0.0,0.0,0.0,0.0,0.0,0.0,0.0,,0.0,0.0,0.0,0.0,,,,,,,100.0,95.8,100.0,96.4,98.2,100.0,100.0,,92.3,98.1,97.9,98.0,,,,,,,0.0,4.2,0.0,3.6,1.8,0.0,0.0,,7.7,1.9,2.1,2.0,,,,,,
2025,Nordeste,PB,2513208,Santa Cruz,Total,Total,0.0,0.0,0.0,0.0,1.4,3.0,0.0,1.6,0.0,1.1,0.3,0.6,4.3,2.0,0.0,,,2.3,100.0,100.0,100.0,100.0,98.6,97.0,98.7,95.3,96.7,97.0,99.7,98.6,95.7,98.0,100.0,,,97.7,0.0,0.0,0.0,0.0,0.0,0.0,1.3,3.1,3.3,1.9,0.0,0.8,0.0,0.0,0.0,,,0.0
2025,Nordeste,PB,2513208,Santa Cruz,Urbana,Total,0.0,0.0,0.0,0.0,0.0,3.0,0.0,1.6,0.0,1.1,0.0,0.6,4.3,2.0,0.0,,,2.3,100.0,100.0,100.0,100.0,100.0,97.0,98.7,95.3,96.7,97.0,100.0,98.4,95.7,98.0,100.0,,,97.7,0.0,0.0,0.0,0.0,0.0,0.0,1.3,3.1,3.3,1.9,0.0,1.0,0.0,0.0,0.0,,,0.0
2025,Nordeste,PB,2513208,Santa Cruz,Rural,Total,0.0,0.0,0.0,0.0,3.0,,,,,,0.7,0.7,,,,,,,100.0,100.0,100.0,100.0,97.0,,,,,,99.3,99.3,,,,,,,0.0,0.0,0.0,0.0,0.0,,,,,,0.0,0.0,,,,,,
2025,Nordeste,PB,2513208,Santa Cruz,Total,Estadual,,,,,,0.0,0.0,0.0,0.0,0.0,,0.0,4.3,2.0,0.0,,,2.3,,,,,,100.0,100.0,100.0,100.0,100.0,,100.0,95.7,98.0,100.0,,,97.7,,,,,,0.0,0.0,0.0,0.0,0.0,,0.0,0.0,0.0,0.0,,,0.0
2025,Nordeste,PB,2513208,Santa Cruz,Urbana,Estadual,,,,,,0.0,0.0,0.0,0.0,0.0,,0.0,4.3,2.0,0.0,,,2.3,,,,,,100.0,100.0,100.0,100.0,100.0,,100.0,95.7,98.0,100.0,,,97.7,,,,,,0.0,0.0,0.0,0.0,0.0,,0.0,0.0,0.0,0.0,,,0.0
2025,Nordeste,PB,2513208,Santa Cruz,Total,Municipal,0.0,0.0,0.0,0.0,1.4,4.5,0.0,2.9,0.0,2.0,0.3,0.7,,,,,,,100.0,100.0,100.0,100.0,98.6,95.5,96.9,91.4,95.0,94.7,99.7,98.3,,,,,,,0.0,0.0,0.0,0.0,0.0,0.0,3.1,5.7,5.0,3.3,0.0,1.0,,,,,,
2025,Nordeste,PB,2513208,Santa Cruz,Urbana,Municipal,0.0,0.0,0.0,0.0,0.0,4.5,0.0,2.9,0.0,2.0,0.0,0.8,,,,,,,100.0,100.0,100.0,100.0,100.0,95.5,96.9,91.4,95.0,94.7,100.0,97.9,,,,,,,0.0,0.0,0.0,0.0,0.0,0.0,3.1,5.7,5.0,3.3,0.0,1.3,,,,,,
2025,Nordeste,PB,2513208,Santa Cruz,Rural,Municipal,0.0,0.0,0.0,0.0,3.0,,,,,,0.7,0.7,,,,,,,100.0,100.0,100.0,100.0,97.0,,,,,,99.3,99.3,,,,,,,0.0,0.0,0.0,0.0,0.0,,,,,,0.0,0.0,,,,,,
2025,Nordeste,PB,2513208,Santa Cruz,Total,Pública,0.0,0.0,0.0,0.0,1.4,3.0,0.0,1.6,0.0,1.1,0.3,0.6,4.3,2.0,0.0,,,2.3,100.0,100.0,100.0,100.0,98.6,97.0,98.7,95.3,96.7,97.0,99.7,98.6,95.7,98.0,100.0,,,97.7,0.0,0.0,0.0,0.0,0.0,0.0,1.3,3.1,3.3,1.9,0.0,0.8,0.0,0.0,0.0,,,0.0
2025,Nordeste,PB,2513208,Santa Cruz,Urbana,Pública,0.0,0.0,0.0,0.0,0.0,3.0,0.0,1.6,0.0,1.1,0.0,0.6,4.3,2.0,0.0,,,2.3,100.0,100.0,100.0,100.0,100.0,97.0,98.7,95.3,96.7,97.0,100.0,98.4,95.7,98.0,100.0,,,97.7,0.0,0.0,0.0,0.0,0.0,0.0,1.3,3.1,3.3,1.9,0.0,1.0,0.0,0.0,0.0,,,0.0
2025,Nordeste,PB,2513208,Santa Cruz,Rural,Pública,0.0,0.0,0.0,0.0,3.0,,,,,,0.7,0.7,,,,,,,100.0,100.0,100.0,100.0,97.0,,,,,,99.3,99.3,,,,,,,0.0,0.0,0.0,0.0,0.0,,,,,,0.0,0.0,,,,,,
2025,Nordeste,PB,2513307,Santa Helena,Total,Total,0.0,0.0,0.0,0.0,0.0,0.0,0.0,0.0,0.0,0.0,0.0,0.0,2.7,0.0,0.0,,,1.3,100.0,100.0,100.0,100.0,100.0,96.7,92.6,97.2,100.0,96.2,100.0,98.3,93.2,96.4,100.0,,,95.7,0.0,0.0,0.0,0.0,0.0,3.3,7.4,2.8,0.0,3.8,0.0,1.7,4.1,3.6,0.0,,,3.0
2025,Nordeste,PB,2513307,Santa Helena,Urbana,Total,0.0,0.0,0.0,0.0,0.0,0.0,0.0,0.0,0.0,0.0,0.0,0.0,2.7,0.0,0.0,,,1.3,100.0,100.0,100.0,100.0,100.0,95.9,90.8,96.4,100.0,95.3,100.0,97.9,93.2,96.4,100.0,,,95.7,0.0,0.0,0.0,0.0,0.0,4.1,9.2,3.6,0.0,4.7,0.0,2.1,4.1,3.6,0.0,,,3.0
2025,Nordeste,PB,2513307,Santa Helena,Rural,Total,0.0,0.0,0.0,0.0,0.0,0.0,0.0,0.0,0.0,0.0,0.0,0.0,,,,,,,100.0,100.0,100.0,100.0,100.0,100.0,100.0,100.0,100.0,100.0,100.0,100.0,,,,,,,0.0,0.0,0.0,0.0,0.0,0.0,0.0,0.0,0.0,0.0,0.0,0.0,,,,,,
2025,Nordeste,PB,2513307,Santa Helena,Total,Estadual,,,,,,,,,,,,,2.7,0.0,0.0,,,1.3,,,,,,,,,,,,,93.2,96.4,100.0,,,95.7,,,,,,,,,,,,,4.1,3.6,0.0,,,3.0
2025,Nordeste,PB,2513307,Santa Helena,Urbana,Estadual,,,,,,,,,,,,,2.7,0.0,0.0,,,1.3,,,,,,,,,,,,,93.2,96.4,100.0,,,95.7,,,,,,,,,,,,,4.1,3.6,0.0,,,3.0
2025,Nordeste,PB,2513307,Santa Helena,Total,Municipal,0.0,0.0,0.0,0.0,0.0,0.0,0.0,0.0,0.0,0.0,0.0,0.0,,,,,,,100.0,100.0,100.0,100.0,100.0,96.7,92.6,97.2,100.0,96.2,100.0,98.2,,,,,,,0.0,0.0,0.0,0.0,0.0,3.3,7.4,2.8,0.0,3.8,0.0,1.8,,,,,,
2025,Nordeste,PB,2513307,Santa Helena,Urbana,Municipal,0.0,0.0,0.0,0.0,0.0,0.0,0.0,0.0,0.0,0.0,0.0,0.0,,,,,,,100.0,100.0,100.0,100.0,100.0,95.9,90.8,96.4,100.0,95.3,100.0,97.7,,,,,,,0.0,0.0,0.0,0.0,0.0,4.1,9.2,3.6,0.0,4.7,0.0,2.3,,,,,,
2025,Nordeste,PB,2513307,Santa Helena,Rural,Municipal,0.0,0.0,0.0,0.0,0.0,0.0,0.0,0.0,0.0,0.0,0.0,0.0,,,,,,,100.0,100.0,100.0,100.0,100.0,100.0,100.0,100.0,100.0,100.0,100.0,100.0,,,,,,,0.0,0.0,0.0,0.0,0.0,0.0,0.0,0.0,0.0,0.0,0.0,0.0,,,,,,
2025,Nordeste,PB,2513307,Santa Helena,Total,Privada,0.0,0.0,0.0,0.0,0.0,,,,,,0.0,0.0,,,,,,,100.0,100.0,100.0,100.0,100.0,,,,,,100.0,100.0,,,,,,,0.0,0.0,0.0,0.0,0.0,,,,,,0.0,0.0,,,,,,
2025,Nordeste,PB,2513307,Santa Helena,Urbana,Privada,0.0,0.0,0.0,0.0,0.0,,,,,,0.0,0.0,,,,,,,100.0,100.0,100.0,100.0,100.0,,,,,,100.0,100.0,,,,,,,0.0,0.0,0.0,0.0,0.0,,,,,,0.0,0.0,,,,,,
2025,Nordeste,PB,2513307,Santa Helena,Total,Pública,0.0,0.0,0.0,0.0,0.0,0.0,0.0,0.0,0.0,0.0,0.0,0.0,2.7,0.0,0.0,,,1.3,100.0,100.0,100.0,100.0,100.0,96.7,92.6,97.2,100.0,96.2,100.0,98.2,93.2,96.4,100.0,,,95.7,0.0,0.0,0.0,0.0,0.0,3.3,7.4,2.8,0.0,3.8,0.0,1.8,4.1,3.6,0.0,,,3.0
2025,Nordeste,PB,2513307,Santa Helena,Urbana,Pública,0.0,0.0,0.0,0.0,0.0,0.0,0.0,0.0,0.0,0.0,0.0,0.0,2.7,0.0,0.0,,,1.3,100.0,100.0,100.0,100.0,100.0,95.9,90.8,96.4,100.0,95.3,100.0,97.7,93.2,96.4,100.0,,,95.7,0.0,0.0,0.0,0.0,0.0,4.1,9.2,3.6,0.0,4.7,0.0,2.3,4.1,3.6,0.0,,,3.0
2025,Nordeste,PB,2513307,Santa Helena,Rural,Pública,0.0,0.0,0.0,0.0,0.0,0.0,0.0,0.0,0.0,0.0,0.0,0.0,,,,,,,100.0,100.0,100.0,100.0,100.0,100.0,100.0,100.0,100.0,100.0,100.0,100.0,,,,,,,0.0,0.0,0.0,0.0,0.0,0.0,0.0,0.0,0.0,0.0,0.0,0.0,,,,,,
2025,Nordeste,PB,2513356,Santa Inês,Total,Total,0.0,0.0,0.0,0.0,0.0,0.0,3.1,3.0,9.4,3.3,0.0,1.6,11.1,0.0,4.5,,,6.1,100.0,100.0,100.0,94.9,90.6,83.3,71.9,58.8,87.5,76.3,97.1,87.3,88.9,96.8,95.5,,,92.9,0.0,0.0,0.0,5.1,9.4,16.7,25.0,38.2,3.1,20.4,2.9,11.1,0.0,3.2,0.0,,,1.0
2025,Nordeste,PB,2513356,Santa Inês,Urbana,Total,0.0,0.0,0.0,0.0,0.0,0.0,0.0,0.0,0.0,0.0,0.0,0.0,11.1,0.0,4.5,,,6.1,100.0,100.0,100.0,94.7,91.7,80.4,69.6,57.1,96.0,76.2,97.4,84.4,88.9,96.8,95.5,,,92.9,0.0,0.0,0.0,5.3,8.3,19.6,30.4,42.9,4.0,23.8,2.6,15.6,0.0,3.2,0.0,,,1.0
2025,Nordeste,PB,2513356,Santa Inês,Rural,Total,0.0,0.0,0.0,0.0,0.0,0.0,11.1,16.6,42.9,16.6,0.0,4.0,,,,,,,100.0,100.0,100.0,95.0,90.0,100.0,77.8,66.7,57.1,76.7,96.8,92.0,,,,,,,0.0,0.0,0.0,5.0,10.0,0.0,11.1,16.7,0.0,6.7,3.2,4.0,,,,,,
2025,Nordeste,PB,2513356,Santa Inês,Total,Estadual,,,,,,,,,,,,,11.1,0.0,4.5,,,6.1,,,,,,,,,,,,,88.9,96.8,95.5,,,92.9,,,,,,,,,,,,,0.0,3.2,0.0,,,1.0
2025,Nordeste,PB,2513356,Santa Inês,Urbana,Estadual,,,,,,,,,,,,,11.1,0.0,4.5,,,6.1,,,,,,,,,,,,,88.9,96.8,95.5,,,92.9,,,,,,,,,,,,,0.0,3.2,0.0,,,1.0
2025,Nordeste,PB,2513356,Santa Inês,Total,Municipal,0.0,0.0,0.0,0.0,0.0,0.0,3.1,3.0,9.4,3.3,0.0,1.6,,,,,,,100.0,100.0,100.0,94.9,90.6,83.3,71.9,58.8,87.5,76.3,97.1,87.3,,,,,,,0.0,0.0,0.0,5.1,9.4,16.7,25.0,38.2,3.1,20.4,2.9,11.1,,,,,,
2025,Nordeste,PB,2513356,Santa Inês,Urbana,Municipal,0.0,0.0,0.0,0.0,0.0,0.0,0.0,0.0,0.0,0.0,0.0,0.0,,,,,,,100.0,100.0,100.0,94.7,91.7,80.4,69.6,57.1,96.0,76.2,97.4,84.4,,,,,,,0.0,0.0,0.0,5.3,8.3,19.6,30.4,42.9,4.0,23.8,2.6,15.6,,,,,,
2025,Nordeste,PB,2513356,Santa Inês,Rural,Municipal,0.0,0.0,0.0,0.0,0.0,0.0,11.1,16.6,42.9,16.6,0.0,4.0,,,,,,,100.0,100.0,100.0,95.0,90.0,100.0,77.8,66.7,57.1,76.7,96.8,92.0,,,,,,,0.0,0.0,0.0,5.0,10.0,0.0,11.1,16.7,0.0,6.7,3.2,4.0,,,,,,
2025,Nordeste,PB,2513356,Santa Inês,Total,Pública,0.0,0.0,0.0,0.0,0.0,0.0,3.1,3.0,9.4,3.3,0.0,1.6,11.1,0.0,4.5,,,6.1,100.0,100.0,100.0,94.9,90.6,83.3,71.9,58.8,87.5,76.3,97.1,87.3,88.9,96.8,95.5,,,92.9,0.0,0.0,0.0,5.1,9.4,16.7,25.0,38.2,3.1,20.4,2.9,11.1,0.0,3.2,0.0,,,1.0
2025,Nordeste,PB,2513356,Santa Inês,Urbana,Pública,0.0,0.0,0.0,0.0,0.0,0.0,0.0,0.0,0.0,0.0,0.0,0.0,11.1,0.0,4.5,,,6.1,100.0,100.0,100.0,94.7,91.7,80.4,69.6,57.1,96.0,76.2,97.4,84.4,88.9,96.8,95.5,,,92.9,0.0,0.0,0.0,5.3,8.3,19.6,30.4,42.9,4.0,23.8,2.6,15.6,0.0,3.2,0.0,,,1.0
2025,Nordeste,PB,2513356,Santa Inês,Rural,Pública,0.0,0.0,0.0,0.0,0.0,0.0,11.1,16.6,42.9,16.6,0.0,4.0,,,,,,,100.0,100.0,100.0,95.0,90.0,100.0,77.8,66.7,57.1,76.7,96.8,92.0,,,,,,,0.0,0.0,0.0,5.0,10.0,0.0,11.1,16.7,0.0,6.7,3.2,4.0,,,,,,
2025,Nordeste,PB,2513406,Santa Luzia,Total,Total,0.0,0.0,0.0,0.0,0.0,0.0,0.0,0.0,0.0,0.0,0.0,0.0,3.5,1.4,0.6,,,1.9,100.0,100.0,100.0,100.0,100.0,99.4,98.8,100.0,100.0,99.6,100.0,99.8,93.5,97.3,98.2,,,96.2,0.0,0.0,0.0,0.0,0.0,0.6,1.2,0.0,0.0,0.4,0.0,0.2,3.0,1.3,1.2,,,1.9
2025,Nordeste,PB,2513406,Santa Luzia,Urbana,Total,0.0,0.0,0.0,0.0,0.0,0.0,0.0,0.0,0.0,0.0,0.0,0.0,3.5,1.4,0.6,,,1.9,100.0,100.0,100.0,100.0,100.0,99.4,98.8,100.0,100.0,99.6,100.0,99.8,93.5,97.3,98.2,,,96.2,0.0,0.0,0.0,0.0,0.0,0.6,1.2,0.0,0.0,0.4,0.0,0.2,3.0,1.3,1.2,,,1.9
2025,Nordeste,PB,2513406,Santa Luzia,Rural,Total,0.0,,0.0,,0.0,,,,,,0.0,0.0,,,,,,,100.0,,100.0,,100.0,,,,,,100.0,100.0,,,,,,,0.0,,0.0,,0.0,,,,,,0.0,0.0,,,,,,
2025,Nordeste,PB,2513406,Santa Luzia,Total,Federal,,,,,,,,,,,,,1.2,0.0,0.0,,,0.5,,,,,,,,,,,,,95.0,98.6,94.3,,,96.2,,,,,,,,,,,,,3.8,1.4,5.7,,,3.3
2025,Nordeste,PB,2513406,Santa Luzia,Urbana,Federal,,,,,,,,,,,,,1.2,0.0,0.0,,,0.5,,,,,,,,,,,,,95.0,98.6,94.3,,,96.2,,,,,,,,,,,,,3.8,1.4,5.7,,,3.3
2025,Nordeste,PB,2513406,Santa Luzia,Total,Estadual,,,,,,0.0,0.0,0.0,0.0,0.0,,0.0,4.6,2.1,0.8,,,2.7,,,,,,100.0,100.0,100.0,100.0,100.0,,100.0,92.7,96.5,99.2,,,95.9,,,,,,0.0,0.0,0.0,0.0,0.0,,0.0,2.7,1.4,0.0,,,1.4
2025,Nordeste,PB,2513406,Santa Luzia,Urbana,Estadual,,,,,,0.0,0.0,0.0,0.0,0.0,,0.0,4.6,2.1,0.8,,,2.7,,,,,,100.0,100.0,100.0,100.0,100.0,,100.0,92.7,96.5,99.2,,,95.9,,,,,,0.0,0.0,0.0,0.0,0.0,,0.0,2.7,1.4,0.0,,,1.4
2025,Nordeste,PB,2513406,Santa Luzia,Total,Municipal,0.0,0.0,0.0,0.0,0.0,0.0,0.0,0.0,0.0,0.0,0.0,0.0,,,,,,,100.0,100.0,100.0,100.0,100.0,99.2,97.9,100.0,100.0,99.3,100.0,99.8,,,,,,,0.0,0.0,0.0,0.0,0.0,0.8,2.1,0.0,0.0,0.7,0.0,0.2,,,,,,
2025,Nordeste,PB,2513406,Santa Luzia,Urbana,Municipal,0.0,0.0,0.0,0.0,0.0,0.0,0.0,0.0,0.0,0.0,0.0,0.0,,,,,,,100.0,100.0,100.0,100.0,100.0,99.2,97.9,100.0,100.0,99.3,100.0,99.8,,,,,,,0.0,0.0,0.0,0.0,0.0,0.8,2.1,0.0,0.0,0.7,0.0,0.2,,,,,,
2025,Nordeste,PB,2513406,Santa Luzia,Rural,Municipal,0.0,,0.0,,0.0,,,,,,0.0,0.0,,,,,,,100.0,,100.0,,100.0,,,,,,100.0,100.0,,,,,,,0.0,,0.0,,0.0,,,,,,0.0,0.0,,,,,,
2025,Nordeste,PB,2513406,Santa Luzia,Total,Privada,0.0,0.0,0.0,0.0,0.0,0.0,0.0,0.0,0.0,0.0,0.0,0.0,,0.0,0.0,,,0.0,100.0,100.0,100.0,100.0,100.0,100.0,100.0,100.0,100.0,100.0,100.0,100.0,,100.0,100.0,,,100.0,0.0,0.0,0.0,0.0,0.0,0.0,0.0,0.0,0.0,0.0,0.0,0.0,,0.0,0.0,,,0.0
2025,Nordeste,PB,2513406,Santa Luzia,Urbana,Privada,0.0,0.0,0.0,0.0,0.0,0.0,0.0,0.0,0.0,0.0,0.0,0.0,,0.0,0.0,,,0.0,100.0,100.0,100.0,100.0,100.0,100.0,100.0,100.0,100.0,100.0,100.0,100.0,,100.0,100.0,,,100.0,0.0,0.0,0.0,0.0,0.0,0.0,0.0,0.0,0.0,0.0,0.0,0.0,,0.0,0.0,,,0.0
2025,Nordeste,PB,2513406,Santa Luzia,Total,Pública,0.0,0.0,0.0,0.0,0.0,0.0,0.0,0.0,0.0,0.0,0.0,0.0,3.5,1.5,0.6,,,2.0,100.0,100.0,100.0,100.0,100.0,99.4,98.6,100.0,100.0,99.5,100.0,99.8,93.5,97.1,98.1,,,96.0,0.0,0.0,0.0,0.0,0.0,0.6,1.4,0.0,0.0,0.5,0.0,0.2,3.0,1.4,1.3,,,2.0
2025,Nordeste,PB,2513406,Santa Luzia,Urbana,Pública,0.0,0.0,0.0,0.0,0.0,0.0,0.0,0.0,0.0,0.0,0.0,0.0,3.5,1.5,0.6,,,2.0,100.0,100.0,100.0,100.0,100.0,99.4,98.6,100.0,100.0,99.5,100.0,99.8,93.5,97.1,98.1,,,96.0,0.0,0.0,0.0,0.0,0.0,0.6,1.4,0.0,0.0,0.5,0.0,0.2,3.0,1.4,1.3,,,2.0
2025,Nordeste,PB,2513406,Santa Luzia,Rural,Pública,0.0,,0.0,,0.0,,,,,,0.0,0.0,,,,,,,100.0,,100.0,,100.0,,,,,,100.0,100.0,,,,,,,0.0,,0.0,,0.0,,,,,,0.0,0.0,,,,,,
2025,Nordeste,PB,2513505,Santana de Mangueira,Total,Total,0.0,0.0,0.0,0.0,0.0,2.1,0.0,4.5,1.6,1.9,0.0,0.9,2.9,1.8,3.5,,,2.7,100.0,100.0,98.4,95.2,96.6,95.9,100.0,94.0,96.8,96.9,98.1,97.5,97.1,98.2,96.5,,,97.3,0.0,0.0,1.6,4.8,3.4,2.0,0.0,1.5,1.6,1.2,1.9,1.6,0.0,0.0,0.0,,,0.0
2025,Nordeste,PB,2513505,Santana de Mangueira,Urbana,Total,0.0,0.0,0.0,0.0,0.0,2.7,0.0,6.8,2.4,2.8,0.0,1.3,2.9,1.8,3.5,,,2.7,100.0,100.0,97.8,93.2,100.0,94.6,100.0,90.9,95.3,95.5,98.0,96.8,97.1,98.2,96.5,,,97.3,0.0,0.0,2.2,6.8,0.0,2.7,0.0,2.3,2.3,1.7,2.0,1.9,0.0,0.0,0.0,,,0.0
2025,Nordeste,PB,2513505,Santana de Mangueira,Rural,Total,0.0,0.0,0.0,0.0,0.0,0.0,0.0,0.0,0.0,0.0,0.0,0.0,,,,,,,100.0,100.0,100.0,100.0,91.7,100.0,100.0,100.0,100.0,100.0,98.2,98.9,,,,,,,0.0,0.0,0.0,0.0,8.3,0.0,0.0,0.0,0.0,0.0,1.8,1.1,,,,,,
2025,Nordeste,PB,2513505,Santana de Mangueira,Total,Estadual,,,,,,,,,,,,,2.9,1.8,3.5,,,2.7,,,,,,,,,,,,,97.1,98.2,96.5,,,97.3,,,,,,,,,,,,,0.0,0.0,0.0,,,0.0
2025,Nordeste,PB,2513505,Santana de Mangueira,Urbana,Estadual,,,,,,,,,,,,,2.9,1.8,3.5,,,2.7,,,,,,,,,,,,,97.1,98.2,96.5,,,97.3,,,,,,,,,,,,,0.0,0.0,0.0,,,0.0
2025,Nordeste,PB,2513505,Santana de Mangueira,Total,Municipal,0.0,0.0,0.0,0.0,0.0,2.1,0.0,4.5,1.6,1.9,0.0,0.9,,,,,,,100.0,100.0,98.4,95.2,96.6,95.9,100.0,94.0,96.8,96.9,98.1,97.5,,,,,,,0.0,0.0,1.6,4.8,3.4,2.0,0.0,1.5,1.6,1.2,1.9,1.6,,,,,,
2025,Nordeste,PB,2513505,Santana de Mangueira,Urbana,Municipal,0.0,0.0,0.0,0.0,0.0,2.7,0.0,6.8,2.4,2.8,0.0,1.3,,,,,,,100.0,100.0,97.8,93.2,100.0,94.6,100.0,90.9,95.3,95.5,98.0,96.8,,,,,,,0.0,0.0,2.2,6.8,0.0,2.7,0.0,2.3,2.3,1.7,2.0,1.9,,,,,,
2025,Nordeste,PB,2513505,Santana de Mangueira,Rural,Municipal,0.0,0.0,0.0,0.0,0.0,0.0,0.0,0.0,0.0,0.0,0.0,0.0,,,,,,,100.0,100.0,100.0,100.0,91.7,100.0,100.0,100.0,100.0,100.0,98.2,98.9,,,,,,,0.0,0.0,0.0,0.0,8.3,0.0,0.0,0.0,0.0,0.0,1.8,1.1,,,,,,
2025,Nordeste,PB,2513505,Santana de Mangueira,Total,Pública,0.0,0.0,0.0,0.0,0.0,2.1,0.0,4.5,1.6,1.9,0.0,0.9,2.9,1.8,3.5,,,2.7,100.0,100.0,98.4,95.2,96.6,95.9,100.0,94.0,96.8,96.9,98.1,97.5,97.1,98.2,96.5,,,97.3,0.0,0.0,1.6,4.8,3.4,2.0,0.0,1.5,1.6,1.2,1.9,1.6,0.0,0.0,0.0,,,0.0
2025,Nordeste,PB,2513505,Santana de Mangueira,Urbana,Pública,0.0,0.0,0.0,0.0,0.0,2.7,0.0,6.8,2.4,2.8,0.0,1.3,2.9,1.8,3.5,,,2.7,100.0,100.0,97.8,93.2,100.0,94.6,100.0,90.9,95.3,95.5,98.0,96.8,97.1,98.2,96.5,,,97.3,0.0,0.0,2.2,6.8,0.0,2.7,0.0,2.3,2.3,1.7,2.0,1.9,0.0,0.0,0.0,,,0.0
2025,Nordeste,PB,2513505,Santana de Mangueira,Rural,Pública,0.0,0.0,0.0,0.0,0.0,0.0,0.0,0.0,0.0,0.0,0.0,0.0,,,,,,,100.0,100.0,100.0,100.0,91.7,100.0,100.0,100.0,100.0,100.0,98.2,98.9,,,,,,,0.0,0.0,0.0,0.0,8.3,0.0,0.0,0.0,0.0,0.0,1.8,1.1,,,,,,
2025,Nordeste,PB,2513604,Santana dos Garrotes,Total,Total,0.0,0.0,0.0,0.0,0.0,0.0,2.2,2.5,1.1,1.7,0.0,0.8,3.0,2.3,0.0,,,2.2,100.0,100.0,100.0,100.0,100.0,98.3,95.6,95.8,98.9,96.9,100.0,98.6,97.0,97.7,100.0,,,97.8,0.0,0.0,0.0,0.0,0.0,1.7,2.2,1.7,0.0,1.4,0.0,0.6,0.0,0.0,0.0,,,0.0
2025,Nordeste,PB,2513604,Santana dos Garrotes,Urbana,Total,0.0,0.0,0.0,0.0,0.0,0.0,1.5,0.0,1.6,0.8,0.0,0.4,3.0,2.3,0.0,,,2.2,100.0,100.0,100.0,100.0,100.0,100.0,98.5,100.0,98.4,99.2,100.0,99.6,97.0,97.7,100.0,,,97.8,0.0,0.0,0.0,0.0,0.0,0.0,0.0,0.0,0.0,0.0,0.0,0.0,0.0,0.0,0.0,,,0.0
2025,Nordeste,PB,2513604,Santana dos Garrotes,Rural,Total,0.0,0.0,0.0,0.0,0.0,0.0,4.0,7.3,0.0,3.9,0.0,1.6,,,,,,,100.0,100.0,100.0,100.0,100.0,90.0,88.0,87.8,100.0,91.2,100.0,96.4,,,,,,,0.0,0.0,0.0,0.0,0.0,10.0,8.0,4.9,0.0,4.9,0.0,2.0,,,,,,
2025,Nordeste,PB,2513604,Santana dos Garrotes,Total,Estadual,,,,,,,,,,,,,3.0,2.3,0.0,,,2.2,,,,,,,,,,,,,97.0,97.7,100.0,,,97.8,,,,,,,,,,,,,0.0,0.0,0.0,,,0.0
2025,Nordeste,PB,2513604,Santana dos Garrotes,Urbana,Estadual,,,,,,,,,,,,,3.0,2.3,0.0,,,2.2,,,,,,,,,,,,,97.0,97.7,100.0,,,97.8,,,,,,,,,,,,,0.0,0.0,0.0,,,0.0
2025,Nordeste,PB,2513604,Santana dos Garrotes,Total,Municipal,0.0,0.0,0.0,0.0,0.0,0.0,2.4,2.8,1.3,1.9,0.0,0.9,,,,,,,100.0,100.0,100.0,100.0,100.0,98.0,95.1,95.4,98.7,96.5,100.0,98.4,,,,,,,0.0,0.0,0.0,0.0,0.0,2.0,2.5,1.8,0.0,1.6,0.0,0.7,,,,,,
2025,Nordeste,PB,2513604,Santana dos Garrotes,Urbana,Municipal,0.0,0.0,0.0,0.0,0.0,0.0,1.8,0.0,2.0,0.9,0.0,0.5,,,,,,,100.0,100.0,100.0,100.0,100.0,100.0,98.2,100.0,98.0,99.1,100.0,99.5,,,,,,,0.0,0.0,0.0,0.0,0.0,0.0,0.0,0.0,0.0,0.0,0.0,0.0,,,,,,
2025,Nordeste,PB,2513604,Santana dos Garrotes,Rural,Municipal,0.0,0.0,0.0,0.0,0.0,0.0,4.0,7.3,0.0,3.9,0.0,1.6,,,,,,,100.0,100.0,100.0,100.0,100.0,90.0,88.0,87.8,100.0,91.2,100.0,96.4,,,,,,,0.0,0.0,0.0,0.0,0.0,10.0,8.0,4.9,0.0,4.9,0.0,2.0,,,,,,
2025,Nordeste,PB,2513604,Santana dos Garrotes,Total,Privada,0.0,0.0,0.0,0.0,0.0,0.0,0.0,0.0,0.0,0.0,0.0,0.0,,,,,,,100.0,100.0,100.0,100.0,100.0,100.0,100.0,100.0,100.0,100.0,100.0,100.0,,,,,,,0.0,0.0,0.0,0.0,0.0,0.0,0.0,0.0,0.0,0.0,0.0,0.0,,,,,,
2025,Nordeste,PB,2513604,Santana dos Garrotes,Urbana,Privada,0.0,0.0,0.0,0.0,0.0,0.0,0.0,0.0,0.0,0.0,0.0,0.0,,,,,,,100.0,100.0,100.0,100.0,100.0,100.0,100.0,100.0,100.0,100.0,100.0,100.0,,,,,,,0.0,0.0,0.0,0.0,0.0,0.0,0.0,0.0,0.0,0.0,0.0,0.0,,,,,,
2025,Nordeste,PB,2513604,Santana dos Garrotes,Total,Pública,0.0,0.0,0.0,0.0,0.0,0.0,2.4,2.8,1.3,1.9,0.0,0.9,3.0,2.3,0.0,,,2.2,100.0,100.0,100.0,100.0,100.0,98.0,95.1,95.4,98.7,96.5,100.0,98.4,97.0,97.7,100.0,,,97.8,0.0,0.0,0.0,0.0,0.0,2.0,2.5,1.8,0.0,1.6,0.0,0.7,0.0,0.0,0.0,,,0.0
2025,Nordeste,PB,2513604,Santana dos Garrotes,Urbana,Pública,0.0,0.0,0.0,0.0,0.0,0.0,1.8,0.0,2.0,0.9,0.0,0.5,3.0,2.3,0.0,,,2.2,100.0,100.0,100.0,100.0,100.0,100.0,98.2,100.0,98.0,99.1,100.0,99.5,97.0,97.7,100.0,,,97.8,0.0,0.0,0.0,0.0,0.0,0.0,0.0,0.0,0.0,0.0,0.0,0.0,0.0,0.0,0.0,,,0.0
2025,Nordeste,PB,2513604,Santana dos Garrotes,Rural,Pública,0.0,0.0,0.0,0.0,0.0,0.0,4.0,7.3,0.0,3.9,0.0,1.6,,,,,,,100.0,100.0,100.0,100.0,100.0,90.0,88.0,87.8,100.0,91.2,100.0,96.4,,,,,,,0.0,0.0,0.0,0.0,0.0,10.0,8.0,4.9,0.0,4.9,0.0,2.0,,,,,,
2025,Nordeste,PB,2513653,Joca Claudino,Total,Total,0.0,0.0,0.0,0.0,0.0,0.0,0.0,0.0,0.0,0.0,0.0,0.0,0.0,0.0,0.0,,,0.0,100.0,100.0,100.0,100.0,100.0,100.0,100.0,100.0,100.0,100.0,100.0,100.0,97.1,100.0,100.0,,,98.8,0.0,0.0,0.0,0.0,0.0,0.0,0.0,0.0,0.0,0.0,0.0,0.0,2.9,0.0,0.0,,,1.2
2025,Nordeste,PB,2513653,Joca Claudino,Urbana,Total,0.0,0.0,0.0,0.0,0.0,0.0,0.0,0.0,0.0,0.0,0.0,0.0,0.0,0.0,0.0,,,0.0,100.0,100.0,100.0,100.0,100.0,100.0,100.0,100.0,100.0,100.0,100.0,100.0,97.1,100.0,100.0,,,98.8,0.0,0.0,0.0,0.0,0.0,0.0,0.0,0.0,0.0,0.0,0.0,0.0,2.9,0.0,0.0,,,1.2
2025,Nordeste,PB,2513653,Joca Claudino,Total,Estadual,,,,,,,,,,,,,0.0,0.0,0.0,,,0.0,,,,,,,,,,,,,97.1,100.0,100.0,,,98.8,,,,,,,,,,,,,2.9,0.0,0.0,,,1.2
2025,Nordeste,PB,2513653,Joca Claudino,Urbana,Estadual,,,,,,,,,,,,,0.0,0.0,0.0,,,0.0,,,,,,,,,,,,,97.1,100.0,100.0,,,98.8,,,,,,,,,,,,,2.9,0.0,0.0,,,1.2
2025,Nordeste,PB,2513653,Joca Claudino,Total,Municipal,0.0,0.0,0.0,0.0,0.0,0.0,0.0,0.0,0.0,0.0,0.0,0.0,,,,,,,100.0,100.0,100.0,100.0,100.0,100.0,100.0,100.0,100.0,100.0,100.0,100.0,,,,,,,0.0,0.0,0.0,0.0,0.0,0.0,0.0,0.0,0.0,0.0,0.0,0.0,,,,,,
2025,Nordeste,PB,2513653,Joca Claudino,Urbana,Municipal,0.0,0.0,0.0,0.0,0.0,0.0,0.0,0.0,0.0,0.0,0.0,0.0,,,,,,,100.0,100.0,100.0,100.0,100.0,100.0,100.0,100.0,100.0,100.0,100.0,100.0,,,,,,,0.0,0.0,0.0,0.0,0.0,0.0,0.0,0.0,0.0,0.0,0.0,0.0,,,,,,
2025,Nordeste,PB,2513653,Joca Claudino,Total,Pública,0.0,0.0,0.0,0.0,0.0,0.0,0.0,0.0,0.0,0.0,0.0,0.0,0.0,0.0,0.0,,,0.0,100.0,100.0,100.0,100.0,100.0,100.0,100.0,100.0,100.0,100.0,100.0,100.0,97.1,100.0,100.0,,,98.8,0.0,0.0,0.0,0.0,0.0,0.0,0.0,0.0,0.0,0.0,0.0,0.0,2.9,0.0,0.0,,,1.2
2025,Nordeste,PB,2513653,Joca Claudino,Urbana,Pública,0.0,0.0,0.0,0.0,0.0,0.0,0.0,0.0,0.0,0.0,0.0,0.0,0.0,0.0,0.0,,,0.0,100.0,100.0,100.0,100.0,100.0,100.0,100.0,100.0,100.0,100.0,100.0,100.0,97.1,100.0,100.0,,,98.8,0.0,0.0,0.0,0.0,0.0,0.0,0.0,0.0,0.0,0.0,0.0,0.0,2.9,0.0,0.0,,,1.2
2025,Nordeste,PB,2513703,Santa Rita,Total,Total,2.2,1.2,1.6,1.7,1.2,3.9,2.8,3.1,1.7,3.0,1.5,2.1,5.6,4.5,4.4,,,5.0,97.3,98.2,95.0,96.1,95.8,89.3,91.5,93.3,97.4,92.5,96.5,94.9,89.4,92.0,94.7,,,91.7,0.5,0.6,3.4,2.2,3.0,6.8,5.7,3.6,0.9,4.5,2.0,3.0,5.0,3.5,0.9,,,3.3
2025,Nordeste,PB,2513703,Santa Rita,Urbana,Total,2.4,1.2,1.8,2.0,1.5,4.2,3.1,3.4,1.9,3.2,1.8,2.4,5.7,4.7,4.5,,,5.1,97.0,98.2,95.3,96.0,95.8,88.5,91.1,93.1,97.2,92.2,96.4,94.7,89.3,91.8,94.6,,,91.6,0.6,0.6,2.9,2.0,2.7,7.3,5.8,3.5,0.9,4.6,1.8,2.9,5.0,3.5,0.9,,,3.3
2025,Nordeste,PB,2513703,Santa Rita,Rural,Total,0.3,1.4,0.0,0.3,0.0,1.5,0.5,0.5,0.7,0.9,0.4,0.6,2.2,0.0,0.0,,,1.0,99.7,97.9,93.4,96.8,95.4,95.0,95.0,95.0,98.6,95.7,96.5,96.2,93.5,100.0,100.0,,,96.9,0.0,0.7,6.6,2.9,4.6,3.5,4.5,4.5,0.7,3.4,3.1,3.2,4.3,0.0,0.0,,,2.1
2025,Nordeste,PB,2513703,Santa Rita,Total,Federal,,,,,,,,,,,,,1.2,0.0,0.6,,,0.7,,,,,,,,,,,,,87.8,95.7,98.1,,,93.7,,,,,,,,,,,,,11.0,4.3,1.3,,,5.6
2025,Nordeste,PB,2513703,Santa Rita,Urbana,Federal,,,,,,,,,,,,,1.2,0.0,0.6,,,0.7,,,,,,,,,,,,,87.8,95.7,98.1,,,93.7,,,,,,,,,,,,,11.0,4.3,1.3,,,5.6
2025,Nordeste,PB,2513703,Santa Rita,Total,Estadual,1.4,1.3,0.5,0.9,1.9,4.4,4.0,7.1,3.0,4.6,1.2,3.5,6.7,5.5,5.7,,,6.0,98.6,98.0,98.0,97.3,97.2,92.2,93.5,90.2,96.8,93.2,97.7,94.7,88.7,90.8,93.4,,,90.7,0.0,0.7,1.5,1.8,0.9,3.4,2.5,2.7,0.2,2.2,1.1,1.8,4.6,3.7,0.9,,,3.3
2025,Nordeste,PB,2513703,Santa Rita,Urbana,Estadual,1.4,1.3,0.5,0.9,1.9,4.7,4.1,7.6,3.2,4.9,1.2,3.6,6.9,5.7,5.8,,,6.2,98.6,98.0,98.0,97.3,97.2,91.7,93.2,89.6,96.6,92.8,97.7,94.5,88.5,90.6,93.2,,,90.5,0.0,0.7,1.5,1.8,0.9,3.6,2.7,2.8,0.2,2.3,1.1,1.9,4.6,3.7,1.0,,,3.3
2025,Nordeste,PB,2513703,Santa Rita,Rural,Estadual,,,,,,0.0,0.0,0.0,0.0,0.0,,0.0,2.2,0.0,0.0,,,1.0,,,,,,100.0,100.0,100.0,100.0,100.0,,100.0,93.5,100.0,100.0,,,96.9,,,,,,0.0,0.0,0.0,0.0,0.0,,0.0,4.3,0.0,0.0,,,2.1
2025,Nordeste,PB,2513703,Santa Rita,Total,Municipal,3.2,1.9,2.7,2.9,1.8,5.0,3.2,2.5,1.7,3.3,2.4,2.8,,,,,,,96.1,97.4,91.5,93.7,93.2,84.9,88.1,92.6,97.4,90.0,94.2,92.4,,,,,,,0.7,0.7,5.8,3.4,5.0,10.1,8.7,4.9,0.9,6.7,3.4,4.8,,,,,,
2025,Nordeste,PB,2513703,Santa Rita,Urbana,Municipal,4.4,2.1,3.7,3.8,2.4,5.8,3.7,2.8,1.9,3.7,3.3,3.5,,,,,,,94.5,97.1,90.8,92.5,92.4,82.7,86.9,92.3,97.2,89.0,93.2,91.3,,,,,,,1.1,0.8,5.5,3.7,5.2,11.5,9.4,4.9,0.9,7.3,3.5,5.2,,,,,,
2025,Nordeste,PB,2513703,Santa Rita,Rural,Municipal,0.3,1.5,0.0,0.3,0.0,1.8,0.6,0.7,0.8,1.0,0.4,0.6,,,,,,,99.7,98.1,93.4,97.0,95.7,94.4,94.4,94.1,98.4,95.1,96.7,96.2,,,,,,,0.0,0.4,6.6,2.7,4.3,3.8,5.0,5.2,0.8,3.9,2.9,3.2,,,,,,
2025,Nordeste,PB,2513703,Santa Rita,Total,Privada,1.3,0.4,0.2,0.5,0.3,0.0,0.5,0.3,0.0,0.2,0.7,0.5,0.0,0.0,0.0,,,0.0,98.3,99.0,99.1,98.9,99.1,98.9,98.7,98.9,98.2,98.7,98.8,98.8,98.0,99.3,100.0,,,99.1,0.4,0.6,0.7,0.6,0.6,1.1,0.8,0.8,1.8,1.1,0.5,0.7,2.0,0.7,0.0,,,0.9
2025,Nordeste,PB,2513703,Santa Rita,Urbana,Privada,1.4,0.5,0.2,0.5,0.3,0.0,0.5,0.3,0.0,0.2,0.6,0.5,0.0,0.0,0.0,,,0.0,98.2,99.0,99.2,99.0,99.2,98.9,98.7,98.9,98.2,98.7,98.9,98.9,98.0,99.3,100.0,,,99.1,0.4,0.5,0.6,0.5,0.5,1.1,0.8,0.8,1.8,1.1,0.5,0.6,2.0,0.7,0.0,,,0.9
2025,Nordeste,PB,2513703,Santa Rita,Rural,Privada,0.0,0.0,0.0,0.0,0.0,,,,,,0.0,0.0,,,,,,,100.0,94.4,91.7,88.9,75.0,,,,,,93.0,93.0,,,,,,,0.0,5.6,8.3,11.1,25.0,,,,,,7.0,7.0,,,,,,
2025,Nordeste,PB,2513703,Santa Rita,Total,Pública,3.0,1.8,2.4,2.6,1.8,4.8,3.4,3.9,2.2,3.7,2.3,3.0,6.2,5.0,5.0,,,5.4,96.4,97.5,92.4,94.2,93.8,86.9,89.7,91.9,97.2,91.0,94.7,92.9,88.6,91.3,94.0,,,91.0,0.6,0.7,5.2,3.2,4.4,8.3,6.9,4.2,0.6,5.3,3.0,4.1,5.2,3.7,1.0,,,3.6
2025,Nordeste,PB,2513703,Santa Rita,Urbana,Pública,3.9,1.9,3.1,3.3,2.3,5.5,3.8,4.4,2.4,4.2,2.8,3.5,6.2,5.1,5.1,,,5.5,95.2,97.3,92.1,93.4,93.3,85.4,88.9,91.4,97.0,90.2,94.1,92.1,88.5,91.1,93.9,,,90.9,0.9,0.8,4.8,3.3,4.4,9.1,7.3,4.2,0.6,5.6,3.1,4.4,5.3,3.8,1.0,,,3.6
2025,Nordeste,PB,2513703,Santa Rita,Rural,Pública,0.3,1.5,0.0,0.3,0.0,1.5,0.5,0.5,0.7,0.9,0.4,0.6,2.2,0.0,0.0,,,1.0,99.7,98.1,93.4,97.0,95.7,95.0,95.0,95.0,98.6,95.7,96.7,96.3,93.5,100.0,100.0,,,96.9,0.0,0.4,6.6,2.7,4.3,3.5,4.5,4.5,0.7,3.4,2.9,3.1,4.3,0.0,0.0,,,2.1
2025,Nordeste,PB,2513802,Santa Teresinha,Total,Total,0.0,0.0,0.0,0.0,0.0,0.0,0.0,0.0,0.0,0.0,0.0,0.0,0.0,0.0,0.0,,,0.0,100.0,100.0,100.0,100.0,100.0,100.0,100.0,100.0,100.0,100.0,100.0,100.0,96.2,100.0,100.0,,,98.5,0.0,0.0,0.0,0.0,0.0,0.0,0.0,0.0,0.0,0.0,0.0,0.0,3.8,0.0,0.0,,,1.5
2025,Nordeste,PB,2513802,Santa Teresinha,Urbana,Total,0.0,0.0,0.0,0.0,0.0,0.0,0.0,0.0,0.0,0.0,0.0,0.0,0.0,0.0,0.0,,,0.0,100.0,100.0,100.0,100.0,100.0,100.0,100.0,100.0,100.0,100.0,100.0,100.0,96.2,100.0,100.0,,,98.5,0.0,0.0,0.0,0.0,0.0,0.0,0.0,0.0,0.0,0.0,0.0,0.0,3.8,0.0,0.0,,,1.5
2025,Nordeste,PB,2513802,Santa Teresinha,Rural,Total,0.0,0.0,0.0,0.0,0.0,,,,,,0.0,0.0,,,,,,,100.0,100.0,100.0,100.0,100.0,,,,,,100.0,100.0,,,,,,,0.0,0.0,0.0,0.0,0.0,,,,,,0.0,0.0,,,,,,
2025,Nordeste,PB,2513802,Santa Teresinha,Total,Estadual,,,,,,,,,,,,,0.0,0.0,0.0,,,0.0,,,,,,,,,,,,,96.2,100.0,100.0,,,98.5,,,,,,,,,,,,,3.8,0.0,0.0,,,1.5
2025,Nordeste,PB,2513802,Santa Teresinha,Urbana,Estadual,,,,,,,,,,,,,0.0,0.0,0.0,,,0.0,,,,,,,,,,,,,96.2,100.0,100.0,,,98.5,,,,,,,,,,,,,3.8,0.0,0.0,,,1.5
2025,Nordeste,PB,2513802,Santa Teresinha,Total,Municipal,0.0,0.0,0.0,0.0,0.0,0.0,0.0,0.0,0.0,0.0,0.0,0.0,,,,,,,100.0,100.0,100.0,100.0,100.0,100.0,100.0,100.0,100.0,100.0,100.0,100.0,,,,,,,0.0,0.0,0.0,0.0,0.0,0.0,0.0,0.0,0.0,0.0,0.0,0.0,,,,,,
2025,Nordeste,PB,2513802,Santa Teresinha,Urbana,Municipal,0.0,0.0,0.0,0.0,,0.0,0.0,0.0,0.0,0.0,0.0,0.0,,,,,,,100.0,100.0,100.0,100.0,,100.0,100.0,100.0,100.0,100.0,100.0,100.0,,,,,,,0.0,0.0,0.0,0.0,,0.0,0.0,0.0,0.0,0.0,0.0,0.0,,,,,,
2025,Nordeste,PB,2513802,Santa Teresinha,Rural,Municipal,0.0,0.0,0.0,0.0,0.0,,,,,,0.0,0.0,,,,,,,100.0,100.0,100.0,100.0,100.0,,,,,,100.0,100.0,,,,,,,0.0,0.0,0.0,0.0,0.0,,,,,,0.0,0.0,,,,,,
2025,Nordeste,PB,2513802,Santa Teresinha,Total,Privada,0.0,0.0,0.0,0.0,0.0,,,,,,0.0,0.0,,,,,,,100.0,100.0,100.0,100.0,100.0,,,,,,100.0,100.0,,,,,,,0.0,0.0,0.0,0.0,0.0,,,,,,0.0,0.0,,,,,,
2025,Nordeste,PB,2513802,Santa Teresinha,Urbana,Privada,0.0,0.0,0.0,0.0,0.0,,,,,,0.0,0.0,,,,,,,100.0,100.0,100.0,100.0,100.0,,,,,,100.0,100.0,,,,,,,0.0,0.0,0.0,0.0,0.0,,,,,,0.0,0.0,,,,,,
2025,Nordeste,PB,2513802,Santa Teresinha,Total,Pública,0.0,0.0,0.0,0.0,0.0,0.0,0.0,0.0,0.0,0.0,0.0,0.0,0.0,0.0,0.0,,,0.0,100.0,100.0,100.0,100.0,100.0,100.0,100.0,100.0,100.0,100.0,100.0,100.0,96.2,100.0,100.0,,,98.5,0.0,0.0,0.0,0.0,0.0,0.0,0.0,0.0,0.0,0.0,0.0,0.0,3.8,0.0,0.0,,,1.5
2025,Nordeste,PB,2513802,Santa Teresinha,Urbana,Pública,0.0,0.0,0.0,0.0,,0.0,0.0,0.0,0.0,0.0,0.0,0.0,0.0,0.0,0.0,,,0.0,100.0,100.0,100.0,100.0,,100.0,100.0,100.0,100.0,100.0,100.0,100.0,96.2,100.0,100.0,,,98.5,0.0,0.0,0.0,0.0,,0.0,0.0,0.0,0.0,0.0,0.0,0.0,3.8,0.0,0.0,,,1.5
2025,Nordeste,PB,2513802,Santa Teresinha,Rural,Pública,0.0,0.0,0.0,0.0,0.0,,,,,,0.0,0.0,,,,,,,100.0,100.0,100.0,100.0,100.0,,,,,,100.0,100.0,,,,,,,0.0,0.0,0.0,0.0,0.0,,,,,,0.0,0.0,,,,,,
2025,Nordeste,PB,2513851,Santo André,Total,Total,0.0,2.9,0.0,0.0,0.0,0.0,0.0,0.0,0.0,0.0,0.7,0.3,0.0,3.1,0.0,,,1.1,100.0,97.1,86.2,100.0,90.9,88.2,97.6,100.0,100.0,96.8,94.6,95.8,100.0,96.9,100.0,,,98.9,0.0,0.0,13.8,0.0,9.1,11.8,2.4,0.0,0.0,3.2,4.7,3.9,0.0,0.0,0.0,,,0.0
2025,Nordeste,PB,2513851,Santo André,Urbana,Total,0.0,2.9,0.0,0.0,0.0,0.0,0.0,0.0,0.0,0.0,0.7,0.3,0.0,3.1,0.0,,,1.1,100.0,97.1,86.2,100.0,90.9,88.2,97.6,100.0,100.0,96.8,94.6,95.8,100.0,96.9,100.0,,,98.9,0.0,0.0,13.8,0.0,9.1,11.8,2.4,0.0,0.0,3.2,4.7,3.9,0.0,0.0,0.0,,,0.0
2025,Nordeste,PB,2513851,Santo André,Total,Estadual,,,,,,,,,,,,,0.0,3.1,0.0,,,1.1,,,,,,,,,,,,,100.0,96.9,100.0,,,98.9,,,,,,,,,,,,,0.0,0.0,0.0,,,0.0
2025,Nordeste,PB,2513851,Santo André,Urbana,Estadual,,,,,,,,,,,,,0.0,3.1,0.0,,,1.1,,,,,,,,,,,,,100.0,96.9,100.0,,,98.9,,,,,,,,,,,,,0.0,0.0,0.0,,,0.0
2025,Nordeste,PB,2513851,Santo André,Total,Municipal,0.0,2.9,0.0,0.0,0.0,0.0,0.0,0.0,0.0,0.0,0.7,0.3,,,,,,,100.0,97.1,86.2,100.0,90.9,88.2,97.6,100.0,100.0,96.8,94.6,95.8,,,,,,,0.0,0.0,13.8,0.0,9.1,11.8,2.4,0.0,0.0,3.2,4.7,3.9,,,,,,
2025,Nordeste,PB,2513851,Santo André,Urbana,Municipal,0.0,2.9,0.0,0.0,0.0,0.0,0.0,0.0,0.0,0.0,0.7,0.3,,,,,,,100.0,97.1,86.2,100.0,90.9,88.2,97.6,100.0,100.0,96.8,94.6,95.8,,,,,,,0.0,0.0,13.8,0.0,9.1,11.8,2.4,0.0,0.0,3.2,4.7,3.9,,,,,,
2025,Nordeste,PB,2513851,Santo André,Total,Pública,0.0,2.9,0.0,0.0,0.0,0.0,0.0,0.0,0.0,0.0,0.7,0.3,0.0,3.1,0.0,,,1.1,100.0,97.1,86.2,100.0,90.9,88.2,97.6,100.0,100.0,96.8,94.6,95.8,100.0,96.9,100.0,,,98.9,0.0,0.0,13.8,0.0,9.1,11.8,2.4,0.0,0.0,3.2,4.7,3.9,0.0,0.0,0.0,,,0.0
2025,Nordeste,PB,2513851,Santo André,Urbana,Pública,0.0,2.9,0.0,0.0,0.0,0.0,0.0,0.0,0.0,0.0,0.7,0.3,0.0,3.1,0.0,,,1.1,100.0,97.1,86.2,100.0,90.9,88.2,97.6,100.0,100.0,96.8,94.6,95.8,100.0,96.9,100.0,,,98.9,0.0,0.0,13.8,0.0,9.1,11.8,2.4,0.0,0.0,3.2,4.7,3.9,0.0,0.0,0.0,,,0.0
2025,Nordeste,PB,2513901,São Bento,Total,Total,0.0,0.0,0.0,0.0,0.0,0.0,0.6,1.4,0.2,0.6,0.0,0.3,0.4,0.6,0.0,,,0.3,99.8,100.0,92.9,94.4,98.0,95.3,93.2,92.8,98.8,94.8,97.0,96.0,93.4,98.9,100.0,,,96.9,0.2,0.0,7.1,5.6,2.0,4.7,6.2,5.8,1.0,4.6,3.0,3.7,6.2,0.5,0.0,,,2.8
2025,Nordeste,PB,2513901,São Bento,Urbana,Total,0.0,0.0,0.0,0.0,0.0,0.0,0.6,1.4,0.3,0.6,0.0,0.3,0.4,0.6,0.0,,,0.3,100.0,100.0,95.9,96.4,98.9,95.1,93.2,92.4,98.7,94.6,98.2,96.5,93.4,98.9,100.0,,,96.9,0.0,0.0,4.1,3.6,1.1,4.9,6.2,6.2,1.0,4.8,1.8,3.2,6.2,0.5,0.0,,,2.8
2025,Nordeste,PB,2513901,São Bento,Rural,Total,0.0,0.0,0.0,0.0,0.0,0.0,0.0,0.0,0.0,0.0,0.0,0.0,,,,,,,98.4,100.0,73.2,83.7,91.4,97.5,94.1,100.0,100.0,98.2,89.1,91.5,,,,,,,1.6,0.0,26.8,16.3,8.6,2.5,5.9,0.0,0.0,1.8,10.9,8.5,,,,,,
2025,Nordeste,PB,2513901,São Bento,Total,Estadual,,,,,,,,,,,,,0.0,0.6,0.0,,,0.2,,,,,,,,,,,,,93.9,98.8,100.0,,,97.0,,,,,,,,,,,,,6.1,0.6,0.0,,,2.8
2025,Nordeste,PB,2513901,São Bento,Urbana,Estadual,,,,,,,,,,,,,0.0,0.6,0.0,,,0.2,,,,,,,,,,,,,93.9,98.8,100.0,,,97.0,,,,,,,,,,,,,6.1,0.6,0.0,,,2.8
2025,Nordeste,PB,2513901,São Bento,Total,Municipal,0.0,0.0,0.0,0.0,0.0,0.0,0.7,1.4,0.0,0.6,0.0,0.3,,,,,,,99.7,100.0,90.8,93.4,97.4,94.3,91.9,91.7,98.8,93.9,96.1,95.1,,,,,,,0.3,0.0,9.2,6.6,2.6,5.7,7.4,6.9,1.2,5.5,3.9,4.6,,,,,,
2025,Nordeste,PB,2513901,São Bento,Urbana,Municipal,0.0,0.0,0.0,0.0,0.0,0.0,0.8,1.5,0.0,0.6,0.0,0.3,,,,,,,100.0,100.0,94.5,95.8,98.5,94.0,91.8,91.1,98.7,93.6,97.7,95.7,,,,,,,0.0,0.0,5.5,4.2,1.5,6.0,7.4,7.4,1.3,5.8,2.3,4.0,,,,,,
2025,Nordeste,PB,2513901,São Bento,Rural,Municipal,0.0,0.0,0.0,0.0,0.0,0.0,0.0,0.0,0.0,0.0,0.0,0.0,,,,,,,98.4,100.0,73.2,83.7,91.4,97.5,94.1,100.0,100.0,98.2,89.1,91.5,,,,,,,1.6,0.0,26.8,16.3,8.6,2.5,5.9,0.0,0.0,1.8,10.9,8.5,,,,,,
2025,Nordeste,PB,2513901,São Bento,Total,Privada,0.0,0.0,0.0,0.0,0.0,0.0,0.0,1.2,1.3,0.6,0.0,0.3,5.1,0.0,0.0,,,1.6,100.0,100.0,100.0,98.2,100.0,100.0,100.0,98.8,98.7,99.4,99.6,99.5,87.2,100.0,100.0,,,96.0,0.0,0.0,0.0,1.8,0.0,0.0,0.0,0.0,0.0,0.0,0.4,0.2,7.7,0.0,0.0,,,2.4
2025,Nordeste,PB,2513901,São Bento,Urbana,Privada,0.0,0.0,0.0,0.0,0.0,0.0,0.0,1.2,1.3,0.6,0.0,0.3,5.1,0.0,0.0,,,1.6,100.0,100.0,100.0,98.2,100.0,100.0,100.0,98.8,98.7,99.4,99.6,99.5,87.2,100.0,100.0,,,96.0,0.0,0.0,0.0,1.8,0.0,0.0,0.0,0.0,0.0,0.0,0.4,0.2,7.7,0.0,0.0,,,2.4
2025,Nordeste,PB,2513901,São Bento,Total,Pública,0.0,0.0,0.0,0.0,0.0,0.0,0.7,1.4,0.0,0.6,0.0,0.3,0.0,0.6,0.0,,,0.2,99.7,100.0,90.8,93.4,97.4,94.3,91.9,91.7,98.8,93.9,96.1,95.1,93.9,98.8,100.0,,,97.0,0.3,0.0,9.2,6.6,2.6,5.7,7.4,6.9,1.2,5.5,3.9,4.6,6.1,0.6,0.0,,,2.8
2025,Nordeste,PB,2513901,São Bento,Urbana,Pública,0.0,0.0,0.0,0.0,0.0,0.0,0.8,1.5,0.0,0.6,0.0,0.3,0.0,0.6,0.0,,,0.2,100.0,100.0,94.5,95.8,98.5,94.0,91.8,91.1,98.7,93.6,97.7,95.7,93.9,98.8,100.0,,,97.0,0.0,0.0,5.5,4.2,1.5,6.0,7.4,7.4,1.3,5.8,2.3,4.0,6.1,0.6,0.0,,,2.8
2025,Nordeste,PB,2513901,São Bento,Rural,Pública,0.0,0.0,0.0,0.0,0.0,0.0,0.0,0.0,0.0,0.0,0.0,0.0,,,,,,,98.4,100.0,73.2,83.7,91.4,97.5,94.1,100.0,100.0,98.2,89.1,91.5,,,,,,,1.6,0.0,26.8,16.3,8.6,2.5,5.9,0.0,0.0,1.8,10.9,8.5,,,,,,
2025,Nordeste,PB,2513927,São Bentinho,Total,Total,0.0,0.0,0.0,0.0,0.0,0.0,0.0,0.0,0.0,0.0,0.0,0.0,0.0,0.0,0.0,,,0.0,100.0,100.0,100.0,100.0,100.0,100.0,98.1,95.7,100.0,98.2,100.0,99.1,100.0,100.0,100.0,,,100.0,0.0,0.0,0.0,0.0,0.0,0.0,1.9,4.3,0.0,1.8,0.0,0.9,0.0,0.0,0.0,,,0.0
2025,Nordeste,PB,2513927,São Bentinho,Urbana,Total,0.0,0.0,0.0,0.0,0.0,0.0,0.0,0.0,0.0,0.0,0.0,0.0,0.0,0.0,0.0,,,0.0,100.0,100.0,100.0,100.0,100.0,100.0,98.1,95.7,100.0,98.2,100.0,99.1,100.0,100.0,100.0,,,100.0,0.0,0.0,0.0,0.0,0.0,0.0,1.9,4.3,0.0,1.8,0.0,0.9,0.0,0.0,0.0,,,0.0
2025,Nordeste,PB,2513927,São Bentinho,Total,Estadual,,,,,,,,,,,,,0.0,0.0,0.0,,,0.0,,,,,,,,,,,,,100.0,100.0,100.0,,,100.0,,,,,,,,,,,,,0.0,0.0,0.0,,,0.0
2025,Nordeste,PB,2513927,São Bentinho,Urbana,Estadual,,,,,,,,,,,,,0.0,0.0,0.0,,,0.0,,,,,,,,,,,,,100.0,100.0,100.0,,,100.0,,,,,,,,,,,,,0.0,0.0,0.0,,,0.0
2025,Nordeste,PB,2513927,São Bentinho,Total,Municipal,0.0,0.0,0.0,0.0,0.0,0.0,0.0,0.0,0.0,0.0,0.0,0.0,,,,,,,100.0,100.0,100.0,100.0,100.0,100.0,98.1,95.7,100.0,98.2,100.0,99.1,,,,,,,0.0,0.0,0.0,0.0,0.0,0.0,1.9,4.3,0.0,1.8,0.0,0.9,,,,,,
2025,Nordeste,PB,2513927,São Bentinho,Urbana,Municipal,0.0,0.0,0.0,0.0,0.0,0.0,0.0,0.0,0.0,0.0,0.0,0.0,,,,,,,100.0,100.0,100.0,100.0,100.0,100.0,98.1,95.7,100.0,98.2,100.0,99.1,,,,,,,0.0,0.0,0.0,0.0,0.0,0.0,1.9,4.3,0.0,1.8,0.0,0.9,,,,,,
2025,Nordeste,PB,2513927,São Bentinho,Total,Pública,0.0,0.0,0.0,0.0,0.0,0.0,0.0,0.0,0.0,0.0,0.0,0.0,0.0,0.0,0.0,,,0.0,100.0,100.0,100.0,100.0,100.0,100.0,98.1,95.7,100.0,98.2,100.0,99.1,100.0,100.0,100.0,,,100.0,0.0,0.0,0.0,0.0,0.0,0.0,1.9,4.3,0.0,1.8,0.0,0.9,0.0,0.0,0.0,,,0.0
2025,Nordeste,PB,2513927,São Bentinho,Urbana,Pública,0.0,0.0,0.0,0.0,0.0,0.0,0.0,0.0,0.0,0.0,0.0,0.0,0.0,0.0,0.0,,,0.0,100.0,100.0,100.0,100.0,100.0,100.0,98.1,95.7,100.0,98.2,100.0,99.1,100.0,100.0,100.0,,,100.0,0.0,0.0,0.0,0.0,0.0,0.0,1.9,4.3,0.0,1.8,0.0,0.9,0.0,0.0,0.0,,,0.0
2025,Nordeste,PB,2513943,São Domingos do Cariri,Total,Total,0.0,0.0,0.0,0.0,0.0,0.0,0.0,0.0,0.0,0.0,0.0,0.0,0.0,6.7,0.0,,,1.8,100.0,100.0,100.0,100.0,100.0,100.0,100.0,100.0,100.0,100.0,100.0,100.0,95.7,90.0,100.0,,,95.5,0.0,0.0,0.0,0.0,0.0,0.0,0.0,0.0,0.0,0.0,0.0,0.0,4.3,3.3,0.0,,,2.7
2025,Nordeste,PB,2513943,São Domingos do Cariri,Urbana,Total,0.0,0.0,0.0,0.0,0.0,0.0,0.0,0.0,0.0,0.0,0.0,0.0,0.0,6.7,0.0,,,1.8,100.0,100.0,100.0,100.0,100.0,100.0,100.0,100.0,100.0,100.0,100.0,100.0,95.7,90.0,100.0,,,95.5,0.0,0.0,0.0,0.0,0.0,0.0,0.0,0.0,0.0,0.0,0.0,0.0,4.3,3.3,0.0,,,2.7
2025,Nordeste,PB,2513943,São Domingos do Cariri,Total,Estadual,,,,,,,,,,,,,0.0,6.7,0.0,,,1.8,,,,,,,,,,,,,95.7,90.0,100.0,,,95.5,,,,,,,,,,,,,4.3,3.3,0.0,,,2.7
2025,Nordeste,PB,2513943,São Domingos do Cariri,Urbana,Estadual,,,,,,,,,,,,,0.0,6.7,0.0,,,1.8,,,,,,,,,,,,,95.7,90.0,100.0,,,95.5,,,,,,,,,,,,,4.3,3.3,0.0,,,2.7
2025,Nordeste,PB,2513943,São Domingos do Cariri,Total,Municipal,0.0,0.0,0.0,0.0,0.0,0.0,0.0,0.0,0.0,0.0,0.0,0.0,,,,,,,100.0,100.0,100.0,100.0,100.0,100.0,100.0,100.0,100.0,100.0,100.0,100.0,,,,,,,0.0,0.0,0.0,0.0,0.0,0.0,0.0,0.0,0.0,0.0,0.0,0.0,,,,,,
2025,Nordeste,PB,2513943,São Domingos do Cariri,Urbana,Municipal,0.0,0.0,0.0,0.0,0.0,0.0,0.0,0.0,0.0,0.0,0.0,0.0,,,,,,,100.0,100.0,100.0,100.0,100.0,100.0,100.0,100.0,100.0,100.0,100.0,100.0,,,,,,,0.0,0.0,0.0,0.0,0.0,0.0,0.0,0.0,0.0,0.0,0.0,0.0,,,,,,
2025,Nordeste,PB,2513943,São Domingos do Cariri,Total,Pública,0.0,0.0,0.0,0.0,0.0,0.0,0.0,0.0,0.0,0.0,0.0,0.0,0.0,6.7,0.0,,,1.8,100.0,100.0,100.0,100.0,100.0,100.0,100.0,100.0,100.0,100.0,100.0,100.0,95.7,90.0,100.0,,,95.5,0.0,0.0,0.0,0.0,0.0,0.0,0.0,0.0,0.0,0.0,0.0,0.0,4.3,3.3,0.0,,,2.7
2025,Nordeste,PB,2513943,São Domingos do Cariri,Urbana,Pública,0.0,0.0,0.0,0.0,0.0,0.0,0.0,0.0,0.0,0.0,0.0,0.0,0.0,6.7,0.0,,,1.8,100.0,100.0,100.0,100.0,100.0,100.0,100.0,100.0,100.0,100.0,100.0,100.0,95.7,90.0,100.0,,,95.5,0.0,0.0,0.0,0.0,0.0,0.0,0.0,0.0,0.0,0.0,0.0,0.0,4.3,3.3,0.0,,,2.7
2025,Nordeste,PB,2513968,São Domingos,Total,Total,0.0,0.0,0.0,0.0,0.0,0.0,0.0,0.0,0.0,0.0,0.0,0.0,0.0,0.0,0.0,,,0.0,100.0,100.0,100.0,94.7,100.0,97.7,97.8,100.0,97.1,98.1,98.9,98.5,100.0,100.0,100.0,,,100.0,0.0,0.0,0.0,5.3,0.0,2.3,2.2,0.0,2.9,1.9,1.1,1.5,0.0,0.0,0.0,,,0.0
2025,Nordeste,PB,2513968,São Domingos,Urbana,Total,0.0,0.0,0.0,0.0,0.0,0.0,0.0,0.0,0.0,0.0,0.0,0.0,0.0,0.0,0.0,,,0.0,100.0,100.0,100.0,93.3,100.0,97.7,97.8,100.0,97.1,98.1,98.5,98.3,100.0,100.0,100.0,,,100.0,0.0,0.0,0.0,6.7,0.0,2.3,2.2,0.0,2.9,1.9,1.5,1.7,0.0,0.0,0.0,,,0.0
2025,Nordeste,PB,2513968,São Domingos,Rural,Total,0.0,0.0,0.0,0.0,,,,,,,0.0,0.0,,,,,,,100.0,100.0,100.0,100.0,,,,,,,100.0,100.0,,,,,,,0.0,0.0,0.0,0.0,,,,,,,0.0,0.0,,,,,,
2025,Nordeste,PB,2513968,São Domingos,Total,Estadual,,,,,,,,,,,,,0.0,0.0,0.0,,,0.0,,,,,,,,,,,,,100.0,100.0,100.0,,,100.0,,,,,,,,,,,,,0.0,0.0,0.0,,,0.0
2025,Nordeste,PB,2513968,São Domingos,Urbana,Estadual,,,,,,,,,,,,,0.0,0.0,0.0,,,0.0,,,,,,,,,,,,,100.0,100.0,100.0,,,100.0,,,,,,,,,,,,,0.0,0.0,0.0,,,0.0
2025,Nordeste,PB,2513968,São Domingos,Total,Municipal,0.0,0.0,0.0,0.0,0.0,0.0,0.0,0.0,0.0,0.0,0.0,0.0,,,,,,,100.0,100.0,100.0,94.7,100.0,97.7,97.8,100.0,97.1,98.1,98.9,98.5,,,,,,,0.0,0.0,0.0,5.3,0.0,2.3,2.2,0.0,2.9,1.9,1.1,1.5,,,,,,
2025,Nordeste,PB,2513968,São Domingos,Urbana,Municipal,0.0,0.0,0.0,0.0,0.0,0.0,0.0,0.0,0.0,0.0,0.0,0.0,,,,,,,100.0,100.0,100.0,93.3,100.0,97.7,97.8,100.0,97.1,98.1,98.5,98.3,,,,,,,0.0,0.0,0.0,6.7,0.0,2.3,2.2,0.0,2.9,1.9,1.5,1.7,,,,,,
2025,Nordeste,PB,2513968,São Domingos,Rural,Municipal,0.0,0.0,0.0,0.0,,,,,,,0.0,0.0,,,,,,,100.0,100.0,100.0,100.0,,,,,,,100.0,100.0,,,,,,,0.0,0.0,0.0,0.0,,,,,,,0.0,0.0,,,,,,
2025,Nordeste,PB,2513968,São Domingos,Total,Pública,0.0,0.0,0.0,0.0,0.0,0.0,0.0,0.0,0.0,0.0,0.0,0.0,0.0,0.0,0.0,,,0.0,100.0,100.0,100.0,94.7,100.0,97.7,97.8,100.0,97.1,98.1,98.9,98.5,100.0,100.0,100.0,,,100.0,0.0,0.0,0.0,5.3,0.0,2.3,2.2,0.0,2.9,1.9,1.1,1.5,0.0,0.0,0.0,,,0.0
2025,Nordeste,PB,2513968,São Domingos,Urbana,Pública,0.0,0.0,0.0,0.0,0.0,0.0,0.0,0.0,0.0,0.0,0.0,0.0,0.0,0.0,0.0,,,0.0,100.0,100.0,100.0,93.3,100.0,97.7,97.8,100.0,97.1,98.1,98.5,98.3,100.0,100.0,100.0,,,100.0,0.0,0.0,0.0,6.7,0.0,2.3,2.2,0.0,2.9,1.9,1.5,1.7,0.0,0.0,0.0,,,0.0
2025,Nordeste,PB,2513968,São Domingos,Rural,Pública,0.0,0.0,0.0,0.0,,,,,,,0.0,0.0,,,,,,,100.0,100.0,100.0,100.0,,,,,,,100.0,100.0,,,,,,,0.0,0.0,0.0,0.0,,,,,,,0.0,0.0,,,,,,
2025,Nordeste,PB,2513984,São Francisco,Total,Total,0.0,0.0,0.0,0.0,0.0,0.0,0.0,0.0,0.0,0.0,0.0,0.0,0.0,0.0,0.0,,,0.0,100.0,100.0,100.0,98.2,100.0,87.5,98.0,98.0,98.2,95.3,99.6,97.5,97.2,98.1,97.2,,,97.6,0.0,0.0,0.0,1.8,0.0,12.5,2.0,2.0,1.8,4.7,0.4,2.5,2.8,1.9,2.8,,,2.4
2025,Nordeste,PB,2513984,São Francisco,Urbana,Total,0.0,0.0,0.0,0.0,0.0,0.0,0.0,0.0,0.0,0.0,0.0,0.0,0.0,0.0,0.0,,,0.0,100.0,100.0,100.0,96.6,100.0,87.5,98.0,98.0,98.2,95.3,99.2,96.8,97.2,98.1,97.2,,,97.6,0.0,0.0,0.0,3.4,0.0,12.5,2.0,2.0,1.8,4.7,0.8,3.2,2.8,1.9,2.8,,,2.4
2025,Nordeste,PB,2513984,São Francisco,Rural,Total,0.0,0.0,0.0,0.0,0.0,,,,,,0.0,0.0,,,,,,,100.0,100.0,100.0,100.0,100.0,,,,,,100.0,100.0,,,,,,,0.0,0.0,0.0,0.0,0.0,,,,,,0.0,0.0,,,,,,
2025,Nordeste,PB,2513984,São Francisco,Total,Estadual,,,,,,,,,,,,,0.0,0.0,0.0,,,0.0,,,,,,,,,,,,,97.2,98.1,97.2,,,97.6,,,,,,,,,,,,,2.8,1.9,2.8,,,2.4
2025,Nordeste,PB,2513984,São Francisco,Urbana,Estadual,,,,,,,,,,,,,0.0,0.0,0.0,,,0.0,,,,,,,,,,,,,97.2,98.1,97.2,,,97.6,,,,,,,,,,,,,2.8,1.9,2.8,,,2.4
2025,Nordeste,PB,2513984,São Francisco,Total,Municipal,0.0,0.0,0.0,0.0,0.0,0.0,0.0,0.0,0.0,0.0,0.0,0.0,,,,,,,100.0,100.0,100.0,98.2,100.0,87.5,98.0,98.0,98.2,95.3,99.6,97.5,,,,,,,0.0,0.0,0.0,1.8,0.0,12.5,2.0,2.0,1.8,4.7,0.4,2.5,,,,,,
2025,Nordeste,PB,2513984,São Francisco,Urbana,Municipal,0.0,0.0,0.0,0.0,0.0,0.0,0.0,0.0,0.0,0.0,0.0,0.0,,,,,,,100.0,100.0,100.0,96.6,100.0,87.5,98.0,98.0,98.2,95.3,99.2,96.8,,,,,,,0.0,0.0,0.0,3.4,0.0,12.5,2.0,2.0,1.8,4.7,0.8,3.2,,,,,,
2025,Nordeste,PB,2513984,São Francisco,Rural,Municipal,0.0,0.0,0.0,0.0,0.0,,,,,,0.0,0.0,,,,,,,100.0,100.0,100.0,100.0,100.0,,,,,,100.0,100.0,,,,,,,0.0,0.0,0.0,0.0,0.0,,,,,,0.0,0.0,,,,,,
2025,Nordeste,PB,2513984,São Francisco,Total,Pública,0.0,0.0,0.0,0.0,0.0,0.0,0.0,0.0,0.0,0.0,0.0,0.0,0.0,0.0,0.0,,,0.0,100.0,100.0,100.0,98.2,100.0,87.5,98.0,98.0,98.2,95.3,99.6,97.5,97.2,98.1,97.2,,,97.6,0.0,0.0,0.0,1.8,0.0,12.5,2.0,2.0,1.8,4.7,0.4,2.5,2.8,1.9,2.8,,,2.4
2025,Nordeste,PB,2513984,São Francisco,Urbana,Pública,0.0,0.0,0.0,0.0,0.0,0.0,0.0,0.0,0.0,0.0,0.0,0.0,0.0,0.0,0.0,,,0.0,100.0,100.0,100.0,96.6,100.0,87.5,98.0,98.0,98.2,95.3,99.2,96.8,97.2,98.1,97.2,,,97.6,0.0,0.0,0.0,3.4,0.0,12.5,2.0,2.0,1.8,4.7,0.8,3.2,2.8,1.9,2.8,,,2.4
2025,Nordeste,PB,2513984,São Francisco,Rural,Pública,0.0,0.0,0.0,0.0,0.0,,,,,,0.0,0.0,,,,,,,100.0,100.0,100.0,100.0,100.0,,,,,,100.0,100.0,,,,,,,0.0,0.0,0.0,0.0,0.0,,,,,,0.0,0.0,,,,,,
2025,Nordeste,PB,2514008,São João do Cariri,Total,Total,0.0,0.0,0.0,0.0,0.0,0.0,0.0,0.0,0.0,0.0,0.0,0.0,2.6,2.9,0.0,,,1.9,100.0,100.0,100.0,100.0,100.0,98.4,96.2,100.0,98.4,98.3,100.0,99.2,97.4,97.1,100.0,,,98.1,0.0,0.0,0.0,0.0,0.0,1.6,3.8,0.0,1.6,1.7,0.0,0.8,0.0,0.0,0.0,,,0.0
2025,Nordeste,PB,2514008,São João do Cariri,Urbana,Total,0.0,0.0,0.0,0.0,0.0,0.0,0.0,0.0,0.0,0.0,0.0,0.0,2.6,2.9,0.0,,,1.9,100.0,100.0,100.0,100.0,100.0,97.9,97.4,100.0,98.2,98.3,100.0,99.2,97.4,97.1,100.0,,,98.1,0.0,0.0,0.0,0.0,0.0,2.1,2.6,0.0,1.8,1.7,0.0,0.8,0.0,0.0,0.0,,,0.0
2025,Nordeste,PB,2514008,São João do Cariri,Rural,Total,0.0,0.0,0.0,0.0,0.0,0.0,0.0,0.0,0.0,0.0,0.0,0.0,,,,,,,100.0,100.0,100.0,100.0,100.0,100.0,92.9,100.0,100.0,98.2,100.0,99.4,,,,,,,0.0,0.0,0.0,0.0,0.0,0.0,7.1,0.0,0.0,1.8,0.0,0.6,,,,,,
2025,Nordeste,PB,2514008,São João do Cariri,Total,Estadual,,,,,,0.0,0.0,0.0,0.0,0.0,,0.0,2.6,2.9,0.0,,,1.9,,,,,,100.0,90.0,100.0,100.0,98.1,,98.1,97.4,97.1,100.0,,,98.1,,,,,,0.0,10.0,0.0,0.0,1.9,,1.9,0.0,0.0,0.0,,,0.0
2025,Nordeste,PB,2514008,São João do Cariri,Urbana,Estadual,,,,,,,,,0.0,0.0,,0.0,2.6,2.9,0.0,,,1.9,,,,,,,,,100.0,100.0,,100.0,97.4,97.1,100.0,,,98.1,,,,,,,,,0.0,0.0,,0.0,0.0,0.0,0.0,,,0.0
2025,Nordeste,PB,2514008,São João do Cariri,Rural,Estadual,,,,,,0.0,0.0,0.0,0.0,0.0,,0.0,,,,,,,,,,,,100.0,90.0,100.0,100.0,97.2,,97.2,,,,,,,,,,,,0.0,10.0,0.0,0.0,2.8,,2.8,,,,,,
2025,Nordeste,PB,2514008,São João do Cariri,Total,Municipal,0.0,0.0,0.0,0.0,0.0,0.0,0.0,0.0,0.0,0.0,0.0,0.0,,,,,,,100.0,100.0,100.0,100.0,100.0,98.1,97.7,100.0,97.5,98.3,100.0,99.4,,,,,,,0.0,0.0,0.0,0.0,0.0,1.9,2.3,0.0,2.5,1.7,0.0,0.6,,,,,,
2025,Nordeste,PB,2514008,São João do Cariri,Urbana,Municipal,0.0,0.0,0.0,0.0,0.0,0.0,0.0,0.0,0.0,0.0,0.0,0.0,,,,,,,100.0,100.0,100.0,100.0,100.0,97.9,97.4,100.0,97.4,98.1,100.0,99.1,,,,,,,0.0,0.0,0.0,0.0,0.0,2.1,2.6,0.0,2.6,1.9,0.0,0.9,,,,,,
2025,Nordeste,PB,2514008,São João do Cariri,Rural,Municipal,0.0,0.0,0.0,0.0,0.0,0.0,0.0,0.0,0.0,0.0,0.0,0.0,,,,,,,100.0,100.0,100.0,100.0,100.0,100.0,100.0,100.0,100.0,100.0,100.0,100.0,,,,,,,0.0,0.0,0.0,0.0,0.0,0.0,0.0,0.0,0.0,0.0,0.0,0.0,,,,,,
2025,Nordeste,PB,2514008,São João do Cariri,Total,Pública,0.0,0.0,0.0,0.0,0.0,0.0,0.0,0.0,0.0,0.0,0.0,0.0,2.6,2.9,0.0,,,1.9,100.0,100.0,100.0,100.0,100.0,98.4,96.2,100.0,98.4,98.3,100.0,99.2,97.4,97.1,100.0,,,98.1,0.0,0.0,0.0,0.0,0.0,1.6,3.8,0.0,1.6,1.7,0.0,0.8,0.0,0.0,0.0,,,0.0
2025,Nordeste,PB,2514008,São João do Cariri,Urbana,Pública,0.0,0.0,0.0,0.0,0.0,0.0,0.0,0.0,0.0,0.0,0.0,0.0,2.6,2.9,0.0,,,1.9,100.0,100.0,100.0,100.0,100.0,97.9,97.4,100.0,98.2,98.3,100.0,99.2,97.4,97.1,100.0,,,98.1,0.0,0.0,0.0,0.0,0.0,2.1,2.6,0.0,1.8,1.7,0.0,0.8,0.0,0.0,0.0,,,0.0
2025,Nordeste,PB,2514008,São João do Cariri,Rural,Pública,0.0,0.0,0.0,0.0,0.0,0.0,0.0,0.0,0.0,0.0,0.0,0.0,,,,,,,100.0,100.0,100.0,100.0,100.0,100.0,92.9,100.0,100.0,98.2,100.0,99.4,,,,,,,0.0,0.0,0.0,0.0,0.0,0.0,7.1,0.0,0.0,1.8,0.0,0.6,,,,,,
2025,Nordeste,PB,2514107,São João do Tigre,Total,Total,0.0,0.0,0.0,0.0,0.0,0.0,0.0,0.0,1.5,0.4,0.0,0.2,0.0,0.0,0.0,,,0.0,100.0,100.0,96.3,91.7,90.4,93.0,94.8,94.0,97.0,94.7,95.3,95.0,100.0,100.0,100.0,,,100.0,0.0,0.0,3.7,8.3,9.6,7.0,5.2,6.0,1.5,4.9,4.7,4.8,0.0,0.0,0.0,,,0.0
2025,Nordeste,PB,2514107,São João do Tigre,Urbana,Total,0.0,0.0,0.0,0.0,0.0,0.0,0.0,0.0,3.4,0.9,0.0,0.4,0.0,0.0,0.0,,,0.0,100.0,100.0,95.5,95.7,76.7,100.0,100.0,100.0,96.6,99.1,92.6,95.7,100.0,100.0,100.0,,,100.0,0.0,0.0,4.5,4.3,23.3,0.0,0.0,0.0,0.0,0.0,7.4,3.9,0.0,0.0,0.0,,,0.0
2025,Nordeste,PB,2514107,São João do Tigre,Rural,Total,0.0,0.0,0.0,0.0,0.0,0.0,0.0,0.0,0.0,0.0,0.0,0.0,,,,,,,100.0,100.0,96.9,89.2,100.0,88.2,92.5,90.2,97.3,92.0,97.2,94.6,,,,,,,0.0,0.0,3.1,10.8,0.0,11.8,7.5,9.8,2.7,8.0,2.8,5.4,,,,,,
2025,Nordeste,PB,2514107,São João do Tigre,Total,Estadual,,,,,,,,,,,,,0.0,0.0,0.0,,,0.0,,,,,,,,,,,,,100.0,100.0,100.0,,,100.0,,,,,,,,,,,,,0.0,0.0,0.0,,,0.0
2025,Nordeste,PB,2514107,São João do Tigre,Urbana,Estadual,,,,,,,,,,,,,0.0,0.0,0.0,,,0.0,,,,,,,,,,,,,100.0,100.0,100.0,,,100.0,,,,,,,,,,,,,0.0,0.0,0.0,,,0.0
2025,Nordeste,PB,2514107,São João do Tigre,Total,Municipal,0.0,0.0,0.0,0.0,0.0,0.0,0.0,0.0,1.5,0.4,0.0,0.2,,,,,,,100.0,100.0,96.3,91.7,90.4,93.0,94.8,94.0,97.0,94.7,95.3,95.0,,,,,,,0.0,0.0,3.7,8.3,9.6,7.0,5.2,6.0,1.5,4.9,4.7,4.8,,,,,,
2025,Nordeste,PB,2514107,São João do Tigre,Urbana,Municipal,0.0,0.0,0.0,0.0,0.0,0.0,0.0,0.0,3.4,0.9,0.0,0.4,,,,,,,100.0,100.0,95.5,95.7,76.7,100.0,100.0,100.0,96.6,99.1,92.6,95.7,,,,,,,0.0,0.0,4.5,4.3,23.3,0.0,0.0,0.0,0.0,0.0,7.4,3.9,,,,,,
2025,Nordeste,PB,2514107,São João do Tigre,Rural,Municipal,0.0,0.0,0.0,0.0,0.0,0.0,0.0,0.0,0.0,0.0,0.0,0.0,,,,,,,100.0,100.0,96.9,89.2,100.0,88.2,92.5,90.2,97.3,92.0,97.2,94.6,,,,,,,0.0,0.0,3.1,10.8,0.0,11.8,7.5,9.8,2.7,8.0,2.8,5.4,,,,,,
2025,Nordeste,PB,2514107,São João do Tigre,Total,Pública,0.0,0.0,0.0,0.0,0.0,0.0,0.0,0.0,1.5,0.4,0.0,0.2,0.0,0.0,0.0,,,0.0,100.0,100.0,96.3,91.7,90.4,93.0,94.8,94.0,97.0,94.7,95.3,95.0,100.0,100.0,100.0,,,100.0,0.0,0.0,3.7,8.3,9.6,7.0,5.2,6.0,1.5,4.9,4.7,4.8,0.0,0.0,0.0,,,0.0
2025,Nordeste,PB,2514107,São João do Tigre,Urbana,Pública,0.0,0.0,0.0,0.0,0.0,0.0,0.0,0.0,3.4,0.9,0.0,0.4,0.0,0.0,0.0,,,0.0,100.0,100.0,95.5,95.7,76.7,100.0,100.0,100.0,96.6,99.1,92.6,95.7,100.0,100.0,100.0,,,100.0,0.0,0.0,4.5,4.3,23.3,0.0,0.0,0.0,0.0,0.0,7.4,3.9,0.0,0.0,0.0,,,0.0
2025,Nordeste,PB,2514107,São João do Tigre,Rural,Pública,0.0,0.0,0.0,0.0,0.0,0.0,0.0,0.0,0.0,0.0,0.0,0.0,,,,,,,100.0,100.0,96.9,89.2,100.0,88.2,92.5,90.2,97.3,92.0,97.2,94.6,,,,,,,0.0,0.0,3.1,10.8,0.0,11.8,7.5,9.8,2.7,8.0,2.8,5.4,,,,,,
2025,Nordeste,PB,2514206,São José da Lagoa Tapada,Total,Total,0.0,0.0,0.0,0.0,0.0,2.0,2.2,2.5,1.1,1.9,0.0,0.8,4.3,1.3,4.3,,,3.1,100.0,100.0,98.9,97.9,100.0,91.9,87.8,92.6,98.9,92.9,99.2,96.6,91.4,90.8,95.7,,,92.2,0.0,0.0,1.1,2.1,0.0,6.1,10.0,4.9,0.0,5.2,0.8,2.6,4.3,7.9,0.0,,,4.7
2025,Nordeste,PB,2514206,São José da Lagoa Tapada,Urbana,Total,0.0,0.0,0.0,0.0,0.0,2.0,2.2,2.5,1.1,1.9,0.0,0.8,4.3,1.3,4.3,,,3.1,100.0,100.0,98.8,97.8,100.0,91.9,87.8,92.6,98.9,92.9,99.1,96.4,91.4,90.8,95.7,,,92.2,0.0,0.0,1.2,2.2,0.0,6.1,10.0,4.9,0.0,5.2,0.9,2.8,4.3,7.9,0.0,,,4.7
2025,Nordeste,PB,2514206,São José da Lagoa Tapada,Rural,Total,0.0,0.0,0.0,0.0,,,,,,,0.0,0.0,,,,,,,100.0,100.0,100.0,100.0,,,,,,,100.0,100.0,,,,,,,0.0,0.0,0.0,0.0,,,,,,,0.0,0.0,,,,,,
2025,Nordeste,PB,2514206,São José da Lagoa Tapada,Total,Estadual,,,,,,,,,,,,,4.3,1.3,4.3,,,3.1,,,,,,,,,,,,,91.4,90.8,95.7,,,92.2,,,,,,,,,,,,,4.3,7.9,0.0,,,4.7
2025,Nordeste,PB,2514206,São José da Lagoa Tapada,Urbana,Estadual,,,,,,,,,,,,,4.3,1.3,4.3,,,3.1,,,,,,,,,,,,,91.4,90.8,95.7,,,92.2,,,,,,,,,,,,,4.3,7.9,0.0,,,4.7
2025,Nordeste,PB,2514206,São José da Lagoa Tapada,Total,Municipal,0.0,0.0,0.0,0.0,0.0,2.0,2.2,2.5,1.1,1.9,0.0,0.8,,,,,,,100.0,100.0,98.9,97.9,100.0,91.9,87.8,92.6,98.9,92.9,99.2,96.6,,,,,,,0.0,0.0,1.1,2.1,0.0,6.1,10.0,4.9,0.0,5.2,0.8,2.6,,,,,,
2025,Nordeste,PB,2514206,São José da Lagoa Tapada,Urbana,Municipal,0.0,0.0,0.0,0.0,0.0,2.0,2.2,2.5,1.1,1.9,0.0,0.8,,,,,,,100.0,100.0,98.8,97.8,100.0,91.9,87.8,92.6,98.9,92.9,99.1,96.4,,,,,,,0.0,0.0,1.2,2.2,0.0,6.1,10.0,4.9,0.0,5.2,0.9,2.8,,,,,,
2025,Nordeste,PB,2514206,São José da Lagoa Tapada,Rural,Municipal,0.0,0.0,0.0,0.0,,,,,,,0.0,0.0,,,,,,,100.0,100.0,100.0,100.0,,,,,,,100.0,100.0,,,,,,,0.0,0.0,0.0,0.0,,,,,,,0.0,0.0,,,,,,
2025,Nordeste,PB,2514206,São José da Lagoa Tapada,Total,Pública,0.0,0.0,0.0,0.0,0.0,2.0,2.2,2.5,1.1,1.9,0.0,0.8,4.3,1.3,4.3,,,3.1,100.0,100.0,98.9,97.9,100.0,91.9,87.8,92.6,98.9,92.9,99.2,96.6,91.4,90.8,95.7,,,92.2,0.0,0.0,1.1,2.1,0.0,6.1,10.0,4.9,0.0,5.2,0.8,2.6,4.3,7.9,0.0,,,4.7
2025,Nordeste,PB,2514206,São José da Lagoa Tapada,Urbana,Pública,0.0,0.0,0.0,0.0,0.0,2.0,2.2,2.5,1.1,1.9,0.0,0.8,4.3,1.3,4.3,,,3.1,100.0,100.0,98.8,97.8,100.0,91.9,87.8,92.6,98.9,92.9,99.1,96.4,91.4,90.8,95.7,,,92.2,0.0,0.0,1.2,2.2,0.0,6.1,10.0,4.9,0.0,5.2,0.9,2.8,4.3,7.9,0.0,,,4.7
2025,Nordeste,PB,2514206,São José da Lagoa Tapada,Rural,Pública,0.0,0.0,0.0,0.0,,,,,,,0.0,0.0,,,,,,,100.0,100.0,100.0,100.0,,,,,,,100.0,100.0,,,,,,,0.0,0.0,0.0,0.0,,,,,,,0.0,0.0,,,,,,
2025,Nordeste,PB,2514305,São José de Caiana,Total,Total,0.0,0.0,0.0,0.0,0.0,1.3,3.0,0.0,0.0,1.2,0.0,0.6,6.5,4.3,3.0,,,4.8,100.0,100.0,98.5,100.0,100.0,90.7,93.1,96.9,100.0,95.0,99.7,97.5,90.9,95.7,97.0,,,94.3,0.0,0.0,1.5,0.0,0.0,8.0,3.9,3.1,0.0,3.8,0.3,1.9,2.6,0.0,0.0,,,0.9
2025,Nordeste,PB,2514305,São José de Caiana,Urbana,Total,0.0,0.0,0.0,0.0,0.0,1.3,3.0,0.0,0.0,1.2,0.0,0.6,6.5,4.3,3.0,,,4.8,100.0,100.0,98.1,100.0,100.0,90.7,93.1,96.9,100.0,95.0,99.7,97.3,90.9,95.7,97.0,,,94.3,0.0,0.0,1.9,0.0,0.0,8.0,3.9,3.1,0.0,3.8,0.3,2.1,2.6,0.0,0.0,,,0.9
2025,Nordeste,PB,2514305,São José de Caiana,Rural,Total,0.0,0.0,0.0,,,,,,,,0.0,0.0,,,,,,,100.0,100.0,100.0,,,,,,,,100.0,100.0,,,,,,,0.0,0.0,0.0,,,,,,,,0.0,0.0,,,,,,
2025,Nordeste,PB,2514305,São José de Caiana,Total,Estadual,,,,,,,,,,,,,6.5,4.3,3.0,,,4.8,,,,,,,,,,,,,90.9,95.7,97.0,,,94.3,,,,,,,,,,,,,2.6,0.0,0.0,,,0.9
2025,Nordeste,PB,2514305,São José de Caiana,Urbana,Estadual,,,,,,,,,,,,,6.5,4.3,3.0,,,4.8,,,,,,,,,,,,,90.9,95.7,97.0,,,94.3,,,,,,,,,,,,,2.6,0.0,0.0,,,0.9
2025,Nordeste,PB,2514305,São José de Caiana,Total,Municipal,0.0,0.0,0.0,0.0,0.0,1.3,3.0,0.0,0.0,1.2,0.0,0.6,,,,,,,100.0,100.0,98.5,100.0,100.0,90.7,93.1,96.9,100.0,95.0,99.7,97.5,,,,,,,0.0,0.0,1.5,0.0,0.0,8.0,3.9,3.1,0.0,3.8,0.3,1.9,,,,,,
2025,Nordeste,PB,2514305,São José de Caiana,Urbana,Municipal,0.0,0.0,0.0,0.0,0.0,1.3,3.0,0.0,0.0,1.2,0.0,0.6,,,,,,,100.0,100.0,98.1,100.0,100.0,90.7,93.1,96.9,100.0,95.0,99.7,97.3,,,,,,,0.0,0.0,1.9,0.0,0.0,8.0,3.9,3.1,0.0,3.8,0.3,2.1,,,,,,
2025,Nordeste,PB,2514305,São José de Caiana,Rural,Municipal,0.0,0.0,0.0,,,,,,,,0.0,0.0,,,,,,,100.0,100.0,100.0,,,,,,,,100.0,100.0,,,,,,,0.0,0.0,0.0,,,,,,,,0.0,0.0,,,,,,
2025,Nordeste,PB,2514305,São José de Caiana,Total,Pública,0.0,0.0,0.0,0.0,0.0,1.3,3.0,0.0,0.0,1.2,0.0,0.6,6.5,4.3,3.0,,,4.8,100.0,100.0,98.5,100.0,100.0,90.7,93.1,96.9,100.0,95.0,99.7,97.5,90.9,95.7,97.0,,,94.3,0.0,0.0,1.5,0.0,0.0,8.0,3.9,3.1,0.0,3.8,0.3,1.9,2.6,0.0,0.0,,,0.9
2025,Nordeste,PB,2514305,São José de Caiana,Urbana,Pública,0.0,0.0,0.0,0.0,0.0,1.3,3.0,0.0,0.0,1.2,0.0,0.6,6.5,4.3,3.0,,,4.8,100.0,100.0,98.1,100.0,100.0,90.7,93.1,96.9,100.0,95.0,99.7,97.3,90.9,95.7,97.0,,,94.3,0.0,0.0,1.9,0.0,0.0,8.0,3.9,3.1,0.0,3.8,0.3,2.1,2.6,0.0,0.0,,,0.9
2025,Nordeste,PB,2514305,São José de Caiana,Rural,Pública,0.0,0.0,0.0,,,,,,,,0.0,0.0,,,,,,,100.0,100.0,100.0,,,,,,,,100.0,100.0,,,,,,,0.0,0.0,0.0,,,,,,,,0.0,0.0,,,,,,
2025,Nordeste,PB,2514404,São José de Espinharas,Total,Total,0.0,0.0,0.0,0.0,0.0,0.0,0.0,4.6,0.0,1.2,0.0,0.5,0.0,2.9,0.0,,,1.0,100.0,100.0,90.6,100.0,95.9,97.2,90.7,81.4,95.5,91.0,96.8,94.3,100.0,97.1,100.0,,,99.0,0.0,0.0,9.4,0.0,4.1,2.8,9.3,14.0,4.5,7.8,3.2,5.2,0.0,0.0,0.0,,,0.0
2025,Nordeste,PB,2514404,São José de Espinharas,Urbana,Total,0.0,0.0,0.0,0.0,0.0,0.0,0.0,0.0,0.0,0.0,0.0,0.0,0.0,2.9,0.0,,,1.0,100.0,100.0,87.8,100.0,93.9,100.0,88.2,86.7,100.0,93.3,95.8,94.7,100.0,97.1,100.0,,,99.0,0.0,0.0,12.2,0.0,6.1,0.0,11.8,13.3,0.0,6.7,4.2,5.3,0.0,0.0,0.0,,,0.0
2025,Nordeste,PB,2514404,São José de Espinharas,Rural,Total,0.0,0.0,0.0,0.0,0.0,0.0,0.0,15.4,0.0,4.3,0.0,1.9,,,,,,,100.0,100.0,100.0,100.0,100.0,90.0,100.0,69.2,86.7,85.1,100.0,93.1,,,,,,,0.0,0.0,0.0,0.0,0.0,10.0,0.0,15.4,13.3,10.6,0.0,5.0,,,,,,
2025,Nordeste,PB,2514404,São José de Espinharas,Total,Estadual,,,,,,,,,,,,,0.0,2.9,0.0,,,1.0,,,,,,,,,,,,,100.0,97.1,100.0,,,99.0,,,,,,,,,,,,,0.0,0.0,0.0,,,0.0
2025,Nordeste,PB,2514404,São José de Espinharas,Urbana,Estadual,,,,,,,,,,,,,0.0,2.9,0.0,,,1.0,,,,,,,,,,,,,100.0,97.1,100.0,,,99.0,,,,,,,,,,,,,0.0,0.0,0.0,,,0.0
2025,Nordeste,PB,2514404,São José de Espinharas,Total,Municipal,0.0,0.0,0.0,0.0,0.0,0.0,0.0,4.6,0.0,1.2,0.0,0.5,,,,,,,100.0,100.0,90.6,100.0,95.9,97.2,90.7,81.4,95.5,91.0,96.8,94.3,,,,,,,0.0,0.0,9.4,0.0,4.1,2.8,9.3,14.0,4.5,7.8,3.2,5.2,,,,,,
2025,Nordeste,PB,2514404,São José de Espinharas,Urbana,Municipal,0.0,0.0,0.0,0.0,0.0,0.0,0.0,0.0,0.0,0.0,0.0,0.0,,,,,,,100.0,100.0,87.8,100.0,93.9,100.0,88.2,86.7,100.0,93.3,95.8,94.7,,,,,,,0.0,0.0,12.2,0.0,6.1,0.0,11.8,13.3,0.0,6.7,4.2,5.3,,,,,,
2025,Nordeste,PB,2514404,São José de Espinharas,Rural,Municipal,0.0,0.0,0.0,0.0,0.0,0.0,0.0,15.4,0.0,4.3,0.0,1.9,,,,,,,100.0,100.0,100.0,100.0,100.0,90.0,100.0,69.2,86.7,85.1,100.0,93.1,,,,,,,0.0,0.0,0.0,0.0,0.0,10.0,0.0,15.4,13.3,10.6,0.0,5.0,,,,,,
2025,Nordeste,PB,2514404,São José de Espinharas,Total,Pública,0.0,0.0,0.0,0.0,0.0,0.0,0.0,4.6,0.0,1.2,0.0,0.5,0.0,2.9,0.0,,,1.0,100.0,100.0,90.6,100.0,95.9,97.2,90.7,81.4,95.5,91.0,96.8,94.3,100.0,97.1,100.0,,,99.0,0.0,0.0,9.4,0.0,4.1,2.8,9.3,14.0,4.5,7.8,3.2,5.2,0.0,0.0,0.0,,,0.0
2025,Nordeste,PB,2514404,São José de Espinharas,Urbana,Pública,0.0,0.0,0.0,0.0,0.0,0.0,0.0,0.0,0.0,0.0,0.0,0.0,0.0,2.9,0.0,,,1.0,100.0,100.0,87.8,100.0,93.9,100.0,88.2,86.7,100.0,93.3,95.8,94.7,100.0,97.1,100.0,,,99.0,0.0,0.0,12.2,0.0,6.1,0.0,11.8,13.3,0.0,6.7,4.2,5.3,0.0,0.0,0.0,,,0.0
2025,Nordeste,PB,2514404,São José de Espinharas,Rural,Pública,0.0,0.0,0.0,0.0,0.0,0.0,0.0,15.4,0.0,4.3,0.0,1.9,,,,,,,100.0,100.0,100.0,100.0,100.0,90.0,100.0,69.2,86.7,85.1,100.0,93.1,,,,,,,0.0,0.0,0.0,0.0,0.0,10.0,0.0,15.4,13.3,10.6,0.0,5.0,,,,,,
2025,Nordeste,PB,2514453,São José dos Ramos,Total,Total,0.0,0.0,0.0,0.0,0.0,0.0,0.0,0.0,0.0,0.0,0.0,0.0,9.0,5.1,6.5,,,7.0,100.0,100.0,100.0,100.0,100.0,100.0,100.0,100.0,100.0,100.0,100.0,100.0,91.0,94.9,93.5,,,93.0,0.0,0.0,0.0,0.0,0.0,0.0,0.0,0.0,0.0,0.0,0.0,0.0,0.0,0.0,0.0,,,0.0
2025,Nordeste,PB,2514453,São José dos Ramos,Urbana,Total,0.0,0.0,0.0,0.0,0.0,0.0,0.0,0.0,0.0,0.0,0.0,0.0,13.3,7.5,10.0,,,10.5,100.0,100.0,100.0,100.0,100.0,100.0,100.0,100.0,100.0,100.0,100.0,100.0,86.7,92.5,90.0,,,89.5,0.0,0.0,0.0,0.0,0.0,0.0,0.0,0.0,0.0,0.0,0.0,0.0,0.0,0.0,0.0,,,0.0
2025,Nordeste,PB,2514453,São José dos Ramos,Rural,Total,0.0,0.0,0.0,0.0,0.0,0.0,0.0,0.0,0.0,0.0,0.0,0.0,0.0,0.0,0.0,,,0.0,100.0,100.0,100.0,100.0,100.0,100.0,100.0,100.0,100.0,100.0,100.0,100.0,100.0,100.0,100.0,,,100.0,0.0,0.0,0.0,0.0,0.0,0.0,0.0,0.0,0.0,0.0,0.0,0.0,0.0,0.0,0.0,,,0.0
2025,Nordeste,PB,2514453,São José dos Ramos,Total,Estadual,,,,,,,,,,,,,13.3,7.5,10.0,,,10.5,,,,,,,,,,,,,86.7,92.5,90.0,,,89.5,,,,,,,,,,,,,0.0,0.0,0.0,,,0.0
2025,Nordeste,PB,2514453,São José dos Ramos,Urbana,Estadual,,,,,,,,,,,,,13.3,7.5,10.0,,,10.5,,,,,,,,,,,,,86.7,92.5,90.0,,,89.5,,,,,,,,,,,,,0.0,0.0,0.0,,,0.0
2025,Nordeste,PB,2514453,São José dos Ramos,Total,Municipal,0.0,0.0,0.0,0.0,0.0,0.0,0.0,0.0,0.0,0.0,0.0,0.0,0.0,0.0,0.0,,,0.0,100.0,100.0,100.0,100.0,100.0,100.0,100.0,100.0,100.0,100.0,100.0,100.0,100.0,100.0,100.0,,,100.0,0.0,0.0,0.0,0.0,0.0,0.0,0.0,0.0,0.0,0.0,0.0,0.0,0.0,0.0,0.0,,,0.0
2025,Nordeste,PB,2514453,São José dos Ramos,Urbana,Municipal,0.0,0.0,0.0,0.0,0.0,0.0,0.0,0.0,0.0,0.0,0.0,0.0,,,,,,,100.0,100.0,100.0,100.0,100.0,100.0,100.0,100.0,100.0,100.0,100.0,100.0,,,,,,,0.0,0.0,0.0,0.0,0.0,0.0,0.0,0.0,0.0,0.0,0.0,0.0,,,,,,
2025,Nordeste,PB,2514453,São José dos Ramos,Rural,Municipal,0.0,0.0,0.0,0.0,0.0,0.0,0.0,0.0,0.0,0.0,0.0,0.0,0.0,0.0,0.0,,,0.0,100.0,100.0,100.0,100.0,100.0,100.0,100.0,100.0,100.0,100.0,100.0,100.0,100.0,100.0,100.0,,,100.0,0.0,0.0,0.0,0.0,0.0,0.0,0.0,0.0,0.0,0.0,0.0,0.0,0.0,0.0,0.0,,,0.0
2025,Nordeste,PB,2514453,São José dos Ramos,Total,Pública,0.0,0.0,0.0,0.0,0.0,0.0,0.0,0.0,0.0,0.0,0.0,0.0,9.0,5.1,6.5,,,7.0,100.0,100.0,100.0,100.0,100.0,100.0,100.0,100.0,100.0,100.0,100.0,100.0,91.0,94.9,93.5,,,93.0,0.0,0.0,0.0,0.0,0.0,0.0,0.0,0.0,0.0,0.0,0.0,0.0,0.0,0.0,0.0,,,0.0
2025,Nordeste,PB,2514453,São José dos Ramos,Urbana,Pública,0.0,0.0,0.0,0.0,0.0,0.0,0.0,0.0,0.0,0.0,0.0,0.0,13.3,7.5,10.0,,,10.5,100.0,100.0,100.0,100.0,100.0,100.0,100.0,100.0,100.0,100.0,100.0,100.0,86.7,92.5,90.0,,,89.5,0.0,0.0,0.0,0.0,0.0,0.0,0.0,0.0,0.0,0.0,0.0,0.0,0.0,0.0,0.0,,,0.0
2025,Nordeste,PB,2514453,São José dos Ramos,Rural,Pública,0.0,0.0,0.0,0.0,0.0,0.0,0.0,0.0,0.0,0.0,0.0,0.0,0.0,0.0,0.0,,,0.0,100.0,100.0,100.0,100.0,100.0,100.0,100.0,100.0,100.0,100.0,100.0,100.0,100.0,100.0,100.0,,,100.0,0.0,0.0,0.0,0.0,0.0,0.0,0.0,0.0,0.0,0.0,0.0,0.0,0.0,0.0,0.0,,,0.0
2025,Nordeste,PB,2514503,São José de Piranhas,Total,Total,0.0,0.0,0.0,0.0,0.0,0.0,1.5,1.6,2.1,1.3,0.0,0.5,17.0,8.7,1.8,,,10.2,100.0,100.0,99.2,99.3,98.2,88.4,86.7,91.3,92.1,89.5,99.3,95.1,77.8,91.3,98.2,,,87.7,0.0,0.0,0.8,0.7,1.8,11.6,11.8,7.1,5.8,9.2,0.7,4.4,5.2,0.0,0.0,,,2.1
2025,Nordeste,PB,2514503,São José de Piranhas,Urbana,Total,0.0,0.0,0.0,0.0,0.0,0.0,1.2,1.7,2.0,1.2,0.0,0.5,17.0,8.7,1.8,,,10.2,100.0,100.0,100.0,99.6,98.1,87.7,86.6,90.9,91.1,89.0,99.5,94.7,77.8,91.3,98.2,,,87.7,0.0,0.0,0.0,0.4,1.9,12.3,12.2,7.4,6.9,9.8,0.5,4.8,5.2,0.0,0.0,,,2.1
2025,Nordeste,PB,2514503,São José de Piranhas,Rural,Total,0.0,0.0,0.0,0.0,0.0,0.0,2.4,0.0,2.7,1.5,0.0,0.4,,,,,,,100.0,100.0,95.3,98.3,98.6,93.5,87.8,95.7,97.3,93.2,98.6,96.9,,,,,,,0.0,0.0,4.7,1.7,1.4,6.5,9.8,4.3,0.0,5.3,1.4,2.7,,,,,,
2025,Nordeste,PB,2514503,São José de Piranhas,Total,Estadual,,,,,,,,,,,,,18.0,9.7,2.1,,,11.2,,,,,,,,,,,,,76.4,90.3,97.9,,,86.5,,,,,,,,,,,,,5.6,0.0,0.0,,,2.3
2025,Nordeste,PB,2514503,São José de Piranhas,Urbana,Estadual,,,,,,,,,,,,,18.0,9.7,2.1,,,11.2,,,,,,,,,,,,,76.4,90.3,97.9,,,86.5,,,,,,,,,,,,,5.6,0.0,0.0,,,2.3
2025,Nordeste,PB,2514503,São José de Piranhas,Total,Municipal,0.0,0.0,0.0,0.0,0.0,0.0,1.9,2.1,2.6,1.6,0.0,0.8,,,,,,,100.0,100.0,98.9,99.1,97.6,85.0,83.9,88.9,91.3,87.2,99.1,93.7,,,,,,,0.0,0.0,1.1,0.9,2.4,15.0,14.2,9.0,6.1,11.2,0.9,5.5,,,,,,
2025,Nordeste,PB,2514503,São José de Piranhas,Urbana,Municipal,0.0,0.0,0.0,0.0,0.0,0.0,1.6,2.4,2.6,1.7,0.0,0.8,,,,,,,100.0,100.0,100.0,99.4,97.1,83.3,83.1,88.0,89.9,86.0,99.3,92.8,,,,,,,0.0,0.0,0.0,0.6,2.9,16.7,15.3,9.6,7.5,12.3,0.7,6.4,,,,,,
2025,Nordeste,PB,2514503,São José de Piranhas,Rural,Municipal,0.0,0.0,0.0,0.0,0.0,0.0,2.4,0.0,2.7,1.5,0.0,0.4,,,,,,,100.0,100.0,95.3,98.3,98.6,93.5,87.8,95.7,97.3,93.2,98.6,96.9,,,,,,,0.0,0.0,4.7,1.7,1.4,6.5,9.8,4.3,0.0,5.3,1.4,2.7,,,,,,
2025,Nordeste,PB,2514503,São José de Piranhas,Total,Privada,0.0,0.0,0.0,0.0,0.0,0.0,0.0,0.0,0.0,0.0,0.0,0.0,0.0,0.0,0.0,,,0.0,100.0,100.0,100.0,100.0,100.0,100.0,96.7,98.4,95.5,97.8,100.0,99.1,100.0,100.0,100.0,,,100.0,0.0,0.0,0.0,0.0,0.0,0.0,3.3,1.6,4.5,2.2,0.0,0.9,0.0,0.0,0.0,,,0.0
2025,Nordeste,PB,2514503,São José de Piranhas,Urbana,Privada,0.0,0.0,0.0,0.0,0.0,0.0,0.0,0.0,0.0,0.0,0.0,0.0,0.0,0.0,0.0,,,0.0,100.0,100.0,100.0,100.0,100.0,100.0,96.7,98.4,95.5,97.8,100.0,99.1,100.0,100.0,100.0,,,100.0,0.0,0.0,0.0,0.0,0.0,0.0,3.3,1.6,4.5,2.2,0.0,0.9,0.0,0.0,0.0,,,0.0
2025,Nordeste,PB,2514503,São José de Piranhas,Total,Pública,0.0,0.0,0.0,0.0,0.0,0.0,1.9,2.1,2.6,1.6,0.0,0.8,18.0,9.7,2.1,,,11.2,100.0,100.0,98.9,99.1,97.6,85.0,83.9,88.9,91.3,87.2,99.1,93.7,76.4,90.3,97.9,,,86.5,0.0,0.0,1.1,0.9,2.4,15.0,14.2,9.0,6.1,11.2,0.9,5.5,5.6,0.0,0.0,,,2.3
2025,Nordeste,PB,2514503,São José de Piranhas,Urbana,Pública,0.0,0.0,0.0,0.0,0.0,0.0,1.6,2.4,2.6,1.7,0.0,0.8,18.0,9.7,2.1,,,11.2,100.0,100.0,100.0,99.4,97.1,83.3,83.1,88.0,89.9,86.0,99.3,92.8,76.4,90.3,97.9,,,86.5,0.0,0.0,0.0,0.6,2.9,16.7,15.3,9.6,7.5,12.3,0.7,6.4,5.6,0.0,0.0,,,2.3
2025,Nordeste,PB,2514503,São José de Piranhas,Rural,Pública,0.0,0.0,0.0,0.0,0.0,0.0,2.4,0.0,2.7,1.5,0.0,0.4,,,,,,,100.0,100.0,95.3,98.3,98.6,93.5,87.8,95.7,97.3,93.2,98.6,96.9,,,,,,,0.0,0.0,4.7,1.7,1.4,6.5,9.8,4.3,0.0,5.3,1.4,2.7,,,,,,
2025,Nordeste,PB,2514552,São José de Princesa,Total,Total,0.0,0.0,0.0,0.0,0.0,0.0,0.0,3.2,0.0,0.8,0.0,0.3,0.0,5.6,0.0,,,1.8,100.0,100.0,100.0,100.0,100.0,100.0,100.0,96.8,100.0,99.2,100.0,99.7,100.0,94.4,100.0,,,98.2,0.0,0.0,0.0,0.0,0.0,0.0,0.0,0.0,0.0,0.0,0.0,0.0,0.0,0.0,0.0,,,0.0
2025,Nordeste,PB,2514552,São José de Princesa,Urbana,Total,,,,,,0.0,0.0,0.0,0.0,0.0,,0.0,0.0,5.6,0.0,,,1.8,,,,,,100.0,100.0,100.0,100.0,100.0,,100.0,100.0,94.4,100.0,,,98.2,,,,,,0.0,0.0,0.0,0.0,0.0,,0.0,0.0,0.0,0.0,,,0.0
2025,Nordeste,PB,2514552,São José de Princesa,Rural,Total,0.0,0.0,0.0,0.0,0.0,0.0,0.0,6.2,0.0,1.4,0.0,0.4,,,,,,,100.0,100.0,100.0,100.0,100.0,100.0,100.0,93.8,100.0,98.6,100.0,99.6,,,,,,,0.0,0.0,0.0,0.0,0.0,0.0,0.0,0.0,0.0,0.0,0.0,0.0,,,,,,
2025,Nordeste,PB,2514552,São José de Princesa,Total,Estadual,,,,,,0.0,0.0,0.0,0.0,0.0,,0.0,0.0,5.6,0.0,,,1.8,,,,,,100.0,100.0,100.0,100.0,100.0,,100.0,100.0,94.4,100.0,,,98.2,,,,,,0.0,0.0,0.0,0.0,0.0,,0.0,0.0,0.0,0.0,,,0.0
2025,Nordeste,PB,2514552,São José de Princesa,Urbana,Estadual,,,,,,0.0,0.0,0.0,0.0,0.0,,0.0,0.0,5.6,0.0,,,1.8,,,,,,100.0,100.0,100.0,100.0,100.0,,100.0,100.0,94.4,100.0,,,98.2,,,,,,0.0,0.0,0.0,0.0,0.0,,0.0,0.0,0.0,0.0,,,0.0
2025,Nordeste,PB,2514552,São José de Princesa,Total,Municipal,0.0,0.0,0.0,0.0,0.0,0.0,0.0,6.2,0.0,1.4,0.0,0.4,,,,,,,100.0,100.0,100.0,100.0,100.0,100.0,100.0,93.8,100.0,98.6,100.0,99.6,,,,,,,0.0,0.0,0.0,0.0,0.0,0.0,0.0,0.0,0.0,0.0,0.0,0.0,,,,,,
2025,Nordeste,PB,2514552,São José de Princesa,Rural,Municipal,0.0,0.0,0.0,0.0,0.0,0.0,0.0,6.2,0.0,1.4,0.0,0.4,,,,,,,100.0,100.0,100.0,100.0,100.0,100.0,100.0,93.8,100.0,98.6,100.0,99.6,,,,,,,0.0,0.0,0.0,0.0,0.0,0.0,0.0,0.0,0.0,0.0,0.0,0.0,,,,,,
2025,Nordeste,PB,2514552,São José de Princesa,Total,Pública,0.0,0.0,0.0,0.0,0.0,0.0,0.0,3.2,0.0,0.8,0.0,0.3,0.0,5.6,0.0,,,1.8,100.0,100.0,100.0,100.0,100.0,100.0,100.0,96.8,100.0,99.2,100.0,99.7,100.0,94.4,100.0,,,98.2,0.0,0.0,0.0,0.0,0.0,0.0,0.0,0.0,0.0,0.0,0.0,0.0,0.0,0.0,0.0,,,0.0
2025,Nordeste,PB,2514552,São José de Princesa,Urbana,Pública,,,,,,0.0,0.0,0.0,0.0,0.0,,0.0,0.0,5.6,0.0,,,1.8,,,,,,100.0,100.0,100.0,100.0,100.0,,100.0,100.0,94.4,100.0,,,98.2,,,,,,0.0,0.0,0.0,0.0,0.0,,0.0,0.0,0.0,0.0,,,0.0
2025,Nordeste,PB,2514552,São José de Princesa,Rural,Pública,0.0,0.0,0.0,0.0,0.0,0.0,0.0,6.2,0.0,1.4,0.0,0.4,,,,,,,100.0,100.0,100.0,100.0,100.0,100.0,100.0,93.8,100.0,98.6,100.0,99.6,,,,,,,0.0,0.0,0.0,0.0,0.0,0.0,0.0,0.0,0.0,0.0,0.0,0.0,,,,,,
2025,Nordeste,PB,2514602,São José do Bonfim,Total,Total,0.0,0.0,0.0,0.0,0.0,0.0,0.0,0.0,0.0,0.0,0.0,0.0,7.3,4.0,0.0,,,4.4,100.0,100.0,96.3,100.0,95.5,100.0,100.0,100.0,100.0,100.0,98.2,99.0,80.5,88.0,100.0,,,87.9,0.0,0.0,3.7,0.0,4.5,0.0,0.0,0.0,0.0,0.0,1.8,1.0,12.2,8.0,0.0,,,7.7
2025,Nordeste,PB,2514602,São José do Bonfim,Urbana,Total,0.0,0.0,0.0,0.0,0.0,0.0,0.0,0.0,0.0,0.0,0.0,0.0,7.3,4.0,0.0,,,4.4,100.0,100.0,95.0,100.0,100.0,100.0,100.0,100.0,100.0,100.0,98.7,99.4,80.5,88.0,100.0,,,87.9,0.0,0.0,5.0,0.0,0.0,0.0,0.0,0.0,0.0,0.0,1.3,0.6,12.2,8.0,0.0,,,7.7
2025,Nordeste,PB,2514602,São José do Bonfim,Rural,Total,0.0,0.0,0.0,0.0,0.0,,,,,,0.0,0.0,,,,,,,100.0,100.0,100.0,100.0,85.7,,,,,,96.9,96.9,,,,,,,0.0,0.0,0.0,0.0,14.3,,,,,,3.1,3.1,,,,,,
2025,Nordeste,PB,2514602,São José do Bonfim,Total,Estadual,,,,,,,,,,,,,7.3,4.0,0.0,,,4.4,,,,,,,,,,,,,80.5,88.0,100.0,,,87.9,,,,,,,,,,,,,12.2,8.0,0.0,,,7.7
2025,Nordeste,PB,2514602,São José do Bonfim,Urbana,Estadual,,,,,,,,,,,,,7.3,4.0,0.0,,,4.4,,,,,,,,,,,,,80.5,88.0,100.0,,,87.9,,,,,,,,,,,,,12.2,8.0,0.0,,,7.7
2025,Nordeste,PB,2514602,São José do Bonfim,Total,Municipal,0.0,0.0,0.0,0.0,0.0,0.0,0.0,0.0,0.0,0.0,0.0,0.0,,,,,,,100.0,100.0,96.3,100.0,95.5,100.0,100.0,100.0,100.0,100.0,98.2,99.0,,,,,,,0.0,0.0,3.7,0.0,4.5,0.0,0.0,0.0,0.0,0.0,1.8,1.0,,,,,,
2025,Nordeste,PB,2514602,São José do Bonfim,Urbana,Municipal,0.0,0.0,0.0,0.0,0.0,0.0,0.0,0.0,0.0,0.0,0.0,0.0,,,,,,,100.0,100.0,95.0,100.0,100.0,100.0,100.0,100.0,100.0,100.0,98.7,99.4,,,,,,,0.0,0.0,5.0,0.0,0.0,0.0,0.0,0.0,0.0,0.0,1.3,0.6,,,,,,
2025,Nordeste,PB,2514602,São José do Bonfim,Rural,Municipal,0.0,0.0,0.0,0.0,0.0,,,,,,0.0,0.0,,,,,,,100.0,100.0,100.0,100.0,85.7,,,,,,96.9,96.9,,,,,,,0.0,0.0,0.0,0.0,14.3,,,,,,3.1,3.1,,,,,,
2025,Nordeste,PB,2514602,São José do Bonfim,Total,Pública,0.0,0.0,0.0,0.0,0.0,0.0,0.0,0.0,0.0,0.0,0.0,0.0,7.3,4.0,0.0,,,4.4,100.0,100.0,96.3,100.0,95.5,100.0,100.0,100.0,100.0,100.0,98.2,99.0,80.5,88.0,100.0,,,87.9,0.0,0.0,3.7,0.0,4.5,0.0,0.0,0.0,0.0,0.0,1.8,1.0,12.2,8.0,0.0,,,7.7
2025,Nordeste,PB,2514602,São José do Bonfim,Urbana,Pública,0.0,0.0,0.0,0.0,0.0,0.0,0.0,0.0,0.0,0.0,0.0,0.0,7.3,4.0,0.0,,,4.4,100.0,100.0,95.0,100.0,100.0,100.0,100.0,100.0,100.0,100.0,98.7,99.4,80.5,88.0,100.0,,,87.9,0.0,0.0,5.0,0.0,0.0,0.0,0.0,0.0,0.0,0.0,1.3,0.6,12.2,8.0,0.0,,,7.7
2025,Nordeste,PB,2514602,São José do Bonfim,Rural,Pública,0.0,0.0,0.0,0.0,0.0,,,,,,0.0,0.0,,,,,,,100.0,100.0,100.0,100.0,85.7,,,,,,96.9,96.9,,,,,,,0.0,0.0,0.0,0.0,14.3,,,,,,3.1,3.1,,,,,,
2025,Nordeste,PB,2514651,São José do Brejo do Cruz,Total,Total,0.0,0.0,0.0,0.0,0.0,0.0,3.3,0.0,0.0,0.8,0.0,0.3,0.0,0.0,0.0,,,0.0,100.0,100.0,95.8,91.3,89.3,91.3,90.0,96.9,100.0,94.1,95.0,94.6,100.0,100.0,100.0,,,100.0,0.0,0.0,4.2,8.7,10.7,8.7,6.7,3.1,0.0,5.1,5.0,5.1,0.0,0.0,0.0,,,0.0
2025,Nordeste,PB,2514651,São José do Brejo do Cruz,Urbana,Total,0.0,0.0,0.0,0.0,0.0,0.0,3.3,0.0,0.0,0.8,0.0,0.4,0.0,0.0,0.0,,,0.0,100.0,100.0,95.8,91.3,88.9,91.3,90.0,96.9,100.0,94.1,95.0,94.5,100.0,100.0,100.0,,,100.0,0.0,0.0,4.2,8.7,11.1,8.7,6.7,3.1,0.0,5.1,5.0,5.1,0.0,0.0,0.0,,,0.0
2025,Nordeste,PB,2514651,São José do Brejo do Cruz,Rural,Total,,0.0,,,0.0,,,,,,0.0,0.0,,,,,,,,100.0,,,100.0,,,,,,100.0,100.0,,,,,,,,0.0,,,0.0,,,,,,0.0,0.0,,,,,,
2025,Nordeste,PB,2514651,São José do Brejo do Cruz,Total,Estadual,,,,,,,,,,,,,0.0,0.0,0.0,,,0.0,,,,,,,,,,,,,100.0,100.0,100.0,,,100.0,,,,,,,,,,,,,0.0,0.0,0.0,,,0.0
2025,Nordeste,PB,2514651,São José do Brejo do Cruz,Urbana,Estadual,,,,,,,,,,,,,0.0,0.0,0.0,,,0.0,,,,,,,,,,,,,100.0,100.0,100.0,,,100.0,,,,,,,,,,,,,0.0,0.0,0.0,,,0.0
2025,Nordeste,PB,2514651,São José do Brejo do Cruz,Total,Municipal,0.0,0.0,0.0,0.0,0.0,0.0,3.3,0.0,0.0,0.8,0.0,0.3,,,,,,,100.0,100.0,95.8,91.3,89.3,91.3,90.0,96.9,100.0,94.1,95.0,94.6,,,,,,,0.0,0.0,4.2,8.7,10.7,8.7,6.7,3.1,0.0,5.1,5.0,5.1,,,,,,
2025,Nordeste,PB,2514651,São José do Brejo do Cruz,Urbana,Municipal,0.0,0.0,0.0,0.0,0.0,0.0,3.3,0.0,0.0,0.8,0.0,0.4,,,,,,,100.0,100.0,95.8,91.3,88.9,91.3,90.0,96.9,100.0,94.1,95.0,94.5,,,,,,,0.0,0.0,4.2,8.7,11.1,8.7,6.7,3.1,0.0,5.1,5.0,5.1,,,,,,
2025,Nordeste,PB,2514651,São José do Brejo do Cruz,Rural,Municipal,,0.0,,,0.0,,,,,,0.0,0.0,,,,,,,,100.0,,,100.0,,,,,,100.0,100.0,,,,,,,,0.0,,,0.0,,,,,,0.0,0.0,,,,,,
2025,Nordeste,PB,2514651,São José do Brejo do Cruz,Total,Pública,0.0,0.0,0.0,0.0,0.0,0.0,3.3,0.0,0.0,0.8,0.0,0.3,0.0,0.0,0.0,,,0.0,100.0,100.0,95.8,91.3,89.3,91.3,90.0,96.9,100.0,94.1,95.0,94.6,100.0,100.0,100.0,,,100.0,0.0,0.0,4.2,8.7,10.7,8.7,6.7,3.1,0.0,5.1,5.0,5.1,0.0,0.0,0.0,,,0.0
2025,Nordeste,PB,2514651,São José do Brejo do Cruz,Urbana,Pública,0.0,0.0,0.0,0.0,0.0,0.0,3.3,0.0,0.0,0.8,0.0,0.4,0.0,0.0,0.0,,,0.0,100.0,100.0,95.8,91.3,88.9,91.3,90.0,96.9,100.0,94.1,95.0,94.5,100.0,100.0,100.0,,,100.0,0.0,0.0,4.2,8.7,11.1,8.7,6.7,3.1,0.0,5.1,5.0,5.1,0.0,0.0,0.0,,,0.0
2025,Nordeste,PB,2514651,São José do Brejo do Cruz,Rural,Pública,,0.0,,,0.0,,,,,,0.0,0.0,,,,,,,,100.0,,,100.0,,,,,,100.0,100.0,,,,,,,,0.0,,,0.0,,,,,,0.0,0.0,,,,,,
2025,Nordeste,PB,2514701,São José do Sabugi,Total,Total,0.0,0.0,0.0,0.0,0.0,0.0,0.0,0.0,0.0,0.0,0.0,0.0,0.0,7.9,0.0,,,2.7,100.0,100.0,100.0,100.0,100.0,100.0,97.8,97.7,100.0,99.0,100.0,99.5,97.4,92.1,97.1,,,95.5,0.0,0.0,0.0,0.0,0.0,0.0,2.2,2.3,0.0,1.0,0.0,0.5,2.6,0.0,2.9,,,1.8
2025,Nordeste,PB,2514701,São José do Sabugi,Urbana,Total,0.0,0.0,0.0,0.0,0.0,0.0,0.0,0.0,0.0,0.0,0.0,0.0,0.0,7.9,0.0,,,2.7,100.0,100.0,100.0,100.0,100.0,100.0,97.8,97.7,100.0,99.0,100.0,99.5,97.4,92.1,97.1,,,95.5,0.0,0.0,0.0,0.0,0.0,0.0,2.2,2.3,0.0,1.0,0.0,0.5,2.6,0.0,2.9,,,1.8
2025,Nordeste,PB,2514701,São José do Sabugi,Rural,Total,0.0,0.0,0.0,0.0,0.0,,,,,,0.0,0.0,,,,,,,100.0,100.0,100.0,100.0,100.0,,,,,,100.0,100.0,,,,,,,0.0,0.0,0.0,0.0,0.0,,,,,,0.0,0.0,,,,,,
2025,Nordeste,PB,2514701,São José do Sabugi,Total,Estadual,,,,,,,,,,,,,0.0,7.9,0.0,,,2.7,,,,,,,,,,,,,97.4,92.1,97.1,,,95.5,,,,,,,,,,,,,2.6,0.0,2.9,,,1.8
2025,Nordeste,PB,2514701,São José do Sabugi,Urbana,Estadual,,,,,,,,,,,,,0.0,7.9,0.0,,,2.7,,,,,,,,,,,,,97.4,92.1,97.1,,,95.5,,,,,,,,,,,,,2.6,0.0,2.9,,,1.8
2025,Nordeste,PB,2514701,São José do Sabugi,Total,Municipal,0.0,0.0,0.0,0.0,0.0,0.0,0.0,0.0,0.0,0.0,0.0,0.0,,,,,,,100.0,100.0,100.0,100.0,100.0,100.0,97.8,97.7,100.0,99.0,100.0,99.5,,,,,,,0.0,0.0,0.0,0.0,0.0,0.0,2.2,2.3,0.0,1.0,0.0,0.5,,,,,,
2025,Nordeste,PB,2514701,São José do Sabugi,Urbana,Municipal,0.0,0.0,0.0,0.0,0.0,0.0,0.0,0.0,0.0,0.0,0.0,0.0,,,,,,,100.0,100.0,100.0,100.0,100.0,100.0,97.8,97.7,100.0,99.0,100.0,99.5,,,,,,,0.0,0.0,0.0,0.0,0.0,0.0,2.2,2.3,0.0,1.0,0.0,0.5,,,,,,
2025,Nordeste,PB,2514701,São José do Sabugi,Rural,Municipal,0.0,0.0,0.0,0.0,0.0,,,,,,0.0,0.0,,,,,,,100.0,100.0,100.0,100.0,100.0,,,,,,100.0,100.0,,,,,,,0.0,0.0,0.0,0.0,0.0,,,,,,0.0,0.0,,,,,,
2025,Nordeste,PB,2514701,São José do Sabugi,Total,Pública,0.0,0.0,0.0,0.0,0.0,0.0,0.0,0.0,0.0,0.0,0.0,0.0,0.0,7.9,0.0,,,2.7,100.0,100.0,100.0,100.0,100.0,100.0,97.8,97.7,100.0,99.0,100.0,99.5,97.4,92.1,97.1,,,95.5,0.0,0.0,0.0,0.0,0.0,0.0,2.2,2.3,0.0,1.0,0.0,0.5,2.6,0.0,2.9,,,1.8
2025,Nordeste,PB,2514701,São José do Sabugi,Urbana,Pública,0.0,0.0,0.0,0.0,0.0,0.0,0.0,0.0,0.0,0.0,0.0,0.0,0.0,7.9,0.0,,,2.7,100.0,100.0,100.0,100.0,100.0,100.0,97.8,97.7,100.0,99.0,100.0,99.5,97.4,92.1,97.1,,,95.5,0.0,0.0,0.0,0.0,0.0,0.0,2.2,2.3,0.0,1.0,0.0,0.5,2.6,0.0,2.9,,,1.8
2025,Nordeste,PB,2514701,São José do Sabugi,Rural,Pública,0.0,0.0,0.0,0.0,0.0,,,,,,0.0,0.0,,,,,,,100.0,100.0,100.0,100.0,100.0,,,,,,100.0,100.0,,,,,,,0.0,0.0,0.0,0.0,0.0,,,,,,0.0,0.0,,,,,,
2025,Nordeste,PB,2514800,São José dos Cordeiros,Total,Total,0.0,0.0,0.0,0.0,0.0,0.0,0.0,0.0,0.0,0.0,0.0,0.0,6.9,0.0,0.0,,,2.5,100.0,100.0,100.0,96.4,100.0,69.4,86.5,93.0,100.0,86.1,99.1,93.3,93.1,100.0,100.0,,,97.5,0.0,0.0,0.0,3.6,0.0,30.6,13.5,7.0,0.0,13.9,0.9,6.7,0.0,0.0,0.0,,,0.0
2025,Nordeste,PB,2514800,São José dos Cordeiros,Urbana,Total,0.0,0.0,0.0,0.0,0.0,0.0,0.0,0.0,0.0,0.0,0.0,0.0,6.9,0.0,0.0,,,2.5,100.0,100.0,100.0,100.0,100.0,69.4,86.5,93.0,100.0,86.1,100.0,93.0,93.1,100.0,100.0,,,97.5,0.0,0.0,0.0,0.0,0.0,30.6,13.5,7.0,0.0,13.9,0.0,7.0,0.0,0.0,0.0,,,0.0
2025,Nordeste,PB,2514800,São José dos Cordeiros,Rural,Total,0.0,0.0,0.0,0.0,0.0,,,,,,0.0,0.0,,,,,,,100.0,100.0,100.0,84.6,100.0,,,,,,95.3,95.3,,,,,,,0.0,0.0,0.0,15.4,0.0,,,,,,4.7,4.7,,,,,,
2025,Nordeste,PB,2514800,São José dos Cordeiros,Total,Estadual,,,,,,,,0.0,0.0,0.0,,0.0,6.9,0.0,0.0,,,2.5,,,,,,,,100.0,100.0,100.0,,100.0,93.1,100.0,100.0,,,97.5,,,,,,,,0.0,0.0,0.0,,0.0,0.0,0.0,0.0,,,0.0
2025,Nordeste,PB,2514800,São José dos Cordeiros,Urbana,Estadual,,,,,,,,0.0,0.0,0.0,,0.0,6.9,0.0,0.0,,,2.5,,,,,,,,100.0,100.0,100.0,,100.0,93.1,100.0,100.0,,,97.5,,,,,,,,0.0,0.0,0.0,,0.0,0.0,0.0,0.0,,,0.0
2025,Nordeste,PB,2514800,São José dos Cordeiros,Total,Municipal,0.0,0.0,0.0,0.0,0.0,0.0,0.0,0.0,,0.0,0.0,0.0,,,,,,,100.0,100.0,100.0,96.4,100.0,69.4,86.5,83.3,,78.2,99.1,92.0,,,,,,,0.0,0.0,0.0,3.6,0.0,30.6,13.5,16.7,,21.8,0.9,8.0,,,,,,
2025,Nordeste,PB,2514800,São José dos Cordeiros,Urbana,Municipal,0.0,0.0,0.0,0.0,0.0,0.0,0.0,0.0,,0.0,0.0,0.0,,,,,,,100.0,100.0,100.0,100.0,100.0,69.4,86.5,83.3,,78.2,100.0,91.5,,,,,,,0.0,0.0,0.0,0.0,0.0,30.6,13.5,16.7,,21.8,0.0,8.5,,,,,,
2025,Nordeste,PB,2514800,São José dos Cordeiros,Rural,Municipal,0.0,0.0,0.0,0.0,0.0,,,,,,0.0,0.0,,,,,,,100.0,100.0,100.0,84.6,100.0,,,,,,95.3,95.3,,,,,,,0.0,0.0,0.0,15.4,0.0,,,,,,4.7,4.7,,,,,,
2025,Nordeste,PB,2514800,São José dos Cordeiros,Total,Pública,0.0,0.0,0.0,0.0,0.0,0.0,0.0,0.0,0.0,0.0,0.0,0.0,6.9,0.0,0.0,,,2.5,100.0,100.0,100.0,96.4,100.0,69.4,86.5,93.0,100.0,86.1,99.1,93.3,93.1,100.0,100.0,,,97.5,0.0,0.0,0.0,3.6,0.0,30.6,13.5,7.0,0.0,13.9,0.9,6.7,0.0,0.0,0.0,,,0.0
2025,Nordeste,PB,2514800,São José dos Cordeiros,Urbana,Pública,0.0,0.0,0.0,0.0,0.0,0.0,0.0,0.0,0.0,0.0,0.0,0.0,6.9,0.0,0.0,,,2.5,100.0,100.0,100.0,100.0,100.0,69.4,86.5,93.0,100.0,86.1,100.0,93.0,93.1,100.0,100.0,,,97.5,0.0,0.0,0.0,0.0,0.0,30.6,13.5,7.0,0.0,13.9,0.0,7.0,0.0,0.0,0.0,,,0.0
2025,Nordeste,PB,2514800,São José dos Cordeiros,Rural,Pública,0.0,0.0,0.0,0.0,0.0,,,,,,0.0,0.0,,,,,,,100.0,100.0,100.0,84.6,100.0,,,,,,95.3,95.3,,,,,,,0.0,0.0,0.0,15.4,0.0,,,,,,4.7,4.7,,,,,,
2025,Nordeste,PB,2514909,São Mamede,Total,Total,0.0,0.0,0.0,0.0,0.0,0.9,1.0,0.0,0.0,0.5,0.0,0.2,0.0,1.6,0.0,,,0.6,100.0,100.0,97.6,100.0,98.9,89.9,95.9,92.9,100.0,94.4,99.3,97.0,95.9,96.8,100.0,,,97.2,0.0,0.0,2.4,0.0,1.1,9.2,3.1,7.1,0.0,5.1,0.7,2.8,4.1,1.6,0.0,,,2.2
2025,Nordeste,PB,2514909,São Mamede,Urbana,Total,0.0,0.0,0.0,0.0,0.0,0.9,1.0,0.0,0.0,0.5,0.0,0.2,0.0,1.6,0.0,,,0.6,100.0,100.0,97.4,100.0,98.9,89.9,95.9,92.9,100.0,94.4,99.3,96.9,95.9,96.8,100.0,,,97.2,0.0,0.0,2.6,0.0,1.1,9.2,3.1,7.1,0.0,5.1,0.7,2.9,4.1,1.6,0.0,,,2.2
2025,Nordeste,PB,2514909,São Mamede,Rural,Total,0.0,0.0,0.0,0.0,,,,,,,0.0,0.0,,,,,,,100.0,100.0,100.0,100.0,,,,,,,100.0,100.0,,,,,,,0.0,0.0,0.0,0.0,,,,,,,0.0,0.0,,,,,,
2025,Nordeste,PB,2514909,São Mamede,Total,Estadual,,,,,,2.3,2.0,0.0,0.0,1.2,,1.2,0.0,1.6,0.0,,,0.6,,,,,,93.2,93.9,97.8,100.0,96.0,,96.0,95.9,96.8,100.0,,,97.2,,,,,,4.5,4.1,2.2,0.0,2.8,,2.8,4.1,1.6,0.0,,,2.2
2025,Nordeste,PB,2514909,São Mamede,Urbana,Estadual,,,,,,2.3,2.0,0.0,0.0,1.2,,1.2,0.0,1.6,0.0,,,0.6,,,,,,93.2,93.9,97.8,100.0,96.0,,96.0,95.9,96.8,100.0,,,97.2,,,,,,4.5,4.1,2.2,0.0,2.8,,2.8,4.1,1.6,0.0,,,2.2
2025,Nordeste,PB,2514909,São Mamede,Total,Municipal,0.0,0.0,0.0,0.0,0.0,0.0,0.0,0.0,0.0,0.0,0.0,0.0,,,,,,,100.0,100.0,97.6,100.0,98.9,87.7,97.9,89.6,100.0,93.1,99.3,97.2,,,,,,,0.0,0.0,2.4,0.0,1.1,12.3,2.1,10.4,0.0,6.9,0.7,2.8,,,,,,
2025,Nordeste,PB,2514909,São Mamede,Urbana,Municipal,0.0,0.0,0.0,0.0,0.0,0.0,0.0,0.0,0.0,0.0,0.0,0.0,,,,,,,100.0,100.0,97.4,100.0,98.9,87.7,97.9,89.6,100.0,93.1,99.3,97.1,,,,,,,0.0,0.0,2.6,0.0,1.1,12.3,2.1,10.4,0.0,6.9,0.7,2.9,,,,,,
2025,Nordeste,PB,2514909,São Mamede,Rural,Municipal,0.0,0.0,0.0,0.0,,,,,,,0.0,0.0,,,,,,,100.0,100.0,100.0,100.0,,,,,,,100.0,100.0,,,,,,,0.0,0.0,0.0,0.0,,,,,,,0.0,0.0,,,,,,
2025,Nordeste,PB,2514909,São Mamede,Total,Pública,0.0,0.0,0.0,0.0,0.0,0.9,1.0,0.0,0.0,0.5,0.0,0.2,0.0,1.6,0.0,,,0.6,100.0,100.0,97.6,100.0,98.9,89.9,95.9,92.9,100.0,94.4,99.3,97.0,95.9,96.8,100.0,,,97.2,0.0,0.0,2.4,0.0,1.1,9.2,3.1,7.1,0.0,5.1,0.7,2.8,4.1,1.6,0.0,,,2.2
2025,Nordeste,PB,2514909,São Mamede,Urbana,Pública,0.0,0.0,0.0,0.0,0.0,0.9,1.0,0.0,0.0,0.5,0.0,0.2,0.0,1.6,0.0,,,0.6,100.0,100.0,97.4,100.0,98.9,89.9,95.9,92.9,100.0,94.4,99.3,96.9,95.9,96.8,100.0,,,97.2,0.0,0.0,2.6,0.0,1.1,9.2,3.1,7.1,0.0,5.1,0.7,2.9,4.1,1.6,0.0,,,2.2
2025,Nordeste,PB,2514909,São Mamede,Rural,Pública,0.0,0.0,0.0,0.0,,,,,,,0.0,0.0,,,,,,,100.0,100.0,100.0,100.0,,,,,,,100.0,100.0,,,,,,,0.0,0.0,0.0,0.0,,,,,,,0.0,0.0,,,,,,
2025,Nordeste,PB,2515005,São Miguel de Taipu,Total,Total,0.0,0.0,0.0,0.0,0.0,0.0,0.0,0.0,1.0,0.2,0.0,0.1,4.9,3.5,1.7,,,3.6,100.0,100.0,100.0,100.0,100.0,100.0,100.0,100.0,99.0,99.8,100.0,99.9,95.1,96.5,98.3,,,96.4,0.0,0.0,0.0,0.0,0.0,0.0,0.0,0.0,0.0,0.0,0.0,0.0,0.0,0.0,0.0,,,0.0
2025,Nordeste,PB,2515005,São Miguel de Taipu,Urbana,Total,0.0,0.0,0.0,0.0,0.0,0.0,0.0,0.0,0.0,0.0,0.0,0.0,5.6,1.7,0.0,,,2.6,100.0,100.0,100.0,100.0,100.0,100.0,100.0,100.0,100.0,100.0,100.0,100.0,94.4,98.3,100.0,,,97.4,0.0,0.0,0.0,0.0,0.0,0.0,0.0,0.0,0.0,0.0,0.0,0.0,0.0,0.0,0.0,,,0.0
2025,Nordeste,PB,2515005,São Miguel de Taipu,Rural,Total,0.0,0.0,0.0,0.0,0.0,0.0,0.0,0.0,2.0,0.5,0.0,0.2,3.7,7.7,5.9,,,5.7,100.0,100.0,100.0,100.0,100.0,100.0,100.0,100.0,98.0,99.5,100.0,99.8,96.3,92.3,94.1,,,94.3,0.0,0.0,0.0,0.0,0.0,0.0,0.0,0.0,0.0,0.0,0.0,0.0,0.0,0.0,0.0,,,0.0
2025,Nordeste,PB,2515005,São Miguel de Taipu,Total,Estadual,,,,,,0.0,0.0,0.0,5.0,1.7,,1.7,4.9,3.5,1.7,,,3.6,,,,,,100.0,100.0,100.0,95.0,98.3,,98.3,95.1,96.5,98.3,,,96.4,,,,,,0.0,0.0,0.0,0.0,0.0,,0.0,0.0,0.0,0.0,,,0.0
2025,Nordeste,PB,2515005,São Miguel de Taipu,Urbana,Estadual,,,,,,,,,,,,,5.6,1.7,0.0,,,2.6,,,,,,,,,,,,,94.4,98.3,100.0,,,97.4,,,,,,,,,,,,,0.0,0.0,0.0,,,0.0
2025,Nordeste,PB,2515005,São Miguel de Taipu,Rural,Estadual,,,,,,0.0,0.0,0.0,5.0,1.7,,1.7,3.7,7.7,5.9,,,5.7,,,,,,100.0,100.0,100.0,95.0,98.3,,98.3,96.3,92.3,94.1,,,94.3,,,,,,0.0,0.0,0.0,0.0,0.0,,0.0,0.0,0.0,0.0,,,0.0
2025,Nordeste,PB,2515005,São Miguel de Taipu,Total,Municipal,0.0,0.0,0.0,0.0,0.0,0.0,0.0,0.0,0.0,0.0,0.0,0.0,,,,,,,100.0,100.0,100.0,100.0,100.0,100.0,100.0,100.0,100.0,100.0,100.0,100.0,,,,,,,0.0,0.0,0.0,0.0,0.0,0.0,0.0,0.0,0.0,0.0,0.0,0.0,,,,,,
2025,Nordeste,PB,2515005,São Miguel de Taipu,Urbana,Municipal,0.0,0.0,0.0,0.0,0.0,0.0,0.0,0.0,0.0,0.0,0.0,0.0,,,,,,,100.0,100.0,100.0,100.0,100.0,100.0,100.0,100.0,100.0,100.0,100.0,100.0,,,,,,,0.0,0.0,0.0,0.0,0.0,0.0,0.0,0.0,0.0,0.0,0.0,0.0,,,,,,
2025,Nordeste,PB,2515005,São Miguel de Taipu,Rural,Municipal,0.0,0.0,0.0,0.0,0.0,0.0,0.0,0.0,0.0,0.0,0.0,0.0,,,,,,,100.0,100.0,100.0,100.0,100.0,100.0,100.0,100.0,100.0,100.0,100.0,100.0,,,,,,,0.0,0.0,0.0,0.0,0.0,0.0,0.0,0.0,0.0,0.0,0.0,0.0,,,,,,
2025,Nordeste,PB,2515005,São Miguel de Taipu,Total,Pública,0.0,0.0,0.0,0.0,0.0,0.0,0.0,0.0,1.0,0.2,0.0,0.1,4.9,3.5,1.7,,,3.6,100.0,100.0,100.0,100.0,100.0,100.0,100.0,100.0,99.0,99.8,100.0,99.9,95.1,96.5,98.3,,,96.4,0.0,0.0,0.0,0.0,0.0,0.0,0.0,0.0,0.0,0.0,0.0,0.0,0.0,0.0,0.0,,,0.0
2025,Nordeste,PB,2515005,São Miguel de Taipu,Urbana,Pública,0.0,0.0,0.0,0.0,0.0,0.0,0.0,0.0,0.0,0.0,0.0,0.0,5.6,1.7,0.0,,,2.6,100.0,100.0,100.0,100.0,100.0,100.0,100.0,100.0,100.0,100.0,100.0,100.0,94.4,98.3,100.0,,,97.4,0.0,0.0,0.0,0.0,0.0,0.0,0.0,0.0,0.0,0.0,0.0,0.0,0.0,0.0,0.0,,,0.0
2025,Nordeste,PB,2515005,São Miguel de Taipu,Rural,Pública,0.0,0.0,0.0,0.0,0.0,0.0,0.0,0.0,2.0,0.5,0.0,0.2,3.7,7.7,5.9,,,5.7,100.0,100.0,100.0,100.0,100.0,100.0,100.0,100.0,98.0,99.5,100.0,99.8,96.3,92.3,94.1,,,94.3,0.0,0.0,0.0,0.0,0.0,0.0,0.0,0.0,0.0,0.0,0.0,0.0,0.0,0.0,0.0,,,0.0
2025,Nordeste,PB,2515104,São Sebastião de Lagoa de Roça,Total,Total,0.0,0.6,1.3,0.0,0.0,3.2,1.3,1.9,0.0,1.7,0.4,0.9,11.2,8.4,1.3,,,8.0,100.0,90.2,93.8,93.3,95.1,92.9,95.5,96.1,99.2,95.7,94.4,95.0,86.2,88.5,98.7,,,89.9,0.0,9.2,4.9,6.7,4.9,3.9,3.2,2.0,0.8,2.6,5.2,4.1,2.6,3.1,0.0,,,2.1
2025,Nordeste,PB,2515104,São Sebastião de Lagoa de Roça,Urbana,Total,0.0,0.0,2.3,0.0,0.0,3.2,1.3,1.9,0.0,1.7,0.4,1.2,11.2,8.4,1.3,,,8.0,100.0,89.2,94.2,98.8,96.6,92.9,95.5,96.1,99.2,95.7,95.6,95.7,86.2,88.5,98.7,,,89.9,0.0,10.8,3.5,1.2,3.4,3.9,3.2,2.0,0.8,2.6,4.0,3.1,2.6,3.1,0.0,,,2.1
2025,Nordeste,PB,2515104,São Sebastião de Lagoa de Roça,Rural,Total,0.0,1.5,0.0,0.0,0.0,,,,,,0.3,0.3,,,,,,,100.0,91.4,93.4,87.0,93.3,,,,,,93.1,93.1,,,,,,,0.0,7.1,6.6,13.0,6.7,,,,,,6.6,6.6,,,,,,
2025,Nordeste,PB,2515104,São Sebastião de Lagoa de Roça,Total,Estadual,,,,,,1.5,0.0,4.0,0.0,1.3,,1.3,11.2,8.4,1.3,,,8.0,,,,,,95.5,98.6,96.0,100.0,97.4,,97.4,86.2,88.5,98.7,,,89.9,,,,,,3.0,1.4,0.0,0.0,1.3,,1.3,2.6,3.1,0.0,,,2.1
2025,Nordeste,PB,2515104,São Sebastião de Lagoa de Roça,Urbana,Estadual,,,,,,1.5,0.0,4.0,0.0,1.3,,1.3,11.2,8.4,1.3,,,8.0,,,,,,95.5,98.6,96.0,100.0,97.4,,97.4,86.2,88.5,98.7,,,89.9,,,,,,3.0,1.4,0.0,0.0,1.3,,1.3,2.6,3.1,0.0,,,2.1
2025,Nordeste,PB,2515104,São Sebastião de Lagoa de Roça,Total,Municipal,0.0,0.8,1.3,0.0,0.0,4.5,2.3,1.0,0.0,2.0,0.5,0.9,,,,,,,100.0,88.6,93.3,91.9,94.4,91.0,92.9,96.1,98.7,94.6,93.6,94.0,,,,,,,0.0,10.6,5.4,8.1,5.6,4.5,4.8,2.9,1.3,3.4,5.9,5.1,,,,,,
2025,Nordeste,PB,2515104,São Sebastião de Lagoa de Roça,Urbana,Municipal,0.0,0.0,2.7,0.0,0.0,4.5,2.3,1.0,0.0,2.0,0.7,1.3,,,,,,,100.0,85.5,93.2,98.2,95.6,91.0,92.9,96.1,98.7,94.6,94.2,94.5,,,,,,,0.0,14.5,4.1,1.8,4.4,4.5,4.8,2.9,1.3,3.4,5.1,4.2,,,,,,
2025,Nordeste,PB,2515104,São Sebastião de Lagoa de Roça,Rural,Municipal,0.0,1.5,0.0,0.0,0.0,,,,,,0.3,0.3,,,,,,,100.0,91.4,93.4,87.0,93.3,,,,,,93.1,93.1,,,,,,,0.0,7.1,6.6,13.0,6.7,,,,,,6.6,6.6,,,,,,
2025,Nordeste,PB,2515104,São Sebastião de Lagoa de Roça,Total,Privada,0.0,0.0,0.0,0.0,0.0,,,,,,0.0,0.0,,,,,,,100.0,100.0,100.0,100.0,100.0,,,,,,100.0,100.0,,,,,,,0.0,0.0,0.0,0.0,0.0,,,,,,0.0,0.0,,,,,,
2025,Nordeste,PB,2515104,São Sebastião de Lagoa de Roça,Urbana,Privada,0.0,0.0,0.0,0.0,0.0,,,,,,0.0,0.0,,,,,,,100.0,100.0,100.0,100.0,100.0,,,,,,100.0,100.0,,,,,,,0.0,0.0,0.0,0.0,0.0,,,,,,0.0,0.0,,,,,,
2025,Nordeste,PB,2515104,São Sebastião de Lagoa de Roça,Total,Pública,0.0,0.8,1.3,0.0,0.0,3.2,1.3,1.9,0.0,1.7,0.5,1.0,11.2,8.4,1.3,,,8.0,100.0,88.6,93.3,91.9,94.4,92.9,95.5,96.1,99.2,95.7,93.6,94.6,86.2,88.5,98.7,,,89.9,0.0,10.6,5.4,8.1,5.6,3.9,3.2,2.0,0.8,2.6,5.9,4.4,2.6,3.1,0.0,,,2.1
2025,Nordeste,PB,2515104,São Sebastião de Lagoa de Roça,Urbana,Pública,0.0,0.0,2.7,0.0,0.0,3.2,1.3,1.9,0.0,1.7,0.7,1.3,11.2,8.4,1.3,,,8.0,100.0,85.5,93.2,98.2,95.6,92.9,95.5,96.1,99.2,95.7,94.2,95.2,86.2,88.5,98.7,,,89.9,0.0,14.5,4.1,1.8,4.4,3.9,3.2,2.0,0.8,2.6,5.1,3.5,2.6,3.1,0.0,,,2.1
2025,Nordeste,PB,2515104,São Sebastião de Lagoa de Roça,Rural,Pública,0.0,1.5,0.0,0.0,0.0,,,,,,0.3,0.3,,,,,,,100.0,91.4,93.4,87.0,93.3,,,,,,93.1,93.1,,,,,,,0.0,7.1,6.6,13.0,6.7,,,,,,6.6,6.6,,,,,,
2025,Nordeste,PB,2515203,São Sebastião do Umbuzeiro,Total,Total,0.0,0.0,0.0,0.0,0.0,0.0,0.0,0.0,0.0,0.0,0.0,0.0,5.4,7.7,5.0,,,6.0,100.0,100.0,100.0,97.7,100.0,100.0,100.0,100.0,100.0,100.0,99.6,99.8,94.6,92.3,95.0,,,94.0,0.0,0.0,0.0,2.3,0.0,0.0,0.0,0.0,0.0,0.0,0.4,0.2,0.0,0.0,0.0,,,0.0
2025,Nordeste,PB,2515203,São Sebastião do Umbuzeiro,Urbana,Total,0.0,0.0,0.0,0.0,0.0,0.0,0.0,0.0,0.0,0.0,0.0,0.0,5.4,7.7,5.0,,,6.0,100.0,100.0,100.0,97.7,100.0,100.0,100.0,100.0,100.0,100.0,99.6,99.8,94.6,92.3,95.0,,,94.0,0.0,0.0,0.0,2.3,0.0,0.0,0.0,0.0,0.0,0.0,0.4,0.2,0.0,0.0,0.0,,,0.0
2025,Nordeste,PB,2515203,São Sebastião do Umbuzeiro,Total,Estadual,,,,,,,,,,,,,5.4,7.7,5.0,,,6.0,,,,,,,,,,,,,94.6,92.3,95.0,,,94.0,,,,,,,,,,,,,0.0,0.0,0.0,,,0.0
2025,Nordeste,PB,2515203,São Sebastião do Umbuzeiro,Urbana,Estadual,,,,,,,,,,,,,5.4,7.7,5.0,,,6.0,,,,,,,,,,,,,94.6,92.3,95.0,,,94.0,,,,,,,,,,,,,0.0,0.0,0.0,,,0.0
2025,Nordeste,PB,2515203,São Sebastião do Umbuzeiro,Total,Municipal,0.0,0.0,0.0,0.0,0.0,0.0,0.0,0.0,0.0,0.0,0.0,0.0,,,,,,,100.0,100.0,100.0,97.7,100.0,100.0,100.0,100.0,100.0,100.0,99.6,99.8,,,,,,,0.0,0.0,0.0,2.3,0.0,0.0,0.0,0.0,0.0,0.0,0.4,0.2,,,,,,
2025,Nordeste,PB,2515203,São Sebastião do Umbuzeiro,Urbana,Municipal,0.0,0.0,0.0,0.0,0.0,0.0,0.0,0.0,0.0,0.0,0.0,0.0,,,,,,,100.0,100.0,100.0,97.7,100.0,100.0,100.0,100.0,100.0,100.0,99.6,99.8,,,,,,,0.0,0.0,0.0,2.3,0.0,0.0,0.0,0.0,0.0,0.0,0.4,0.2,,,,,,
2025,Nordeste,PB,2515203,São Sebastião do Umbuzeiro,Total,Pública,0.0,0.0,0.0,0.0,0.0,0.0,0.0,0.0,0.0,0.0,0.0,0.0,5.4,7.7,5.0,,,6.0,100.0,100.0,100.0,97.7,100.0,100.0,100.0,100.0,100.0,100.0,99.6,99.8,94.6,92.3,95.0,,,94.0,0.0,0.0,0.0,2.3,0.0,0.0,0.0,0.0,0.0,0.0,0.4,0.2,0.0,0.0,0.0,,,0.0
2025,Nordeste,PB,2515203,São Sebastião do Umbuzeiro,Urbana,Pública,0.0,0.0,0.0,0.0,0.0,0.0,0.0,0.0,0.0,0.0,0.0,0.0,5.4,7.7,5.0,,,6.0,100.0,100.0,100.0,97.7,100.0,100.0,100.0,100.0,100.0,100.0,99.6,99.8,94.6,92.3,95.0,,,94.0,0.0,0.0,0.0,2.3,0.0,0.0,0.0,0.0,0.0,0.0,0.4,0.2,0.0,0.0,0.0,,,0.0
2025,Nordeste,PB,2515302,Sapé,Total,Total,0.5,0.2,0.9,0.2,0.2,3.0,3.3,2.3,2.2,2.7,0.4,1.4,8.1,7.7,4.2,,,6.9,99.2,99.3,98.7,98.7,98.7,90.2,93.0,94.1,96.3,93.1,98.9,96.4,87.9,90.9,95.0,,,90.9,0.3,0.5,0.4,1.1,1.1,6.8,3.7,3.6,1.5,4.2,0.7,2.2,4.0,1.4,0.8,,,2.2
2025,Nordeste,PB,2515302,Sapé,Urbana,Total,0.6,0.3,1.1,0.2,0.4,2.8,2.7,1.5,2.1,2.3,0.5,1.3,7.0,7.6,4.1,,,6.5,99.0,99.0,98.3,98.6,99.1,90.5,94.1,94.4,96.4,93.5,98.8,96.4,89.1,91.2,95.5,,,91.6,0.4,0.7,0.6,1.2,0.5,6.7,3.2,4.1,1.5,4.2,0.7,2.3,3.9,1.2,0.4,,,1.9
2025,Nordeste,PB,2515302,Sapé,Rural,Total,0.0,0.0,0.0,0.0,0.0,4.2,6.3,6.9,2.8,5.3,0.0,1.6,33.3,7.2,7.7,,,18.3,100.0,100.0,100.0,99.0,97.1,88.2,87.3,92.2,95.8,90.4,99.2,96.5,60.0,85.7,76.9,,,73.2,0.0,0.0,0.0,1.0,2.9,7.6,6.4,0.9,1.4,4.3,0.8,1.9,6.7,7.1,15.4,,,8.5
2025,Nordeste,PB,2515302,Sapé,Total,Estadual,,,,,,7.0,6.8,7.3,4.3,6.5,,6.5,8.8,8.3,4.6,,,7.5,,,,,,87.8,89.8,91.2,94.1,90.4,,90.4,86.9,90.1,94.5,,,90.1,,,,,,5.2,3.4,1.5,1.6,3.1,,3.1,4.3,1.6,0.9,,,2.4
2025,Nordeste,PB,2515302,Sapé,Urbana,Estadual,,,,,,6.6,6.7,4.7,3.6,5.5,,5.5,7.5,8.4,4.5,,,7.1,,,,,,91.1,93.3,94.0,95.2,93.2,,93.2,88.3,90.3,95.0,,,90.8,,,,,,2.3,0.0,1.3,1.2,1.3,,1.3,4.2,1.3,0.5,,,2.1
2025,Nordeste,PB,2515302,Sapé,Rural,Estadual,,,,,,8.8,7.1,15.1,10.5,10.3,,10.3,33.3,7.2,7.7,,,18.3,,,,,,75.4,80.4,83.0,84.2,80.0,,80.0,60.0,85.7,76.9,,,73.2,,,,,,15.8,12.5,1.9,5.3,9.7,,9.7,6.7,7.1,15.4,,,8.5
2025,Nordeste,PB,2515302,Sapé,Total,Municipal,0.8,0.4,0.6,0.0,0.4,1.4,2.2,0.5,1.2,1.4,0.4,0.8,,,,,,,99.0,99.0,98.7,98.6,98.1,89.2,93.5,94.6,97.2,93.2,98.7,96.5,,,,,,,0.2,0.6,0.7,1.4,1.5,9.4,4.3,4.9,1.6,5.4,0.9,2.7,,,,,,
2025,Nordeste,PB,2515302,Sapé,Urbana,Municipal,1.4,0.6,1.0,0.0,0.5,1.6,1.7,0.6,1.5,1.4,0.7,1.0,,,,,,,98.3,98.4,97.9,98.4,98.6,87.6,93.3,93.7,96.6,92.3,98.3,95.5,,,,,,,0.3,1.0,1.1,1.6,0.9,10.8,5.0,5.7,1.9,6.3,1.0,3.5,,,,,,
2025,Nordeste,PB,2515302,Sapé,Rural,Municipal,0.0,0.0,0.0,0.0,0.0,0.0,5.6,0.0,0.0,1.3,0.0,0.3,,,,,,,100.0,100.0,100.0,99.0,97.1,100.0,94.4,100.0,100.0,98.7,99.2,99.1,,,,,,,0.0,0.0,0.0,1.0,2.9,0.0,0.0,0.0,0.0,0.0,0.8,0.6,,,,,,
2025,Nordeste,PB,2515302,Sapé,Total,Privada,0.0,0.0,1.2,0.4,0.0,0.0,0.0,0.0,1.1,0.2,0.2,0.2,0.0,0.0,0.0,,,0.0,99.5,99.7,98.8,98.9,100.0,98.6,98.8,97.3,97.8,98.1,99.4,99.1,100.0,100.0,100.0,,,100.0,0.5,0.3,0.0,0.7,0.0,1.4,1.2,2.7,1.1,1.7,0.4,0.7,0.0,0.0,0.0,,,0.0
2025,Nordeste,PB,2515302,Sapé,Urbana,Privada,0.0,0.0,1.2,0.4,0.0,0.0,0.0,0.0,1.1,0.2,0.2,0.2,0.0,0.0,0.0,,,0.0,99.5,99.7,98.8,98.9,100.0,98.6,98.8,97.3,97.8,98.1,99.4,99.1,100.0,100.0,100.0,,,100.0,0.5,0.3,0.0,0.7,0.0,1.4,1.2,2.7,1.1,1.7,0.4,0.7,0.0,0.0,0.0,,,0.0
2025,Nordeste,PB,2515302,Sapé,Total,Pública,0.8,0.4,0.6,0.0,0.4,3.4,3.8,2.8,2.4,3.2,0.4,1.7,8.8,8.3,4.6,,,7.5,99.0,99.0,98.7,98.6,98.1,88.7,92.2,93.5,96.0,92.2,98.7,95.5,86.9,90.1,94.5,,,90.1,0.2,0.6,0.7,1.4,1.5,7.9,4.0,3.7,1.6,4.6,0.9,2.8,4.3,1.6,0.9,,,2.4
2025,Nordeste,PB,2515302,Sapé,Urbana,Pública,1.4,0.6,1.0,0.0,0.5,3.3,3.2,1.8,2.3,2.7,0.7,1.8,7.5,8.4,4.5,,,7.1,98.3,98.4,97.9,98.4,98.6,88.8,93.3,93.8,96.1,92.6,98.3,95.1,88.3,90.3,95.0,,,90.8,0.3,1.0,1.1,1.6,0.9,7.9,3.5,4.4,1.6,4.7,1.0,3.1,4.2,1.3,0.5,,,2.1
2025,Nordeste,PB,2515302,Sapé,Rural,Pública,0.0,0.0,0.0,0.0,0.0,4.2,6.3,6.9,2.8,5.3,0.0,1.6,33.3,7.2,7.7,,,18.3,100.0,100.0,100.0,99.0,97.1,88.2,87.3,92.2,95.8,90.4,99.2,96.5,60.0,85.7,76.9,,,73.2,0.0,0.0,0.0,1.0,2.9,7.6,6.4,0.9,1.4,4.3,0.8,1.9,6.7,7.1,15.4,,,8.5
2025,Nordeste,PB,2515401,São Vicente do Seridó,Total,Total,0.0,0.0,0.0,0.0,0.0,0.0,0.0,0.0,0.0,0.0,0.0,0.0,0.7,0.0,0.0,,,0.3,100.0,100.0,100.0,100.0,100.0,92.8,97.3,91.6,97.9,94.7,100.0,97.5,98.6,100.0,99.2,,,99.2,0.0,0.0,0.0,0.0,0.0,7.2,2.7,8.4,2.1,5.3,0.0,2.5,0.7,0.0,0.8,,,0.5
2025,Nordeste,PB,2515401,São Vicente do Seridó,Urbana,Total,0.0,0.0,0.0,0.0,0.0,0.0,0.0,0.0,0.0,0.0,0.0,0.0,0.7,0.0,0.0,,,0.3,100.0,100.0,100.0,100.0,100.0,92.7,97.3,91.6,97.9,94.7,100.0,96.9,98.6,100.0,99.2,,,99.2,0.0,0.0,0.0,0.0,0.0,7.3,2.7,8.4,2.1,5.3,0.0,3.1,0.7,0.0,0.8,,,0.5
2025,Nordeste,PB,2515401,São Vicente do Seridó,Rural,Total,0.0,0.0,0.0,0.0,0.0,0.0,,,,0.0,0.0,0.0,,,,,,,100.0,100.0,100.0,100.0,100.0,100.0,,,,100.0,100.0,100.0,,,,,,,0.0,0.0,0.0,0.0,0.0,0.0,,,,0.0,0.0,0.0,,,,,,
2025,Nordeste,PB,2515401,São Vicente do Seridó,Total,Estadual,,,,,,,,,,,,,0.7,0.0,0.0,,,0.3,,,,,,,,,,,,,98.6,100.0,99.2,,,99.2,,,,,,,,,,,,,0.7,0.0,0.8,,,0.5
2025,Nordeste,PB,2515401,São Vicente do Seridó,Urbana,Estadual,,,,,,,,,,,,,0.7,0.0,0.0,,,0.3,,,,,,,,,,,,,98.6,100.0,99.2,,,99.2,,,,,,,,,,,,,0.7,0.0,0.8,,,0.5
2025,Nordeste,PB,2515401,São Vicente do Seridó,Total,Municipal,0.0,0.0,0.0,0.0,0.0,0.0,0.0,0.0,0.0,0.0,0.0,0.0,,,,,,,100.0,100.0,100.0,100.0,100.0,92.8,97.3,91.6,97.9,94.7,100.0,97.5,,,,,,,0.0,0.0,0.0,0.0,0.0,7.2,2.7,8.4,2.1,5.3,0.0,2.5,,,,,,
2025,Nordeste,PB,2515401,São Vicente do Seridó,Urbana,Municipal,0.0,0.0,0.0,0.0,0.0,0.0,0.0,0.0,0.0,0.0,0.0,0.0,,,,,,,100.0,100.0,100.0,100.0,100.0,92.7,97.3,91.6,97.9,94.7,100.0,96.8,,,,,,,0.0,0.0,0.0,0.0,0.0,7.3,2.7,8.4,2.1,5.3,0.0,3.2,,,,,,
2025,Nordeste,PB,2515401,São Vicente do Seridó,Rural,Municipal,0.0,0.0,0.0,0.0,0.0,0.0,,,,0.0,0.0,0.0,,,,,,,100.0,100.0,100.0,100.0,100.0,100.0,,,,100.0,100.0,100.0,,,,,,,0.0,0.0,0.0,0.0,0.0,0.0,,,,0.0,0.0,0.0,,,,,,
2025,Nordeste,PB,2515401,São Vicente do Seridó,Total,Privada,0.0,0.0,0.0,0.0,0.0,,,,,,0.0,0.0,,,,,,,100.0,100.0,100.0,100.0,100.0,,,,,,100.0,100.0,,,,,,,0.0,0.0,0.0,0.0,0.0,,,,,,0.0,0.0,,,,,,
2025,Nordeste,PB,2515401,São Vicente do Seridó,Urbana,Privada,0.0,0.0,0.0,0.0,0.0,,,,,,0.0,0.0,,,,,,,100.0,100.0,100.0,100.0,100.0,,,,,,100.0,100.0,,,,,,,0.0,0.0,0.0,0.0,0.0,,,,,,0.0,0.0,,,,,,
2025,Nordeste,PB,2515401,São Vicente do Seridó,Total,Pública,0.0,0.0,0.0,0.0,0.0,0.0,0.0,0.0,0.0,0.0,0.0,0.0,0.7,0.0,0.0,,,0.3,100.0,100.0,100.0,100.0,100.0,92.8,97.3,91.6,97.9,94.7,100.0,97.5,98.6,100.0,99.2,,,99.2,0.0,0.0,0.0,0.0,0.0,7.2,2.7,8.4,2.1,5.3,0.0,2.5,0.7,0.0,0.8,,,0.5
2025,Nordeste,PB,2515401,São Vicente do Seridó,Urbana,Pública,0.0,0.0,0.0,0.0,0.0,0.0,0.0,0.0,0.0,0.0,0.0,0.0,0.7,0.0,0.0,,,0.3,100.0,100.0,100.0,100.0,100.0,92.7,97.3,91.6,97.9,94.7,100.0,96.8,98.6,100.0,99.2,,,99.2,0.0,0.0,0.0,0.0,0.0,7.3,2.7,8.4,2.1,5.3,0.0,3.2,0.7,0.0,0.8,,,0.5
2025,Nordeste,PB,2515401,São Vicente do Seridó,Rural,Pública,0.0,0.0,0.0,0.0,0.0,0.0,,,,0.0,0.0,0.0,,,,,,,100.0,100.0,100.0,100.0,100.0,100.0,,,,100.0,100.0,100.0,,,,,,,0.0,0.0,0.0,0.0,0.0,0.0,,,,0.0,0.0,0.0,,,,,,
2025,Nordeste,PB,2515500,Serra Branca,Total,Total,0.0,0.0,0.0,0.0,0.0,0.6,0.0,0.0,0.7,0.3,0.0,0.1,2.6,1.4,0.0,,,1.3,100.0,100.0,100.0,100.0,100.0,91.4,95.9,95.8,99.3,95.4,100.0,98.2,97.4,98.6,98.5,,,98.2,0.0,0.0,0.0,0.0,0.0,8.0,4.1,4.2,0.0,4.3,0.0,1.7,0.0,0.0,1.5,,,0.5
2025,Nordeste,PB,2515500,Serra Branca,Urbana,Total,0.0,0.0,0.0,0.0,0.0,0.6,0.0,0.0,0.7,0.3,0.0,0.1,2.6,1.4,0.0,,,1.3,100.0,100.0,100.0,100.0,100.0,91.4,95.9,95.8,99.3,95.4,100.0,98.1,97.4,98.6,98.5,,,98.2,0.0,0.0,0.0,0.0,0.0,8.0,4.1,4.2,0.0,4.3,0.0,1.8,0.0,0.0,1.5,,,0.5
2025,Nordeste,PB,2515500,Serra Branca,Rural,Total,0.0,0.0,0.0,0.0,0.0,,,,,,0.0,0.0,,,,,,,100.0,100.0,100.0,100.0,100.0,,,,,,100.0,100.0,,,,,,,0.0,0.0,0.0,0.0,0.0,,,,,,0.0,0.0,,,,,,
2025,Nordeste,PB,2515500,Serra Branca,Total,Estadual,,,,,,0.0,0.0,0.0,0.0,0.0,,0.0,2.7,1.4,0.0,,,1.3,,,,,,100.0,97.6,100.0,100.0,99.5,,99.5,97.3,98.6,98.5,,,98.2,,,,,,0.0,2.4,0.0,0.0,0.5,,0.5,0.0,0.0,1.5,,,0.5
2025,Nordeste,PB,2515500,Serra Branca,Urbana,Estadual,,,,,,0.0,0.0,0.0,0.0,0.0,,0.0,2.7,1.4,0.0,,,1.3,,,,,,100.0,97.6,100.0,100.0,99.5,,99.5,97.3,98.6,98.5,,,98.2,,,,,,0.0,2.4,0.0,0.0,0.5,,0.5,0.0,0.0,1.5,,,0.5
2025,Nordeste,PB,2515500,Serra Branca,Total,Municipal,0.0,0.0,0.0,0.0,0.0,0.0,0.0,0.0,0.0,0.0,0.0,0.0,,,,,,,100.0,100.0,100.0,100.0,100.0,84.6,94.1,92.3,100.0,92.8,100.0,97.6,,,,,,,0.0,0.0,0.0,0.0,0.0,15.4,5.9,7.7,0.0,7.2,0.0,2.4,,,,,,
2025,Nordeste,PB,2515500,Serra Branca,Urbana,Municipal,0.0,0.0,0.0,0.0,0.0,0.0,0.0,0.0,0.0,0.0,0.0,0.0,,,,,,,100.0,100.0,100.0,100.0,100.0,84.6,94.1,92.3,100.0,92.8,100.0,97.4,,,,,,,0.0,0.0,0.0,0.0,0.0,15.4,5.9,7.7,0.0,7.2,0.0,2.6,,,,,,
2025,Nordeste,PB,2515500,Serra Branca,Rural,Municipal,0.0,0.0,0.0,0.0,0.0,,,,,,0.0,0.0,,,,,,,100.0,100.0,100.0,100.0,100.0,,,,,,100.0,100.0,,,,,,,0.0,0.0,0.0,0.0,0.0,,,,,,0.0,0.0,,,,,,
2025,Nordeste,PB,2515500,Serra Branca,Total,Privada,0.0,0.0,0.0,0.0,0.0,7.7,0.0,0.0,6.2,2.9,0.0,0.7,0.0,,,,,0.0,100.0,100.0,100.0,100.0,100.0,84.6,100.0,100.0,93.8,95.7,100.0,99.0,100.0,,,,,100.0,0.0,0.0,0.0,0.0,0.0,7.7,0.0,0.0,0.0,1.4,0.0,0.3,0.0,,,,,0.0
2025,Nordeste,PB,2515500,Serra Branca,Urbana,Privada,0.0,0.0,0.0,0.0,0.0,7.7,0.0,0.0,6.2,2.9,0.0,0.7,0.0,,,,,0.0,100.0,100.0,100.0,100.0,100.0,84.6,100.0,100.0,93.8,95.7,100.0,99.0,100.0,,,,,100.0,0.0,0.0,0.0,0.0,0.0,7.7,0.0,0.0,0.0,1.4,0.0,0.3,0.0,,,,,0.0
2025,Nordeste,PB,2515500,Serra Branca,Total,Pública,0.0,0.0,0.0,0.0,0.0,0.0,0.0,0.0,0.0,0.0,0.0,0.0,2.7,1.4,0.0,,,1.3,100.0,100.0,100.0,100.0,100.0,91.9,95.3,95.1,100.0,95.4,100.0,97.9,97.3,98.6,98.5,,,98.2,0.0,0.0,0.0,0.0,0.0,8.1,4.7,4.9,0.0,4.6,0.0,2.1,0.0,0.0,1.5,,,0.5
2025,Nordeste,PB,2515500,Serra Branca,Urbana,Pública,0.0,0.0,0.0,0.0,0.0,0.0,0.0,0.0,0.0,0.0,0.0,0.0,2.7,1.4,0.0,,,1.3,100.0,100.0,100.0,100.0,100.0,91.9,95.3,95.1,100.0,95.4,100.0,97.8,97.3,98.6,98.5,,,98.2,0.0,0.0,0.0,0.0,0.0,8.1,4.7,4.9,0.0,4.6,0.0,2.2,0.0,0.0,1.5,,,0.5
2025,Nordeste,PB,2515500,Serra Branca,Rural,Pública,0.0,0.0,0.0,0.0,0.0,,,,,,0.0,0.0,,,,,,,100.0,100.0,100.0,100.0,100.0,,,,,,100.0,100.0,,,,,,,0.0,0.0,0.0,0.0,0.0,,,,,,0.0,0.0,,,,,,
2025,Nordeste,PB,2515609,Serra da Raiz,Total,Total,0.0,0.0,0.0,0.0,0.0,0.0,0.0,0.0,2.3,0.5,0.0,0.3,1.5,0.0,0.0,,,0.7,100.0,100.0,100.0,100.0,100.0,95.6,94.0,95.7,97.7,95.7,100.0,97.9,89.1,98.0,100.0,,,94.6,0.0,0.0,0.0,0.0,0.0,4.4,6.0,4.3,0.0,3.8,0.0,1.8,9.4,2.0,0.0,,,4.7
2025,Nordeste,PB,2515609,Serra da Raiz,Urbana,Total,0.0,0.0,0.0,0.0,0.0,0.0,0.0,0.0,2.3,0.5,0.0,0.3,1.5,0.0,0.0,,,0.7,100.0,100.0,100.0,100.0,100.0,95.6,94.0,95.7,97.7,95.7,100.0,97.7,89.1,98.0,100.0,,,94.6,0.0,0.0,0.0,0.0,0.0,4.4,6.0,4.3,0.0,3.8,0.0,2.0,9.4,2.0,0.0,,,4.7
2025,Nordeste,PB,2515609,Serra da Raiz,Rural,Total,0.0,0.0,0.0,0.0,0.0,,,,,,0.0,0.0,,,,,,,100.0,100.0,100.0,100.0,100.0,,,,,,100.0,100.0,,,,,,,0.0,0.0,0.0,0.0,0.0,,,,,,0.0,0.0,,,,,,
2025,Nordeste,PB,2515609,Serra da Raiz,Total,Estadual,,,,,,0.0,0.0,0.0,12.5,2.7,,2.7,1.5,0.0,0.0,,,0.7,,,,,,100.0,90.9,91.7,87.5,91.7,,91.7,89.1,98.0,100.0,,,94.6,,,,,,0.0,9.1,8.3,0.0,5.6,,5.6,9.4,2.0,0.0,,,4.7
2025,Nordeste,PB,2515609,Serra da Raiz,Urbana,Estadual,,,,,,0.0,0.0,0.0,12.5,2.7,,2.7,1.5,0.0,0.0,,,0.7,,,,,,100.0,90.9,91.7,87.5,91.7,,91.7,89.1,98.0,100.0,,,94.6,,,,,,0.0,9.1,8.3,0.0,5.6,,5.6,9.4,2.0,0.0,,,4.7
2025,Nordeste,PB,2515609,Serra da Raiz,Total,Municipal,0.0,0.0,0.0,0.0,0.0,0.0,0.0,0.0,0.0,0.0,0.0,0.0,,,,,,,100.0,100.0,100.0,100.0,100.0,95.0,94.9,97.1,100.0,96.6,100.0,98.6,,,,,,,0.0,0.0,0.0,0.0,0.0,5.0,5.1,2.9,0.0,3.4,0.0,1.4,,,,,,
2025,Nordeste,PB,2515609,Serra da Raiz,Urbana,Municipal,0.0,0.0,0.0,0.0,0.0,0.0,0.0,0.0,0.0,0.0,0.0,0.0,,,,,,,100.0,100.0,100.0,100.0,100.0,95.0,94.9,97.1,100.0,96.6,100.0,98.4,,,,,,,0.0,0.0,0.0,0.0,0.0,5.0,5.1,2.9,0.0,3.4,0.0,1.6,,,,,,
2025,Nordeste,PB,2515609,Serra da Raiz,Rural,Municipal,0.0,0.0,0.0,0.0,0.0,,,,,,0.0,0.0,,,,,,,100.0,100.0,100.0,100.0,100.0,,,,,,100.0,100.0,,,,,,,0.0,0.0,0.0,0.0,0.0,,,,,,0.0,0.0,,,,,,
2025,Nordeste,PB,2515609,Serra da Raiz,Total,Pública,0.0,0.0,0.0,0.0,0.0,0.0,0.0,0.0,2.3,0.5,0.0,0.3,1.5,0.0,0.0,,,0.7,100.0,100.0,100.0,100.0,100.0,95.6,94.0,95.7,97.7,95.7,100.0,97.9,89.1,98.0,100.0,,,94.6,0.0,0.0,0.0,0.0,0.0,4.4,6.0,4.3,0.0,3.8,0.0,1.8,9.4,2.0,0.0,,,4.7
2025,Nordeste,PB,2515609,Serra da Raiz,Urbana,Pública,0.0,0.0,0.0,0.0,0.0,0.0,0.0,0.0,2.3,0.5,0.0,0.3,1.5,0.0,0.0,,,0.7,100.0,100.0,100.0,100.0,100.0,95.6,94.0,95.7,97.7,95.7,100.0,97.7,89.1,98.0,100.0,,,94.6,0.0,0.0,0.0,0.0,0.0,4.4,6.0,4.3,0.0,3.8,0.0,2.0,9.4,2.0,0.0,,,4.7
2025,Nordeste,PB,2515609,Serra da Raiz,Rural,Pública,0.0,0.0,0.0,0.0,0.0,,,,,,0.0,0.0,,,,,,,100.0,100.0,100.0,100.0,100.0,,,,,,100.0,100.0,,,,,,,0.0,0.0,0.0,0.0,0.0,,,,,,0.0,0.0,,,,,,
2025,Nordeste,PB,2515708,Serra Grande,Total,Total,0.0,0.0,0.0,0.0,0.0,0.0,0.0,0.0,0.0,0.0,0.0,0.0,9.4,7.3,7.1,,,8.3,100.0,100.0,86.0,100.0,97.8,93.3,95.5,95.5,100.0,96.2,97.0,96.6,90.6,92.7,92.9,,,91.7,0.0,0.0,14.0,0.0,2.2,6.7,4.5,4.5,0.0,3.8,3.0,3.4,0.0,0.0,0.0,,,0.0
2025,Nordeste,PB,2515708,Serra Grande,Urbana,Total,0.0,0.0,0.0,0.0,0.0,0.0,0.0,0.0,0.0,0.0,0.0,0.0,9.4,7.3,7.1,,,8.3,100.0,100.0,96.0,100.0,97.5,93.3,95.5,95.5,100.0,96.2,98.9,97.6,90.6,92.7,92.9,,,91.7,0.0,0.0,4.0,0.0,2.5,6.7,4.5,4.5,0.0,3.8,1.1,2.4,0.0,0.0,0.0,,,0.0
2025,Nordeste,PB,2515708,Serra Grande,Rural,Total,0.0,0.0,0.0,0.0,0.0,,,,,,0.0,0.0,,,,,,,100.0,100.0,72.2,100.0,100.0,,,,,,89.8,89.8,,,,,,,0.0,0.0,27.8,0.0,0.0,,,,,,10.2,10.2,,,,,,
2025,Nordeste,PB,2515708,Serra Grande,Total,Estadual,,,,,,,,,,,,,9.4,7.3,7.1,,,8.3,,,,,,,,,,,,,90.6,92.7,92.9,,,91.7,,,,,,,,,,,,,0.0,0.0,0.0,,,0.0
2025,Nordeste,PB,2515708,Serra Grande,Urbana,Estadual,,,,,,,,,,,,,9.4,7.3,7.1,,,8.3,,,,,,,,,,,,,90.6,92.7,92.9,,,91.7,,,,,,,,,,,,,0.0,0.0,0.0,,,0.0
2025,Nordeste,PB,2515708,Serra Grande,Total,Municipal,0.0,0.0,0.0,0.0,0.0,0.0,0.0,0.0,0.0,0.0,0.0,0.0,,,,,,,100.0,100.0,86.0,100.0,97.8,93.3,95.5,95.5,100.0,96.2,97.0,96.6,,,,,,,0.0,0.0,14.0,0.0,2.2,6.7,4.5,4.5,0.0,3.8,3.0,3.4,,,,,,
2025,Nordeste,PB,2515708,Serra Grande,Urbana,Municipal,0.0,0.0,0.0,0.0,0.0,0.0,0.0,0.0,0.0,0.0,0.0,0.0,,,,,,,100.0,100.0,96.0,100.0,97.5,93.3,95.5,95.5,100.0,96.2,98.9,97.6,,,,,,,0.0,0.0,4.0,0.0,2.5,6.7,4.5,4.5,0.0,3.8,1.1,2.4,,,,,,
2025,Nordeste,PB,2515708,Serra Grande,Rural,Municipal,0.0,0.0,0.0,0.0,0.0,,,,,,0.0,0.0,,,,,,,100.0,100.0,72.2,100.0,100.0,,,,,,89.8,89.8,,,,,,,0.0,0.0,27.8,0.0,0.0,,,,,,10.2,10.2,,,,,,
2025,Nordeste,PB,2515708,Serra Grande,Total,Pública,0.0,0.0,0.0,0.0,0.0,0.0,0.0,0.0,0.0,0.0,0.0,0.0,9.4,7.3,7.1,,,8.3,100.0,100.0,86.0,100.0,97.8,93.3,95.5,95.5,100.0,96.2,97.0,96.6,90.6,92.7,92.9,,,91.7,0.0,0.0,14.0,0.0,2.2,6.7,4.5,4.5,0.0,3.8,3.0,3.4,0.0,0.0,0.0,,,0.0
2025,Nordeste,PB,2515708,Serra Grande,Urbana,Pública,0.0,0.0,0.0,0.0,0.0,0.0,0.0,0.0,0.0,0.0,0.0,0.0,9.4,7.3,7.1,,,8.3,100.0,100.0,96.0,100.0,97.5,93.3,95.5,95.5,100.0,96.2,98.9,97.6,90.6,92.7,92.9,,,91.7,0.0,0.0,4.0,0.0,2.5,6.7,4.5,4.5,0.0,3.8,1.1,2.4,0.0,0.0,0.0,,,0.0
2025,Nordeste,PB,2515708,Serra Grande,Rural,Pública,0.0,0.0,0.0,0.0,0.0,,,,,,0.0,0.0,,,,,,,100.0,100.0,72.2,100.0,100.0,,,,,,89.8,89.8,,,,,,,0.0,0.0,27.8,0.0,0.0,,,,,,10.2,10.2,,,,,,
2025,Nordeste,PB,2515807,Serra Redonda,Total,Total,0.0,0.0,0.0,0.0,0.0,1.9,3.4,1.0,0.0,1.8,0.0,0.8,9.2,0.0,0.0,,,4.1,98.0,98.9,95.9,98.1,91.8,83.6,81.2,92.6,100.0,88.1,96.5,92.7,84.6,98.0,100.0,,,92.5,2.0,1.1,4.1,1.9,8.2,14.5,15.4,6.4,0.0,10.1,3.5,6.5,6.2,2.0,0.0,,,3.4
2025,Nordeste,PB,2515807,Serra Redonda,Urbana,Total,0.0,0.0,0.0,0.0,0.0,2.3,4.1,1.2,0.0,2.2,0.0,1.1,9.2,0.0,0.0,,,4.1,96.8,98.2,100.0,98.6,92.7,81.4,80.6,94.0,100.0,87.8,96.9,92.3,84.6,98.0,100.0,,,92.5,3.2,1.8,0.0,1.4,7.3,16.3,15.3,4.8,0.0,10.0,3.1,6.6,6.2,2.0,0.0,,,3.4
2025,Nordeste,PB,2515807,Serra Redonda,Rural,Total,0.0,0.0,0.0,0.0,0.0,0.0,0.0,0.0,0.0,0.0,0.0,0.0,,,,,,,100.0,100.0,86.4,97.4,89.3,91.7,84.2,81.8,100.0,89.4,95.6,93.8,,,,,,,0.0,0.0,13.6,2.6,10.7,8.3,15.8,18.2,0.0,10.6,4.4,6.2,,,,,,
2025,Nordeste,PB,2515807,Serra Redonda,Total,Estadual,,,,,,,28.6,7.7,0.0,8.3,,8.3,9.2,0.0,0.0,,,4.1,,,,,,,71.4,92.3,100.0,91.7,,91.7,84.6,98.0,100.0,,,92.5,,,,,,,0.0,0.0,0.0,0.0,,0.0,6.2,2.0,0.0,,,3.4
2025,Nordeste,PB,2515807,Serra Redonda,Urbana,Estadual,,,,,,,28.6,7.7,0.0,8.3,,8.3,9.2,0.0,0.0,,,4.1,,,,,,,71.4,92.3,100.0,91.7,,91.7,84.6,98.0,100.0,,,92.5,,,,,,,0.0,0.0,0.0,0.0,,0.0,6.2,2.0,0.0,,,3.4
2025,Nordeste,PB,2515807,Serra Redonda,Total,Municipal,0.0,0.0,0.0,0.0,0.0,2.1,2.0,0.0,0.0,1.3,0.0,0.6,,,,,,,100.0,100.0,94.0,98.8,90.0,81.6,80.0,91.8,100.0,86.5,96.3,91.6,,,,,,,0.0,0.0,6.0,1.2,10.0,16.3,18.0,8.2,0.0,12.2,3.7,7.8,,,,,,
2025,Nordeste,PB,2515807,Serra Redonda,Urbana,Municipal,0.0,0.0,0.0,0.0,0.0,2.7,2.5,0.0,0.0,1.6,0.0,0.9,,,,,,,100.0,100.0,100.0,100.0,90.3,78.4,79.0,93.5,100.0,85.8,96.9,90.5,,,,,,,0.0,0.0,0.0,0.0,9.7,18.9,18.5,6.5,0.0,12.6,3.1,8.6,,,,,,
2025,Nordeste,PB,2515807,Serra Redonda,Rural,Municipal,0.0,0.0,0.0,0.0,0.0,0.0,0.0,0.0,0.0,0.0,0.0,0.0,,,,,,,100.0,100.0,86.4,97.4,89.3,91.7,84.2,81.8,100.0,89.4,95.6,93.8,,,,,,,0.0,0.0,13.6,2.6,10.7,8.3,15.8,18.2,0.0,10.6,4.4,6.2,,,,,,
2025,Nordeste,PB,2515807,Serra Redonda,Total,Privada,0.0,0.0,0.0,0.0,0.0,0.0,0.0,0.0,0.0,0.0,0.0,0.0,,,,,,,93.5,96.2,100.0,96.4,100.0,100.0,100.0,100.0,100.0,100.0,96.9,97.5,,,,,,,6.5,3.8,0.0,3.6,0.0,0.0,0.0,0.0,0.0,0.0,3.1,2.5,,,,,,
2025,Nordeste,PB,2515807,Serra Redonda,Urbana,Privada,0.0,0.0,0.0,0.0,0.0,0.0,0.0,0.0,0.0,0.0,0.0,0.0,,,,,,,93.5,96.2,100.0,96.4,100.0,100.0,100.0,100.0,100.0,100.0,96.9,97.5,,,,,,,6.5,3.8,0.0,3.6,0.0,0.0,0.0,0.0,0.0,0.0,3.1,2.5,,,,,,
2025,Nordeste,PB,2515807,Serra Redonda,Total,Pública,0.0,0.0,0.0,0.0,0.0,2.1,3.8,1.1,0.0,1.9,0.0,1.0,9.2,0.0,0.0,,,4.1,100.0,100.0,94.0,98.8,90.0,81.6,79.4,91.9,100.0,87.1,96.3,91.6,84.6,98.0,100.0,,,92.5,0.0,0.0,6.0,1.2,10.0,16.3,16.8,7.0,0.0,11.0,3.7,7.4,6.2,2.0,0.0,,,3.4
2025,Nordeste,PB,2515807,Serra Redonda,Urbana,Pública,0.0,0.0,0.0,0.0,0.0,2.7,4.6,1.4,0.0,2.4,0.0,1.4,9.2,0.0,0.0,,,4.1,100.0,100.0,100.0,100.0,90.3,78.4,78.4,93.3,100.0,86.5,96.9,90.6,84.6,98.0,100.0,,,92.5,0.0,0.0,0.0,0.0,9.7,18.9,17.0,5.3,0.0,11.1,3.1,8.0,6.2,2.0,0.0,,,3.4
2025,Nordeste,PB,2515807,Serra Redonda,Rural,Pública,0.0,0.0,0.0,0.0,0.0,0.0,0.0,0.0,0.0,0.0,0.0,0.0,,,,,,,100.0,100.0,86.4,97.4,89.3,91.7,84.2,81.8,100.0,89.4,95.6,93.8,,,,,,,0.0,0.0,13.6,2.6,10.7,8.3,15.8,18.2,0.0,10.6,4.4,6.2,,,,,,
2025,Nordeste,PB,2515906,Serraria,Total,Total,0.0,0.0,0.0,0.0,0.0,0.0,0.0,0.0,0.0,0.0,0.0,0.0,2.3,0.0,0.0,,,0.8,100.0,100.0,92.3,91.3,98.5,84.8,80.9,94.6,96.2,89.0,96.1,92.7,90.7,100.0,100.0,,,96.8,0.0,0.0,7.7,8.7,1.5,15.2,19.1,5.4,3.8,11.0,3.9,7.3,7.0,0.0,0.0,,,2.4
2025,Nordeste,PB,2515906,Serraria,Urbana,Total,0.0,0.0,0.0,0.0,0.0,0.0,0.0,0.0,0.0,0.0,0.0,0.0,2.3,0.0,0.0,,,0.8,100.0,100.0,89.4,92.9,100.0,84.2,75.5,94.7,96.2,88.5,96.4,92.5,90.7,100.0,100.0,,,96.8,0.0,0.0,10.6,7.1,0.0,15.8,24.5,5.3,3.8,11.5,3.6,7.5,7.0,0.0,0.0,,,2.4
2025,Nordeste,PB,2515906,Serraria,Rural,Total,0.0,0.0,0.0,0.0,0.0,0.0,0.0,0.0,,0.0,0.0,0.0,,,,,,,100.0,100.0,100.0,84.6,91.7,86.4,94.7,94.1,,91.4,95.2,93.3,,,,,,,0.0,0.0,0.0,15.4,8.3,13.6,5.3,5.9,,8.6,4.8,6.7,,,,,,
2025,Nordeste,PB,2515906,Serraria,Total,Estadual,,,,,,,,,0.0,0.0,,0.0,2.3,0.0,0.0,,,0.8,,,,,,,,,100.0,100.0,,100.0,90.7,100.0,100.0,,,96.8,,,,,,,,,0.0,0.0,,0.0,7.0,0.0,0.0,,,2.4
2025,Nordeste,PB,2515906,Serraria,Urbana,Estadual,,,,,,,,,0.0,0.0,,0.0,2.3,0.0,0.0,,,0.8,,,,,,,,,100.0,100.0,,100.0,90.7,100.0,100.0,,,96.8,,,,,,,,,0.0,0.0,,0.0,7.0,0.0,0.0,,,2.4
2025,Nordeste,PB,2515906,Serraria,Total,Municipal,0.0,0.0,0.0,0.0,0.0,0.0,0.0,0.0,0.0,0.0,0.0,0.0,,,,,,,100.0,100.0,92.3,91.3,98.5,84.8,80.9,94.6,92.0,87.9,96.1,92.3,,,,,,,0.0,0.0,7.7,8.7,1.5,15.2,19.1,5.4,8.0,12.1,3.9,7.7,,,,,,
2025,Nordeste,PB,2515906,Serraria,Urbana,Municipal,0.0,0.0,0.0,0.0,0.0,0.0,0.0,0.0,0.0,0.0,0.0,0.0,,,,,,,100.0,100.0,89.4,92.9,100.0,84.2,75.5,94.7,92.0,86.9,96.4,92.1,,,,,,,0.0,0.0,10.6,7.1,0.0,15.8,24.5,5.3,8.0,13.1,3.6,7.9,,,,,,
2025,Nordeste,PB,2515906,Serraria,Rural,Municipal,0.0,0.0,0.0,0.0,0.0,0.0,0.0,0.0,,0.0,0.0,0.0,,,,,,,100.0,100.0,100.0,84.6,91.7,86.4,94.7,94.1,,91.4,95.2,93.3,,,,,,,0.0,0.0,0.0,15.4,8.3,13.6,5.3,5.9,,8.6,4.8,6.7,,,,,,
2025,Nordeste,PB,2515906,Serraria,Total,Pública,0.0,0.0,0.0,0.0,0.0,0.0,0.0,0.0,0.0,0.0,0.0,0.0,2.3,0.0,0.0,,,0.8,100.0,100.0,92.3,91.3,98.5,84.8,80.9,94.6,96.2,89.0,96.1,92.7,90.7,100.0,100.0,,,96.8,0.0,0.0,7.7,8.7,1.5,15.2,19.1,5.4,3.8,11.0,3.9,7.3,7.0,0.0,0.0,,,2.4
2025,Nordeste,PB,2515906,Serraria,Urbana,Pública,0.0,0.0,0.0,0.0,0.0,0.0,0.0,0.0,0.0,0.0,0.0,0.0,2.3,0.0,0.0,,,0.8,100.0,100.0,89.4,92.9,100.0,84.2,75.5,94.7,96.2,88.5,96.4,92.5,90.7,100.0,100.0,,,96.8,0.0,0.0,10.6,7.1,0.0,15.8,24.5,5.3,3.8,11.5,3.6,7.5,7.0,0.0,0.0,,,2.4
2025,Nordeste,PB,2515906,Serraria,Rural,Pública,0.0,0.0,0.0,0.0,0.0,0.0,0.0,0.0,,0.0,0.0,0.0,,,,,,,100.0,100.0,100.0,84.6,91.7,86.4,94.7,94.1,,91.4,95.2,93.3,,,,,,,0.0,0.0,0.0,15.4,8.3,13.6,5.3,5.9,,8.6,4.8,6.7,,,,,,
2025,Nordeste,PB,2515930,Sertãozinho,Total,Total,0.0,0.0,0.0,0.0,0.0,0.0,1.7,0.0,1.1,0.8,0.0,0.4,0.0,0.0,0.0,,,0.0,100.0,100.0,100.0,100.0,94.9,97.8,93.9,97.8,98.9,96.9,99.0,97.9,97.2,100.0,100.0,,,99.0,0.0,0.0,0.0,0.0,5.1,2.2,4.4,2.2,0.0,2.3,1.0,1.7,2.8,0.0,0.0,,,1.0
2025,Nordeste,PB,2515930,Sertãozinho,Urbana,Total,0.0,0.0,0.0,0.0,0.0,0.0,1.7,0.0,1.1,0.8,0.0,0.4,0.0,0.0,0.0,,,0.0,100.0,100.0,100.0,100.0,93.7,97.8,93.9,97.8,98.9,96.9,98.7,97.7,97.2,100.0,100.0,,,99.0,0.0,0.0,0.0,0.0,6.3,2.2,4.4,2.2,0.0,2.3,1.3,1.9,2.8,0.0,0.0,,,1.0
2025,Nordeste,PB,2515930,Sertãozinho,Rural,Total,0.0,0.0,0.0,0.0,0.0,,,,,,0.0,0.0,,,,,,,100.0,100.0,100.0,100.0,100.0,,,,,,100.0,100.0,,,,,,,0.0,0.0,0.0,0.0,0.0,,,,,,0.0,0.0,,,,,,
2025,Nordeste,PB,2515930,Sertãozinho,Total,Estadual,,,,,,0.0,11.1,0.0,0.0,2.5,,2.5,0.0,0.0,0.0,,,0.0,,,,,,100.0,88.9,87.5,100.0,95.0,,95.0,97.2,100.0,100.0,,,99.0,,,,,,0.0,0.0,12.5,0.0,2.5,,2.5,2.8,0.0,0.0,,,1.0
2025,Nordeste,PB,2515930,Sertãozinho,Urbana,Estadual,,,,,,0.0,11.1,0.0,0.0,2.5,,2.5,0.0,0.0,0.0,,,0.0,,,,,,100.0,88.9,87.5,100.0,95.0,,95.0,97.2,100.0,100.0,,,99.0,,,,,,0.0,0.0,12.5,0.0,2.5,,2.5,2.8,0.0,0.0,,,1.0
2025,Nordeste,PB,2515930,Sertãozinho,Total,Municipal,0.0,0.0,0.0,0.0,0.0,0.0,0.9,0.0,1.4,0.6,0.0,0.3,,,,,,,100.0,100.0,100.0,100.0,94.9,97.7,94.3,98.8,98.6,97.1,99.0,98.1,,,,,,,0.0,0.0,0.0,0.0,5.1,2.3,4.8,1.2,0.0,2.3,1.0,1.6,,,,,,
2025,Nordeste,PB,2515930,Sertãozinho,Urbana,Municipal,0.0,0.0,0.0,0.0,0.0,0.0,0.9,0.0,1.4,0.6,0.0,0.4,,,,,,,100.0,100.0,100.0,100.0,93.7,97.7,94.3,98.8,98.6,97.1,98.7,97.8,,,,,,,0.0,0.0,0.0,0.0,6.3,2.3,4.8,1.2,0.0,2.3,1.3,1.8,,,,,,
2025,Nordeste,PB,2515930,Sertãozinho,Rural,Municipal,0.0,0.0,0.0,0.0,0.0,,,,,,0.0,0.0,,,,,,,100.0,100.0,100.0,100.0,100.0,,,,,,100.0,100.0,,,,,,,0.0,0.0,0.0,0.0,0.0,,,,,,0.0,0.0,,,,,,
2025,Nordeste,PB,2515930,Sertãozinho,Total,Pública,0.0,0.0,0.0,0.0,0.0,0.0,1.7,0.0,1.1,0.8,0.0,0.4,0.0,0.0,0.0,,,0.0,100.0,100.0,100.0,100.0,94.9,97.8,93.9,97.8,98.9,96.9,99.0,97.9,97.2,100.0,100.0,,,99.0,0.0,0.0,0.0,0.0,5.1,2.2,4.4,2.2,0.0,2.3,1.0,1.7,2.8,0.0,0.0,,,1.0
2025,Nordeste,PB,2515930,Sertãozinho,Urbana,Pública,0.0,0.0,0.0,0.0,0.0,0.0,1.7,0.0,1.1,0.8,0.0,0.4,0.0,0.0,0.0,,,0.0,100.0,100.0,100.0,100.0,93.7,97.8,93.9,97.8,98.9,96.9,98.7,97.7,97.2,100.0,100.0,,,99.0,0.0,0.0,0.0,0.0,6.3,2.2,4.4,2.2,0.0,2.3,1.3,1.9,2.8,0.0,0.0,,,1.0
2025,Nordeste,PB,2515930,Sertãozinho,Rural,Pública,0.0,0.0,0.0,0.0,0.0,,,,,,0.0,0.0,,,,,,,100.0,100.0,100.0,100.0,100.0,,,,,,100.0,100.0,,,,,,,0.0,0.0,0.0,0.0,0.0,,,,,,0.0,0.0,,,,,,
2025,Nordeste,PB,2515971,Sobrado,Total,Total,0.0,0.0,0.0,0.0,0.7,1.2,1.7,0.6,0.9,1.1,0.2,0.6,9.6,6.5,12.0,,,9.6,100.0,100.0,97.3,97.4,97.8,82.9,87.1,97.4,95.7,90.5,98.4,94.5,83.7,93.5,87.1,,,87.5,0.0,0.0,2.7,2.6,1.5,15.9,11.2,2.0,3.4,8.4,1.4,4.9,6.7,0.0,0.9,,,2.9
2025,Nordeste,PB,2515971,Sobrado,Urbana,Total,0.0,0.0,0.0,0.0,0.0,1.7,2.3,0.9,1.1,1.4,0.0,1.2,9.6,6.5,12.0,,,9.6,100.0,100.0,100.0,100.0,100.0,81.8,85.2,97.4,95.6,89.9,100.0,92.0,83.7,93.5,87.1,,,87.5,0.0,0.0,0.0,0.0,0.0,16.5,12.5,1.7,3.3,8.7,0.0,6.8,6.7,0.0,0.9,,,2.9
2025,Nordeste,PB,2515971,Sobrado,Rural,Total,0.0,0.0,0.0,0.0,1.0,0.0,0.0,0.0,0.0,0.0,0.2,0.2,,,,,,,100.0,100.0,96.6,96.8,97.1,86.0,92.9,97.3,96.2,92.5,98.0,96.7,,,,,,,0.0,0.0,3.4,3.2,1.9,14.0,7.1,2.7,3.8,7.5,1.8,3.1,,,,,,
2025,Nordeste,PB,2515971,Sobrado,Total,Estadual,,,,,,,,,,,,,9.6,6.5,12.0,,,9.6,,,,,,,,,,,,,83.7,93.5,87.1,,,87.5,,,,,,,,,,,,,6.7,0.0,0.9,,,2.9
2025,Nordeste,PB,2515971,Sobrado,Urbana,Estadual,,,,,,,,,,,,,9.6,6.5,12.0,,,9.6,,,,,,,,,,,,,83.7,93.5,87.1,,,87.5,,,,,,,,,,,,,6.7,0.0,0.9,,,2.9
2025,Nordeste,PB,2515971,Sobrado,Total,Municipal,0.0,0.0,0.0,0.0,0.7,1.2,1.7,0.6,0.9,1.1,0.2,0.6,,,,,,,100.0,100.0,97.3,97.4,97.8,82.9,87.1,97.4,95.7,90.5,98.4,94.5,,,,,,,0.0,0.0,2.7,2.6,1.5,15.9,11.2,2.0,3.4,8.4,1.4,4.9,,,,,,
2025,Nordeste,PB,2515971,Sobrado,Urbana,Municipal,0.0,0.0,0.0,0.0,0.0,1.7,2.3,0.9,1.1,1.4,0.0,1.2,,,,,,,100.0,100.0,100.0,100.0,100.0,81.8,85.2,97.4,95.6,89.9,100.0,92.0,,,,,,,0.0,0.0,0.0,0.0,0.0,16.5,12.5,1.7,3.3,8.7,0.0,6.8,,,,,,
2025,Nordeste,PB,2515971,Sobrado,Rural,Municipal,0.0,0.0,0.0,0.0,1.0,0.0,0.0,0.0,0.0,0.0,0.2,0.2,,,,,,,100.0,100.0,96.6,96.8,97.1,86.0,92.9,97.3,96.2,92.5,98.0,96.7,,,,,,,0.0,0.0,3.4,3.2,1.9,14.0,7.1,2.7,3.8,7.5,1.8,3.1,,,,,,
2025,Nordeste,PB,2515971,Sobrado,Total,Pública,0.0,0.0,0.0,0.0,0.7,1.2,1.7,0.6,0.9,1.1,0.2,0.6,9.6,6.5,12.0,,,9.6,100.0,100.0,97.3,97.4,97.8,82.9,87.1,97.4,95.7,90.5,98.4,94.5,83.7,93.5,87.1,,,87.5,0.0,0.0,2.7,2.6,1.5,15.9,11.2,2.0,3.4,8.4,1.4,4.9,6.7,0.0,0.9,,,2.9
2025,Nordeste,PB,2515971,Sobrado,Urbana,Pública,0.0,0.0,0.0,0.0,0.0,1.7,2.3,0.9,1.1,1.4,0.0,1.2,9.6,6.5,12.0,,,9.6,100.0,100.0,100.0,100.0,100.0,81.8,85.2,97.4,95.6,89.9,100.0,92.0,83.7,93.5,87.1,,,87.5,0.0,0.0,0.0,0.0,0.0,16.5,12.5,1.7,3.3,8.7,0.0,6.8,6.7,0.0,0.9,,,2.9
2025,Nordeste,PB,2515971,Sobrado,Rural,Pública,0.0,0.0,0.0,0.0,1.0,0.0,0.0,0.0,0.0,0.0,0.2,0.2,,,,,,,100.0,100.0,96.6,96.8,97.1,86.0,92.9,97.3,96.2,92.5,98.0,96.7,,,,,,,0.0,0.0,3.4,3.2,1.9,14.0,7.1,2.7,3.8,7.5,1.8,3.1,,,,,,
2025,Nordeste,PB,2516003,Solânea,Total,Total,0.0,0.3,0.0,0.0,0.0,3.4,6.6,4.0,2.3,4.1,0.1,1.9,6.5,6.2,0.4,,,4.6,98.1,99.7,98.8,99.0,98.4,89.9,84.7,92.6,96.5,90.7,98.8,95.2,92.3,93.1,98.8,,,94.5,1.9,0.0,1.2,1.0,1.6,6.7,8.7,3.4,1.2,5.2,1.1,2.9,1.2,0.7,0.8,,,0.9
2025,Nordeste,PB,2516003,Solânea,Urbana,Total,0.0,0.3,0.0,0.0,0.0,3.4,7.0,4.1,2.4,4.3,0.1,2.2,6.5,6.2,0.4,,,4.6,97.5,99.7,99.2,99.0,99.3,89.9,84.2,92.3,96.4,90.5,98.9,94.7,92.3,93.1,98.8,,,94.5,2.5,0.0,0.8,1.0,0.7,6.7,8.8,3.6,1.2,5.2,1.0,3.1,1.2,0.7,0.8,,,0.9
2025,Nordeste,PB,2516003,Solânea,Rural,Total,0.0,0.0,0.0,0.0,0.0,0.0,0.0,0.0,0.0,0.0,0.0,0.0,,,,,,,100.0,100.0,97.6,98.8,95.8,92.3,94.1,100.0,100.0,96.3,98.4,98.1,,,,,,,0.0,0.0,2.4,1.2,4.2,7.7,5.9,0.0,0.0,3.7,1.6,1.9,,,,,,
2025,Nordeste,PB,2516003,Solânea,Total,Estadual,,,,,,3.8,5.2,6.1,3.9,4.6,,4.6,6.8,6.9,0.4,,,4.9,,,,,,94.6,90.7,92.1,94.4,93.3,,93.3,91.9,92.4,98.7,,,94.1,,,,,,1.6,4.1,1.8,1.7,2.1,,2.1,1.3,0.7,0.9,,,1.0
2025,Nordeste,PB,2516003,Solânea,Urbana,Estadual,,,,,,3.8,5.2,6.1,3.9,4.6,,4.6,6.8,6.9,0.4,,,4.9,,,,,,94.6,90.7,92.1,94.4,93.3,,93.3,91.9,92.4,98.7,,,94.1,,,,,,1.6,4.1,1.8,1.7,2.1,,2.1,1.3,0.7,0.9,,,1.0
2025,Nordeste,PB,2516003,Solânea,Total,Municipal,0.0,0.0,0.0,0.0,0.0,3.2,8.5,3.1,0.0,4.2,0.0,1.5,,,,,,,99.6,100.0,98.5,98.7,98.1,85.9,79.8,91.7,99.3,87.7,99.0,95.0,,,,,,,0.4,0.0,1.5,1.3,1.9,10.9,11.7,5.2,0.7,8.1,1.0,3.5,,,,,,
2025,Nordeste,PB,2516003,Solânea,Urbana,Municipal,0.0,0.0,0.0,0.0,0.0,3.4,9.1,3.3,0.0,4.6,0.0,1.9,,,,,,,99.5,100.0,98.9,98.6,99.1,85.5,78.8,91.1,99.2,87.0,99.2,94.1,,,,,,,0.5,0.0,1.1,1.4,0.9,11.1,12.1,5.6,0.8,8.4,0.8,4.0,,,,,,
2025,Nordeste,PB,2516003,Solânea,Rural,Municipal,0.0,0.0,0.0,0.0,0.0,0.0,0.0,0.0,0.0,0.0,0.0,0.0,,,,,,,100.0,100.0,97.6,98.8,95.8,92.3,94.1,100.0,100.0,96.3,98.4,98.1,,,,,,,0.0,0.0,2.4,1.2,4.2,7.7,5.9,0.0,0.0,3.7,1.6,1.9,,,,,,
2025,Nordeste,PB,2516003,Solânea,Total,Privada,0.0,1.1,0.0,0.0,0.0,2.6,0.0,2.3,3.8,2.0,0.2,0.7,3.7,0.0,0.0,,,1.3,92.7,98.9,100.0,100.0,100.0,97.4,97.8,97.7,96.2,97.4,98.2,98.0,96.3,100.0,100.0,,,98.7,7.3,0.0,0.0,0.0,0.0,0.0,2.2,0.0,0.0,0.6,1.6,1.3,0.0,0.0,0.0,,,0.0
2025,Nordeste,PB,2516003,Solânea,Urbana,Privada,0.0,1.1,0.0,0.0,0.0,2.6,0.0,2.3,3.8,2.0,0.2,0.7,3.7,0.0,0.0,,,1.3,92.7,98.9,100.0,100.0,100.0,97.4,97.8,97.7,96.2,97.4,98.2,98.0,96.3,100.0,100.0,,,98.7,7.3,0.0,0.0,0.0,0.0,0.0,2.2,0.0,0.0,0.6,1.6,1.3,0.0,0.0,0.0,,,0.0
2025,Nordeste,PB,2516003,Solânea,Total,Pública,0.0,0.0,0.0,0.0,0.0,3.5,7.5,4.3,2.2,4.4,0.0,2.1,6.8,6.9,0.4,,,4.9,99.6,100.0,98.5,98.7,98.1,89.1,82.9,91.8,96.5,89.9,99.0,94.7,91.9,92.4,98.7,,,94.1,0.4,0.0,1.5,1.3,1.9,7.4,9.6,3.9,1.3,5.7,1.0,3.2,1.3,0.7,0.9,,,1.0
2025,Nordeste,PB,2516003,Solânea,Urbana,Pública,0.0,0.0,0.0,0.0,0.0,3.6,7.9,4.4,2.3,4.6,0.0,2.6,6.8,6.9,0.4,,,4.9,99.5,100.0,98.9,98.6,99.1,89.0,82.3,91.5,96.4,89.6,99.2,93.9,91.9,92.4,98.7,,,94.1,0.5,0.0,1.1,1.4,0.9,7.4,9.8,4.1,1.3,5.8,0.8,3.5,1.3,0.7,0.9,,,1.0
2025,Nordeste,PB,2516003,Solânea,Rural,Pública,0.0,0.0,0.0,0.0,0.0,0.0,0.0,0.0,0.0,0.0,0.0,0.0,,,,,,,100.0,100.0,97.6,98.8,95.8,92.3,94.1,100.0,100.0,96.3,98.4,98.1,,,,,,,0.0,0.0,2.4,1.2,4.2,7.7,5.9,0.0,0.0,3.7,1.6,1.9,,,,,,
2025,Nordeste,PB,2516102,Soledade,Total,Total,0.0,0.0,0.0,0.0,0.0,0.5,1.8,1.0,0.0,0.8,0.0,0.4,8.9,8.5,2.3,,,7.2,100.0,100.0,100.0,100.0,100.0,97.1,92.0,98.1,98.1,96.3,100.0,98.3,90.3,91.5,97.7,,,92.4,0.0,0.0,0.0,0.0,0.0,2.4,6.2,0.9,1.9,2.9,0.0,1.3,0.8,0.0,0.0,,,0.4
2025,Nordeste,PB,2516102,Soledade,Urbana,Total,0.0,0.0,0.0,0.0,0.0,0.5,1.8,1.0,0.0,0.8,0.0,0.4,8.9,8.5,2.3,,,7.2,100.0,100.0,100.0,100.0,100.0,97.1,92.0,98.1,98.1,96.3,100.0,98.2,90.3,91.5,97.7,,,92.4,0.0,0.0,0.0,0.0,0.0,2.4,6.2,0.9,1.9,2.9,0.0,1.4,0.8,0.0,0.0,,,0.4
2025,Nordeste,PB,2516102,Soledade,Rural,Total,0.0,0.0,0.0,0.0,0.0,,,,,,0.0,0.0,,,,,,,100.0,100.0,100.0,100.0,100.0,,,,,,100.0,100.0,,,,,,,0.0,0.0,0.0,0.0,0.0,,,,,,0.0,0.0,,,,,,
2025,Nordeste,PB,2516102,Soledade,Total,Estadual,,,,,,,,,,,,,8.9,8.5,2.3,,,7.2,,,,,,,,,,,,,90.3,91.5,97.7,,,92.4,,,,,,,,,,,,,0.8,0.0,0.0,,,0.4
2025,Nordeste,PB,2516102,Soledade,Urbana,Estadual,,,,,,,,,,,,,8.9,8.5,2.3,,,7.2,,,,,,,,,,,,,90.3,91.5,97.7,,,92.4,,,,,,,,,,,,,0.8,0.0,0.0,,,0.4
2025,Nordeste,PB,2516102,Soledade,Total,Municipal,0.0,0.0,0.0,0.0,0.0,0.5,1.8,1.0,0.0,0.8,0.0,0.4,,,,,,,100.0,100.0,100.0,100.0,100.0,97.1,91.9,98.1,99.0,96.5,100.0,98.3,,,,,,,0.0,0.0,0.0,0.0,0.0,2.4,6.3,0.9,1.0,2.7,0.0,1.3,,,,,,
2025,Nordeste,PB,2516102,Soledade,Urbana,Municipal,0.0,0.0,0.0,0.0,0.0,0.5,1.8,1.0,0.0,0.8,0.0,0.4,,,,,,,100.0,100.0,100.0,100.0,100.0,97.1,91.9,98.1,99.0,96.5,100.0,98.2,,,,,,,0.0,0.0,0.0,0.0,0.0,2.4,6.3,0.9,1.0,2.7,0.0,1.4,,,,,,
2025,Nordeste,PB,2516102,Soledade,Rural,Municipal,0.0,0.0,0.0,0.0,0.0,,,,,,0.0,0.0,,,,,,,100.0,100.0,100.0,100.0,100.0,,,,,,100.0,100.0,,,,,,,0.0,0.0,0.0,0.0,0.0,,,,,,0.0,0.0,,,,,,
2025,Nordeste,PB,2516102,Soledade,Total,Privada,0.0,0.0,0.0,0.0,0.0,0.0,0.0,0.0,0.0,0.0,0.0,0.0,,,,,,,100.0,100.0,100.0,100.0,100.0,100.0,100.0,100.0,50.0,81.8,100.0,96.3,,,,,,,0.0,0.0,0.0,0.0,0.0,0.0,0.0,0.0,50.0,18.2,0.0,3.7,,,,,,
2025,Nordeste,PB,2516102,Soledade,Urbana,Privada,0.0,0.0,0.0,0.0,0.0,0.0,0.0,0.0,0.0,0.0,0.0,0.0,,,,,,,100.0,100.0,100.0,100.0,100.0,100.0,100.0,100.0,50.0,81.8,100.0,96.3,,,,,,,0.0,0.0,0.0,0.0,0.0,0.0,0.0,0.0,50.0,18.2,0.0,3.7,,,,,,
2025,Nordeste,PB,2516102,Soledade,Total,Pública,0.0,0.0,0.0,0.0,0.0,0.5,1.8,1.0,0.0,0.8,0.0,0.4,8.9,8.5,2.3,,,7.2,100.0,100.0,100.0,100.0,100.0,97.1,91.9,98.1,99.0,96.5,100.0,98.3,90.3,91.5,97.7,,,92.4,0.0,0.0,0.0,0.0,0.0,2.4,6.3,0.9,1.0,2.7,0.0,1.3,0.8,0.0,0.0,,,0.4
2025,Nordeste,PB,2516102,Soledade,Urbana,Pública,0.0,0.0,0.0,0.0,0.0,0.5,1.8,1.0,0.0,0.8,0.0,0.4,8.9,8.5,2.3,,,7.2,100.0,100.0,100.0,100.0,100.0,97.1,91.9,98.1,99.0,96.5,100.0,98.2,90.3,91.5,97.7,,,92.4,0.0,0.0,0.0,0.0,0.0,2.4,6.3,0.9,1.0,2.7,0.0,1.4,0.8,0.0,0.0,,,0.4
2025,Nordeste,PB,2516102,Soledade,Rural,Pública,0.0,0.0,0.0,0.0,0.0,,,,,,0.0,0.0,,,,,,,100.0,100.0,100.0,100.0,100.0,,,,,,100.0,100.0,,,,,,,0.0,0.0,0.0,0.0,0.0,,,,,,0.0,0.0,,,,,,
2025,Nordeste,PB,2516151,Sossêgo,Total,Total,0.0,0.0,0.0,0.0,0.0,0.0,0.0,0.0,0.0,0.0,0.0,0.0,1.9,2.9,3.3,,,2.5,100.0,100.0,100.0,100.0,100.0,100.0,93.8,92.7,98.0,96.1,100.0,98.2,96.2,97.1,96.7,,,96.6,0.0,0.0,0.0,0.0,0.0,0.0,6.2,7.3,2.0,3.9,0.0,1.8,1.9,0.0,0.0,,,0.9
2025,Nordeste,PB,2516151,Sossêgo,Urbana,Total,0.0,0.0,0.0,0.0,0.0,0.0,0.0,0.0,0.0,0.0,0.0,0.0,1.9,2.9,3.3,,,2.5,100.0,100.0,100.0,100.0,100.0,100.0,93.8,92.7,98.0,96.1,100.0,98.1,96.2,97.1,96.7,,,96.6,0.0,0.0,0.0,0.0,0.0,0.0,6.2,7.3,2.0,3.9,0.0,1.9,1.9,0.0,0.0,,,0.9
2025,Nordeste,PB,2516151,Sossêgo,Rural,Total,0.0,0.0,0.0,0.0,0.0,,,,,,0.0,0.0,,,,,,,100.0,100.0,100.0,100.0,100.0,,,,,,100.0,100.0,,,,,,,0.0,0.0,0.0,0.0,0.0,,,,,,0.0,0.0,,,,,,
2025,Nordeste,PB,2516151,Sossêgo,Total,Estadual,,,,,,,,,,,,,1.9,2.9,3.3,,,2.5,,,,,,,,,,,,,96.2,97.1,96.7,,,96.6,,,,,,,,,,,,,1.9,0.0,0.0,,,0.9
2025,Nordeste,PB,2516151,Sossêgo,Urbana,Estadual,,,,,,,,,,,,,1.9,2.9,3.3,,,2.5,,,,,,,,,,,,,96.2,97.1,96.7,,,96.6,,,,,,,,,,,,,1.9,0.0,0.0,,,0.9
2025,Nordeste,PB,2516151,Sossêgo,Total,Municipal,0.0,0.0,0.0,0.0,0.0,0.0,0.0,0.0,0.0,0.0,0.0,0.0,,,,,,,100.0,100.0,100.0,100.0,100.0,100.0,93.8,92.7,98.0,96.1,100.0,98.2,,,,,,,0.0,0.0,0.0,0.0,0.0,0.0,6.2,7.3,2.0,3.9,0.0,1.8,,,,,,
2025,Nordeste,PB,2516151,Sossêgo,Urbana,Municipal,0.0,0.0,0.0,0.0,0.0,0.0,0.0,0.0,0.0,0.0,0.0,0.0,,,,,,,100.0,100.0,100.0,100.0,100.0,100.0,93.8,92.7,98.0,96.1,100.0,98.1,,,,,,,0.0,0.0,0.0,0.0,0.0,0.0,6.2,7.3,2.0,3.9,0.0,1.9,,,,,,
2025,Nordeste,PB,2516151,Sossêgo,Rural,Municipal,0.0,0.0,0.0,0.0,0.0,,,,,,0.0,0.0,,,,,,,100.0,100.0,100.0,100.0,100.0,,,,,,100.0,100.0,,,,,,,0.0,0.0,0.0,0.0,0.0,,,,,,0.0,0.0,,,,,,
2025,Nordeste,PB,2516151,Sossêgo,Total,Pública,0.0,0.0,0.0,0.0,0.0,0.0,0.0,0.0,0.0,0.0,0.0,0.0,1.9,2.9,3.3,,,2.5,100.0,100.0,100.0,100.0,100.0,100.0,93.8,92.7,98.0,96.1,100.0,98.2,96.2,97.1,96.7,,,96.6,0.0,0.0,0.0,0.0,0.0,0.0,6.2,7.3,2.0,3.9,0.0,1.8,1.9,0.0,0.0,,,0.9
2025,Nordeste,PB,2516151,Sossêgo,Urbana,Pública,0.0,0.0,0.0,0.0,0.0,0.0,0.0,0.0,0.0,0.0,0.0,0.0,1.9,2.9,3.3,,,2.5,100.0,100.0,100.0,100.0,100.0,100.0,93.8,92.7,98.0,96.1,100.0,98.1,96.2,97.1,96.7,,,96.6,0.0,0.0,0.0,0.0,0.0,0.0,6.2,7.3,2.0,3.9,0.0,1.9,1.9,0.0,0.0,,,0.9
2025,Nordeste,PB,2516151,Sossêgo,Rural,Pública,0.0,0.0,0.0,0.0,0.0,,,,,,0.0,0.0,,,,,,,100.0,100.0,100.0,100.0,100.0,,,,,,100.0,100.0,,,,,,,0.0,0.0,0.0,0.0,0.0,,,,,,0.0,0.0,,,,,,
2025,Nordeste,PB,2516201,Sousa,Total,Total,0.4,0.0,0.0,0.2,0.1,0.7,0.4,1.4,0.7,0.9,0.1,0.4,2.3,2.0,1.1,,,1.9,98.9,99.7,99.9,99.3,99.6,96.2,97.8,96.9,98.6,97.3,99.5,98.5,95.7,97.1,97.9,,,96.8,0.7,0.3,0.1,0.5,0.3,3.1,1.8,1.7,0.7,1.8,0.4,1.1,2.0,0.9,1.0,,,1.3
2025,Nordeste,PB,2516201,Sousa,Urbana,Total,0.2,0.0,0.0,0.2,0.1,0.8,0.5,1.4,0.8,0.8,0.1,0.4,2.2,1.7,1.1,,,1.7,98.9,99.6,99.9,99.2,99.5,95.9,97.5,96.7,98.6,97.2,99.4,98.4,95.7,97.3,97.8,,,96.9,0.9,0.4,0.1,0.6,0.4,3.3,2.0,1.9,0.6,2.0,0.5,1.2,2.1,1.0,1.1,,,1.4
2025,Nordeste,PB,2516201,Sousa,Rural,Total,0.8,0.0,0.0,0.0,0.0,0.0,0.0,1.8,0.0,0.4,0.2,0.2,3.5,5.6,0.0,,,3.2,99.2,100.0,100.0,100.0,100.0,98.4,100.0,98.2,98.4,98.7,99.8,99.4,95.4,94.4,100.0,,,96.3,0.0,0.0,0.0,0.0,0.0,1.6,0.0,0.0,1.6,0.9,0.0,0.4,1.1,0.0,0.0,,,0.5
2025,Nordeste,PB,2516201,Sousa,Total,Federal,,,,,,,,,,,,,0.9,0.0,5.6,,,2.1,,,,,,,,,,,,,93.5,94.9,86.0,,,91.5,,,,,,,,,,,,,5.6,5.1,8.4,,,6.4
2025,Nordeste,PB,2516201,Sousa,Urbana,Federal,,,,,,,,,,,,,0.9,0.0,5.6,,,2.1,,,,,,,,,,,,,93.5,94.9,86.0,,,91.5,,,,,,,,,,,,,5.6,5.1,8.4,,,6.4
2025,Nordeste,PB,2516201,Sousa,Total,Estadual,0.0,0.0,0.0,0.0,0.0,1.8,1.3,3.5,1.4,2.0,0.0,1.7,2.7,2.8,0.6,,,2.0,95.5,100.0,100.0,100.0,100.0,96.0,97.4,94.7,97.9,96.5,99.7,97.1,96.2,97.1,99.4,,,97.5,4.5,0.0,0.0,0.0,0.0,2.2,1.3,1.8,0.7,1.5,0.3,1.2,1.1,0.1,0.0,,,0.5
2025,Nordeste,PB,2516201,Sousa,Urbana,Estadual,0.0,0.0,0.0,0.0,0.0,2.7,1.7,3.6,1.8,2.4,0.0,2.0,2.6,2.4,0.7,,,1.9,87.5,100.0,100.0,100.0,100.0,95.1,96.6,94.1,97.9,96.0,99.6,96.7,96.3,97.4,99.3,,,97.6,12.5,0.0,0.0,0.0,0.0,2.2,1.7,2.3,0.3,1.6,0.4,1.3,1.1,0.2,0.0,,,0.5
2025,Nordeste,PB,2516201,Sousa,Rural,Estadual,0.0,0.0,0.0,0.0,0.0,0.0,0.0,2.7,0.0,0.6,0.0,0.5,3.5,5.6,0.0,,,3.2,100.0,100.0,100.0,100.0,100.0,98.1,100.0,97.3,97.9,98.3,100.0,98.6,95.4,94.4,100.0,,,96.3,0.0,0.0,0.0,0.0,0.0,1.9,0.0,0.0,2.1,1.1,0.0,0.9,1.1,0.0,0.0,,,0.5
2025,Nordeste,PB,2516201,Sousa,Total,Municipal,0.3,0.0,0.0,0.4,0.2,0.0,0.0,0.4,0.0,0.1,0.2,0.2,,,,,,,99.7,100.0,99.8,98.8,99.3,94.4,96.6,97.2,99.0,96.6,99.5,98.6,,,,,,,0.0,0.0,0.2,0.8,0.5,5.6,3.4,2.4,1.0,3.3,0.3,1.2,,,,,,
2025,Nordeste,PB,2516201,Sousa,Urbana,Municipal,0.2,0.0,0.0,0.4,0.2,0.0,0.0,0.4,0.0,0.1,0.1,0.1,,,,,,,99.8,100.0,99.8,98.5,99.2,94.1,96.3,96.9,98.8,96.3,99.5,98.4,,,,,,,0.0,0.0,0.2,1.1,0.6,5.9,3.7,2.7,1.2,3.6,0.4,1.5,,,,,,
2025,Nordeste,PB,2516201,Sousa,Rural,Municipal,0.9,0.0,0.0,0.0,0.0,0.0,0.0,0.0,0.0,0.0,0.2,0.1,,,,,,,99.1,100.0,100.0,100.0,100.0,100.0,100.0,100.0,100.0,100.0,99.8,99.9,,,,,,,0.0,0.0,0.0,0.0,0.0,0.0,0.0,0.0,0.0,0.0,0.0,0.0,,,,,,
2025,Nordeste,PB,2516201,Sousa,Total,Privada,0.3,0.0,0.0,0.0,0.0,0.0,0.0,0.0,0.0,0.0,0.1,0.0,1.4,0.0,0.0,,,0.5,97.6,99.0,100.0,100.0,100.0,99.6,100.0,99.6,99.5,99.7,99.2,99.4,94.4,98.3,100.0,,,97.6,2.1,1.0,0.0,0.0,0.0,0.4,0.0,0.4,0.5,0.3,0.7,0.6,4.2,1.7,0.0,,,1.9
2025,Nordeste,PB,2516201,Sousa,Urbana,Privada,0.3,0.0,0.0,0.0,0.0,0.0,0.0,0.0,0.0,0.0,0.1,0.0,1.4,0.0,0.0,,,0.5,97.6,99.0,100.0,100.0,100.0,99.6,100.0,99.6,99.5,99.7,99.2,99.4,94.4,98.3,100.0,,,97.6,2.1,1.0,0.0,0.0,0.0,0.4,0.0,0.4,0.5,0.3,0.7,0.6,4.2,1.7,0.0,,,1.9
2025,Nordeste,PB,2516201,Sousa,Total,Pública,0.3,0.0,0.0,0.3,0.2,0.9,0.6,2.0,0.9,1.1,0.1,0.6,2.4,2.4,1.3,,,2.1,99.5,100.0,99.8,99.0,99.4,95.2,97.0,95.9,98.3,96.6,99.6,98.2,95.9,96.9,97.5,,,96.7,0.2,0.0,0.2,0.7,0.4,3.9,2.4,2.1,0.8,2.3,0.3,1.2,1.7,0.7,1.2,,,1.2
2025,Nordeste,PB,2516201,Sousa,Urbana,Pública,0.2,0.0,0.0,0.4,0.2,1.2,0.7,2.0,1.0,1.2,0.1,0.7,2.4,2.1,1.4,,,2.0,99.6,100.0,99.8,98.7,99.3,94.5,96.4,95.5,98.3,96.2,99.5,97.9,95.9,97.1,97.3,,,96.7,0.2,0.0,0.2,0.9,0.5,4.3,2.9,2.5,0.7,2.6,0.4,1.4,1.7,0.8,1.3,,,1.3
2025,Nordeste,PB,2516201,Sousa,Rural,Pública,0.8,0.0,0.0,0.0,0.0,0.0,0.0,1.8,0.0,0.4,0.2,0.2,3.5,5.6,0.0,,,3.2,99.2,100.0,100.0,100.0,100.0,98.4,100.0,98.2,98.4,98.7,99.8,99.4,95.4,94.4,100.0,,,96.3,0.0,0.0,0.0,0.0,0.0,1.6,0.0,0.0,1.6,0.9,0.0,0.4,1.1,0.0,0.0,,,0.5
2025,Nordeste,PB,2516300,Sumé,Total,Total,0.0,0.0,0.0,0.0,0.0,0.0,0.0,0.0,0.0,0.0,0.0,0.0,1.0,0.0,0.9,,,0.7,100.0,100.0,100.0,100.0,100.0,100.0,99.6,100.0,99.5,99.8,100.0,99.9,91.2,98.4,98.2,,,95.0,0.0,0.0,0.0,0.0,0.0,0.0,0.4,0.0,0.5,0.2,0.0,0.1,7.8,1.6,0.9,,,4.3
2025,Nordeste,PB,2516300,Sumé,Urbana,Total,0.0,0.0,0.0,0.0,0.0,0.0,0.0,0.0,0.0,0.0,0.0,0.0,1.0,0.0,0.9,,,0.7,100.0,100.0,100.0,100.0,100.0,100.0,99.6,100.0,99.4,99.8,100.0,99.9,91.2,98.4,98.2,,,95.0,0.0,0.0,0.0,0.0,0.0,0.0,0.4,0.0,0.6,0.2,0.0,0.1,7.8,1.6,0.9,,,4.3
2025,Nordeste,PB,2516300,Sumé,Rural,Total,0.0,0.0,0.0,0.0,0.0,0.0,0.0,0.0,0.0,0.0,0.0,0.0,,,,,,,100.0,100.0,100.0,100.0,100.0,100.0,100.0,100.0,100.0,100.0,100.0,100.0,,,,,,,0.0,0.0,0.0,0.0,0.0,0.0,0.0,0.0,0.0,0.0,0.0,0.0,,,,,,
2025,Nordeste,PB,2516300,Sumé,Total,Estadual,,,,,,,,,,,,,1.2,0.0,1.1,,,0.9,,,,,,,,,,,,,89.9,98.0,97.9,,,94.2,,,,,,,,,,,,,8.9,2.0,1.0,,,4.9
2025,Nordeste,PB,2516300,Sumé,Urbana,Estadual,,,,,,,,,,,,,1.2,0.0,1.1,,,0.9,,,,,,,,,,,,,89.9,98.0,97.9,,,94.2,,,,,,,,,,,,,8.9,2.0,1.0,,,4.9
2025,Nordeste,PB,2516300,Sumé,Total,Municipal,0.0,0.0,0.0,0.0,0.0,0.0,0.0,0.0,0.0,0.0,0.0,0.0,,,,,,,100.0,100.0,100.0,100.0,100.0,100.0,100.0,100.0,100.0,100.0,100.0,100.0,,,,,,,0.0,0.0,0.0,0.0,0.0,0.0,0.0,0.0,0.0,0.0,0.0,0.0,,,,,,
2025,Nordeste,PB,2516300,Sumé,Urbana,Municipal,0.0,0.0,0.0,0.0,0.0,0.0,0.0,0.0,0.0,0.0,0.0,0.0,,,,,,,100.0,100.0,100.0,100.0,100.0,100.0,100.0,100.0,100.0,100.0,100.0,100.0,,,,,,,0.0,0.0,0.0,0.0,0.0,0.0,0.0,0.0,0.0,0.0,0.0,0.0,,,,,,
2025,Nordeste,PB,2516300,Sumé,Rural,Municipal,0.0,0.0,0.0,0.0,0.0,0.0,0.0,0.0,0.0,0.0,0.0,0.0,,,,,,,100.0,100.0,100.0,100.0,100.0,100.0,100.0,100.0,100.0,100.0,100.0,100.0,,,,,,,0.0,0.0,0.0,0.0,0.0,0.0,0.0,0.0,0.0,0.0,0.0,0.0,,,,,,
2025,Nordeste,PB,2516300,Sumé,Total,Privada,0.0,0.0,0.0,0.0,0.0,0.0,0.0,0.0,0.0,0.0,0.0,0.0,0.0,0.0,0.0,,,0.0,100.0,100.0,100.0,100.0,100.0,100.0,97.7,100.0,97.7,98.8,100.0,99.5,97.2,100.0,100.0,,,98.8,0.0,0.0,0.0,0.0,0.0,0.0,2.3,0.0,2.3,1.2,0.0,0.5,2.8,0.0,0.0,,,1.2
2025,Nordeste,PB,2516300,Sumé,Urbana,Privada,0.0,0.0,0.0,0.0,0.0,0.0,0.0,0.0,0.0,0.0,0.0,0.0,0.0,0.0,0.0,,,0.0,100.0,100.0,100.0,100.0,100.0,100.0,97.7,100.0,97.7,98.8,100.0,99.5,97.2,100.0,100.0,,,98.8,0.0,0.0,0.0,0.0,0.0,0.0,2.3,0.0,2.3,1.2,0.0,0.5,2.8,0.0,0.0,,,1.2
2025,Nordeste,PB,2516300,Sumé,Total,Pública,0.0,0.0,0.0,0.0,0.0,0.0,0.0,0.0,0.0,0.0,0.0,0.0,1.2,0.0,1.1,,,0.9,100.0,100.0,100.0,100.0,100.0,100.0,100.0,100.0,100.0,100.0,100.0,100.0,89.9,98.0,97.9,,,94.2,0.0,0.0,0.0,0.0,0.0,0.0,0.0,0.0,0.0,0.0,0.0,0.0,8.9,2.0,1.0,,,4.9
2025,Nordeste,PB,2516300,Sumé,Urbana,Pública,0.0,0.0,0.0,0.0,0.0,0.0,0.0,0.0,0.0,0.0,0.0,0.0,1.2,0.0,1.1,,,0.9,100.0,100.0,100.0,100.0,100.0,100.0,100.0,100.0,100.0,100.0,100.0,100.0,89.9,98.0,97.9,,,94.2,0.0,0.0,0.0,0.0,0.0,0.0,0.0,0.0,0.0,0.0,0.0,0.0,8.9,2.0,1.0,,,4.9
2025,Nordeste,PB,2516300,Sumé,Rural,Pública,0.0,0.0,0.0,0.0,0.0,0.0,0.0,0.0,0.0,0.0,0.0,0.0,,,,,,,100.0,100.0,100.0,100.0,100.0,100.0,100.0,100.0,100.0,100.0,100.0,100.0,,,,,,,0.0,0.0,0.0,0.0,0.0,0.0,0.0,0.0,0.0,0.0,0.0,0.0,,,,,,
2025,Nordeste,PB,2516409,Tacima,Total,Total,0.0,1.3,0.0,0.0,0.0,1.0,3.2,2.9,0.0,1.8,0.3,1.0,12.2,1.1,0.0,,,4.8,100.0,98.7,100.0,98.7,97.8,94.7,94.7,97.1,100.0,96.6,99.0,97.8,86.7,98.9,100.0,,,94.8,0.0,0.0,0.0,1.3,2.2,4.3,2.1,0.0,0.0,1.6,0.7,1.2,1.1,0.0,0.0,,,0.4
2025,Nordeste,PB,2516409,Tacima,Urbana,Total,0.0,2.5,0.0,0.0,0.0,0.0,2.9,4.4,0.0,2.0,0.4,1.3,12.2,1.1,0.0,,,4.8,100.0,97.5,100.0,97.2,100.0,100.0,97.1,95.6,100.0,98.0,99.1,98.5,86.7,98.9,100.0,,,94.8,0.0,0.0,0.0,2.8,0.0,0.0,0.0,0.0,0.0,0.0,0.5,0.2,1.1,0.0,0.0,,,0.4
2025,Nordeste,PB,2516409,Tacima,Rural,Total,0.0,0.0,0.0,0.0,0.0,2.9,4.2,0.0,0.0,1.5,0.0,0.6,,,,,,,100.0,100.0,100.0,100.0,95.0,85.3,87.5,100.0,100.0,93.9,98.9,96.9,,,,,,,0.0,0.0,0.0,0.0,5.0,11.8,8.3,0.0,0.0,4.6,1.1,2.5,,,,,,
2025,Nordeste,PB,2516409,Tacima,Total,Estadual,,,,,,,12.5,6.2,0.0,6.2,,6.2,12.2,1.1,0.0,,,4.8,,,,,,,87.5,93.8,100.0,93.8,,93.8,86.7,98.9,100.0,,,94.8,,,,,,,0.0,0.0,0.0,0.0,,0.0,1.1,0.0,0.0,,,0.4
2025,Nordeste,PB,2516409,Tacima,Urbana,Estadual,,,,,,,12.5,6.2,0.0,6.2,,6.2,12.2,1.1,0.0,,,4.8,,,,,,,87.5,93.8,100.0,93.8,,93.8,86.7,98.9,100.0,,,94.8,,,,,,,0.0,0.0,0.0,0.0,,0.0,1.1,0.0,0.0,,,0.4
2025,Nordeste,PB,2516409,Tacima,Total,Municipal,0.0,1.3,0.0,0.0,0.0,1.0,1.2,1.4,0.0,1.0,0.3,0.5,,,,,,,100.0,98.7,100.0,98.7,97.8,94.7,96.2,98.6,100.0,97.1,99.0,98.2,,,,,,,0.0,0.0,0.0,1.3,2.2,4.3,2.6,0.0,0.0,1.9,0.7,1.3,,,,,,
2025,Nordeste,PB,2516409,Tacima,Urbana,Municipal,0.0,2.5,0.0,0.0,0.0,0.0,0.0,2.8,0.0,0.5,0.4,0.5,,,,,,,100.0,97.5,100.0,97.2,100.0,100.0,100.0,97.2,100.0,99.5,99.1,99.2,,,,,,,0.0,0.0,0.0,2.8,0.0,0.0,0.0,0.0,0.0,0.0,0.5,0.3,,,,,,
2025,Nordeste,PB,2516409,Tacima,Rural,Municipal,0.0,0.0,0.0,0.0,0.0,2.9,4.2,0.0,0.0,1.5,0.0,0.6,,,,,,,100.0,100.0,100.0,100.0,95.0,85.3,87.5,100.0,100.0,93.9,98.9,96.9,,,,,,,0.0,0.0,0.0,0.0,5.0,11.8,8.3,0.0,0.0,4.6,1.1,2.5,,,,,,
2025,Nordeste,PB,2516409,Tacima,Total,Pública,0.0,1.3,0.0,0.0,0.0,1.0,3.2,2.9,0.0,1.8,0.3,1.0,12.2,1.1,0.0,,,4.8,100.0,98.7,100.0,98.7,97.8,94.7,94.7,97.1,100.0,96.6,99.0,97.8,86.7,98.9,100.0,,,94.8,0.0,0.0,0.0,1.3,2.2,4.3,2.1,0.0,0.0,1.6,0.7,1.2,1.1,0.0,0.0,,,0.4
2025,Nordeste,PB,2516409,Tacima,Urbana,Pública,0.0,2.5,0.0,0.0,0.0,0.0,2.9,4.4,0.0,2.0,0.4,1.3,12.2,1.1,0.0,,,4.8,100.0,97.5,100.0,97.2,100.0,100.0,97.1,95.6,100.0,98.0,99.1,98.5,86.7,98.9,100.0,,,94.8,0.0,0.0,0.0,2.8,0.0,0.0,0.0,0.0,0.0,0.0,0.5,0.2,1.1,0.0,0.0,,,0.4
2025,Nordeste,PB,2516409,Tacima,Rural,Pública,0.0,0.0,0.0,0.0,0.0,2.9,4.2,0.0,0.0,1.5,0.0,0.6,,,,,,,100.0,100.0,100.0,100.0,95.0,85.3,87.5,100.0,100.0,93.9,98.9,96.9,,,,,,,0.0,0.0,0.0,0.0,5.0,11.8,8.3,0.0,0.0,4.6,1.1,2.5,,,,,,
2025,Nordeste,PB,2516508,Taperoá,Total,Total,0.4,0.0,0.9,0.0,0.0,0.9,2.6,2.8,2.1,2.1,0.3,1.0,10.5,2.6,1.7,,,5.8,99.6,100.0,99.1,100.0,100.0,95.3,91.9,92.9,96.3,94.0,99.7,97.3,85.0,96.8,98.3,,,92.1,0.0,0.0,0.0,0.0,0.0,3.8,5.5,4.3,1.6,3.9,0.0,1.7,4.5,0.6,0.0,,,2.1
2025,Nordeste,PB,2516508,Taperoá,Urbana,Total,0.0,0.0,1.1,0.0,0.0,0.9,2.6,2.8,2.1,2.1,0.2,1.2,10.5,2.6,1.7,,,5.8,100.0,100.0,98.9,100.0,100.0,95.3,91.9,92.9,96.3,94.0,99.8,97.0,85.0,96.8,98.3,,,92.1,0.0,0.0,0.0,0.0,0.0,3.8,5.5,4.3,1.6,3.9,0.0,1.8,4.5,0.6,0.0,,,2.1
2025,Nordeste,PB,2516508,Taperoá,Rural,Total,3.6,0.0,0.0,0.0,0.0,,,,,,0.6,0.6,,,,,,,96.4,100.0,100.0,100.0,100.0,,,,,,99.4,99.4,,,,,,,0.0,0.0,0.0,0.0,0.0,,,,,,0.0,0.0,,,,,,
2025,Nordeste,PB,2516508,Taperoá,Total,Estadual,,,,,,,,0.0,2.4,1.9,,1.9,10.5,2.6,1.7,,,5.8,,,,,,,,96.2,95.1,95.3,,95.3,85.0,96.8,98.3,,,92.1,,,,,,,,3.8,2.5,2.8,,2.8,4.5,0.6,0.0,,,2.1
2025,Nordeste,PB,2516508,Taperoá,Urbana,Estadual,,,,,,,,0.0,2.4,1.9,,1.9,10.5,2.6,1.7,,,5.8,,,,,,,,96.2,95.1,95.3,,95.3,85.0,96.8,98.3,,,92.1,,,,,,,,3.8,2.5,2.8,,2.8,4.5,0.6,0.0,,,2.1
2025,Nordeste,PB,2516508,Taperoá,Total,Municipal,0.6,0.0,1.0,0.0,0.0,1.2,2.8,3.6,2.3,2.5,0.3,1.2,,,,,,,99.4,100.0,99.0,100.0,100.0,94.2,91.1,91.6,96.6,92.8,99.7,96.8,,,,,,,0.0,0.0,0.0,0.0,0.0,4.6,6.1,4.8,1.1,4.7,0.0,2.0,,,,,,
2025,Nordeste,PB,2516508,Taperoá,Urbana,Municipal,0.0,0.0,1.2,0.0,0.0,1.2,2.8,3.6,2.3,2.5,0.3,1.3,,,,,,,100.0,100.0,98.8,100.0,100.0,94.2,91.1,91.6,96.6,92.8,99.7,96.5,,,,,,,0.0,0.0,0.0,0.0,0.0,4.6,6.1,4.8,1.1,4.7,0.0,2.2,,,,,,
2025,Nordeste,PB,2516508,Taperoá,Rural,Municipal,3.6,0.0,0.0,0.0,0.0,,,,,,0.6,0.6,,,,,,,96.4,100.0,100.0,100.0,100.0,,,,,,99.4,99.4,,,,,,,0.0,0.0,0.0,0.0,0.0,,,,,,0.0,0.0,,,,,,
2025,Nordeste,PB,2516508,Taperoá,Total,Privada,0.0,0.0,0.0,0.0,0.0,0.0,0.0,0.0,0.0,0.0,0.0,0.0,,,,,,,100.0,100.0,100.0,100.0,100.0,100.0,100.0,100.0,100.0,100.0,100.0,100.0,,,,,,,0.0,0.0,0.0,0.0,0.0,0.0,0.0,0.0,0.0,0.0,0.0,0.0,,,,,,
2025,Nordeste,PB,2516508,Taperoá,Urbana,Privada,0.0,0.0,0.0,0.0,0.0,0.0,0.0,0.0,0.0,0.0,0.0,0.0,,,,,,,100.0,100.0,100.0,100.0,100.0,100.0,100.0,100.0,100.0,100.0,100.0,100.0,,,,,,,0.0,0.0,0.0,0.0,0.0,0.0,0.0,0.0,0.0,0.0,0.0,0.0,,,,,,
2025,Nordeste,PB,2516508,Taperoá,Total,Pública,0.6,0.0,1.0,0.0,0.0,1.2,2.8,3.1,2.3,2.4,0.3,1.3,10.5,2.6,1.7,,,5.8,99.4,100.0,99.0,100.0,100.0,94.2,91.1,92.2,95.9,93.2,99.7,96.7,85.0,96.8,98.3,,,92.1,0.0,0.0,0.0,0.0,0.0,4.6,6.1,4.7,1.8,4.4,0.0,2.0,4.5,0.6,0.0,,,2.1
2025,Nordeste,PB,2516508,Taperoá,Urbana,Pública,0.0,0.0,1.2,0.0,0.0,1.2,2.8,3.1,2.3,2.4,0.3,1.3,10.5,2.6,1.7,,,5.8,100.0,100.0,98.8,100.0,100.0,94.2,91.1,92.2,95.9,93.2,99.7,96.4,85.0,96.8,98.3,,,92.1,0.0,0.0,0.0,0.0,0.0,4.6,6.1,4.7,1.8,4.4,0.0,2.3,4.5,0.6,0.0,,,2.1
2025,Nordeste,PB,2516508,Taperoá,Rural,Pública,3.6,0.0,0.0,0.0,0.0,,,,,,0.6,0.6,,,,,,,96.4,100.0,100.0,100.0,100.0,,,,,,99.4,99.4,,,,,,,0.0,0.0,0.0,0.0,0.0,,,,,,0.0,0.0,,,,,,
2025,Nordeste,PB,2516607,Tavares,Total,Total,0.0,0.0,0.0,0.0,0.0,0.0,0.0,0.0,0.0,0.0,0.0,0.0,0.0,0.0,0.0,,,0.0,100.0,100.0,100.0,100.0,100.0,100.0,100.0,100.0,100.0,100.0,100.0,100.0,100.0,100.0,100.0,,,100.0,0.0,0.0,0.0,0.0,0.0,0.0,0.0,0.0,0.0,0.0,0.0,0.0,0.0,0.0,0.0,,,0.0
2025,Nordeste,PB,2516607,Tavares,Urbana,Total,0.0,0.0,0.0,0.0,0.0,0.0,0.0,0.0,0.0,0.0,0.0,0.0,0.0,0.0,0.0,,,0.0,100.0,100.0,100.0,100.0,100.0,100.0,100.0,100.0,100.0,100.0,100.0,100.0,100.0,100.0,100.0,,,100.0,0.0,0.0,0.0,0.0,0.0,0.0,0.0,0.0,0.0,0.0,0.0,0.0,0.0,0.0,0.0,,,0.0
2025,Nordeste,PB,2516607,Tavares,Rural,Total,0.0,0.0,0.0,0.0,0.0,0.0,0.0,0.0,0.0,0.0,0.0,0.0,0.0,0.0,0.0,,,0.0,100.0,100.0,100.0,100.0,100.0,100.0,100.0,100.0,100.0,100.0,100.0,100.0,100.0,100.0,100.0,,,100.0,0.0,0.0,0.0,0.0,0.0,0.0,0.0,0.0,0.0,0.0,0.0,0.0,0.0,0.0,0.0,,,0.0
2025,Nordeste,PB,2516607,Tavares,Total,Estadual,,,,,,,,,,,,,0.0,0.0,0.0,,,0.0,,,,,,,,,,,,,100.0,100.0,100.0,,,100.0,,,,,,,,,,,,,0.0,0.0,0.0,,,0.0
2025,Nordeste,PB,2516607,Tavares,Urbana,Estadual,,,,,,,,,,,,,0.0,0.0,0.0,,,0.0,,,,,,,,,,,,,100.0,100.0,100.0,,,100.0,,,,,,,,,,,,,0.0,0.0,0.0,,,0.0
2025,Nordeste,PB,2516607,Tavares,Rural,Estadual,,,,,,,,,,,,,0.0,0.0,0.0,,,0.0,,,,,,,,,,,,,100.0,100.0,100.0,,,100.0,,,,,,,,,,,,,0.0,0.0,0.0,,,0.0
2025,Nordeste,PB,2516607,Tavares,Total,Municipal,0.0,0.0,0.0,0.0,0.0,0.0,0.0,0.0,0.0,0.0,0.0,0.0,,,,,,,100.0,100.0,100.0,100.0,100.0,100.0,100.0,100.0,100.0,100.0,100.0,100.0,,,,,,,0.0,0.0,0.0,0.0,0.0,0.0,0.0,0.0,0.0,0.0,0.0,0.0,,,,,,
2025,Nordeste,PB,2516607,Tavares,Urbana,Municipal,0.0,0.0,0.0,0.0,0.0,0.0,0.0,0.0,0.0,0.0,0.0,0.0,,,,,,,100.0,100.0,100.0,100.0,100.0,100.0,100.0,100.0,100.0,100.0,100.0,100.0,,,,,,,0.0,0.0,0.0,0.0,0.0,0.0,0.0,0.0,0.0,0.0,0.0,0.0,,,,,,
2025,Nordeste,PB,2516607,Tavares,Rural,Municipal,0.0,0.0,0.0,0.0,0.0,0.0,0.0,0.0,0.0,0.0,0.0,0.0,,,,,,,100.0,100.0,100.0,100.0,100.0,100.0,100.0,100.0,100.0,100.0,100.0,100.0,,,,,,,0.0,0.0,0.0,0.0,0.0,0.0,0.0,0.0,0.0,0.0,0.0,0.0,,,,,,
2025,Nordeste,PB,2516607,Tavares,Total,Pública,0.0,0.0,0.0,0.0,0.0,0.0,0.0,0.0,0.0,0.0,0.0,0.0,0.0,0.0,0.0,,,0.0,100.0,100.0,100.0,100.0,100.0,100.0,100.0,100.0,100.0,100.0,100.0,100.0,100.0,100.0,100.0,,,100.0,0.0,0.0,0.0,0.0,0.0,0.0,0.0,0.0,0.0,0.0,0.0,0.0,0.0,0.0,0.0,,,0.0
2025,Nordeste,PB,2516607,Tavares,Urbana,Pública,0.0,0.0,0.0,0.0,0.0,0.0,0.0,0.0,0.0,0.0,0.0,0.0,0.0,0.0,0.0,,,0.0,100.0,100.0,100.0,100.0,100.0,100.0,100.0,100.0,100.0,100.0,100.0,100.0,100.0,100.0,100.0,,,100.0,0.0,0.0,0.0,0.0,0.0,0.0,0.0,0.0,0.0,0.0,0.0,0.0,0.0,0.0,0.0,,,0.0
2025,Nordeste,PB,2516607,Tavares,Rural,Pública,0.0,0.0,0.0,0.0,0.0,0.0,0.0,0.0,0.0,0.0,0.0,0.0,0.0,0.0,0.0,,,0.0,100.0,100.0,100.0,100.0,100.0,100.0,100.0,100.0,100.0,100.0,100.0,100.0,100.0,100.0,100.0,,,100.0,0.0,0.0,0.0,0.0,0.0,0.0,0.0,0.0,0.0,0.0,0.0,0.0,0.0,0.0,0.0,,,0.0
2025,Nordeste,PB,2516706,Teixeira,Total,Total,0.0,0.0,0.0,0.0,0.0,0.0,0.0,0.4,0.0,0.1,0.0,0.0,7.5,3.6,0.8,,,4.5,100.0,100.0,100.0,100.0,100.0,98.7,98.3,97.7,98.9,98.4,100.0,99.3,86.0,92.8,99.2,,,91.6,0.0,0.0,0.0,0.0,0.0,1.3,1.7,1.9,1.1,1.5,0.0,0.7,6.5,3.6,0.0,,,3.9
2025,Nordeste,PB,2516706,Teixeira,Urbana,Total,0.0,0.0,0.0,0.0,0.0,0.0,0.0,0.4,0.0,0.1,0.0,0.0,7.5,3.6,0.8,,,4.5,100.0,100.0,100.0,100.0,100.0,98.7,98.3,97.7,98.9,98.4,100.0,99.2,86.0,92.8,99.2,,,91.6,0.0,0.0,0.0,0.0,0.0,1.3,1.7,1.9,1.1,1.5,0.0,0.8,6.5,3.6,0.0,,,3.9
2025,Nordeste,PB,2516706,Teixeira,Rural,Total,0.0,0.0,0.0,0.0,0.0,,,,,,0.0,0.0,,,,,,,100.0,100.0,100.0,100.0,100.0,,,,,,100.0,100.0,,,,,,,0.0,0.0,0.0,0.0,0.0,,,,,,0.0,0.0,,,,,,
2025,Nordeste,PB,2516706,Teixeira,Total,Estadual,,,,,,0.0,0.0,1.9,0.0,0.5,,0.5,8.5,4.2,1.0,,,5.2,,,,,,97.2,98.0,98.1,100.0,98.5,,98.5,85.7,91.7,99.0,,,90.9,,,,,,2.8,2.0,0.0,0.0,1.0,,1.0,5.8,4.1,0.0,,,3.9
2025,Nordeste,PB,2516706,Teixeira,Urbana,Estadual,,,,,,0.0,0.0,1.9,0.0,0.5,,0.5,8.5,4.2,1.0,,,5.2,,,,,,97.2,98.0,98.1,100.0,98.5,,98.5,85.7,91.7,99.0,,,90.9,,,,,,2.8,2.0,0.0,0.0,1.0,,1.0,5.8,4.1,0.0,,,3.9
2025,Nordeste,PB,2516706,Teixeira,Total,Municipal,0.0,0.0,0.0,0.0,0.0,0.0,0.0,0.0,0.0,0.0,0.0,0.0,,,,,,,100.0,100.0,100.0,100.0,100.0,98.7,97.7,96.8,98.2,97.9,100.0,99.2,,,,,,,0.0,0.0,0.0,0.0,0.0,1.3,2.3,3.2,1.8,2.1,0.0,0.8,,,,,,
2025,Nordeste,PB,2516706,Teixeira,Urbana,Municipal,0.0,0.0,0.0,0.0,0.0,0.0,0.0,0.0,0.0,0.0,0.0,0.0,,,,,,,100.0,100.0,100.0,100.0,100.0,98.7,97.7,96.8,98.2,97.9,100.0,99.1,,,,,,,0.0,0.0,0.0,0.0,0.0,1.3,2.3,3.2,1.8,2.1,0.0,0.9,,,,,,
2025,Nordeste,PB,2516706,Teixeira,Rural,Municipal,0.0,0.0,0.0,0.0,0.0,,,,,,0.0,0.0,,,,,,,100.0,100.0,100.0,100.0,100.0,,,,,,100.0,100.0,,,,,,,0.0,0.0,0.0,0.0,0.0,,,,,,0.0,0.0,,,,,,
2025,Nordeste,PB,2516706,Teixeira,Total,Privada,0.0,0.0,0.0,0.0,0.0,0.0,0.0,0.0,0.0,0.0,0.0,0.0,0.0,0.0,0.0,,,0.0,100.0,100.0,100.0,100.0,100.0,100.0,100.0,100.0,100.0,100.0,100.0,100.0,88.0,100.0,100.0,,,95.9,0.0,0.0,0.0,0.0,0.0,0.0,0.0,0.0,0.0,0.0,0.0,0.0,12.0,0.0,0.0,,,4.1
2025,Nordeste,PB,2516706,Teixeira,Urbana,Privada,0.0,0.0,0.0,0.0,0.0,0.0,0.0,0.0,0.0,0.0,0.0,0.0,0.0,0.0,0.0,,,0.0,100.0,100.0,100.0,100.0,100.0,100.0,100.0,100.0,100.0,100.0,100.0,100.0,88.0,100.0,100.0,,,95.9,0.0,0.0,0.0,0.0,0.0,0.0,0.0,0.0,0.0,0.0,0.0,0.0,12.0,0.0,0.0,,,4.1
2025,Nordeste,PB,2516706,Teixeira,Total,Pública,0.0,0.0,0.0,0.0,0.0,0.0,0.0,0.5,0.0,0.1,0.0,0.0,8.5,4.2,1.0,,,5.2,100.0,100.0,100.0,100.0,100.0,98.4,97.8,97.1,98.7,98.0,100.0,99.1,85.7,91.7,99.0,,,90.9,0.0,0.0,0.0,0.0,0.0,1.6,2.2,2.4,1.3,1.9,0.0,0.9,5.8,4.1,0.0,,,3.9
2025,Nordeste,PB,2516706,Teixeira,Urbana,Pública,0.0,0.0,0.0,0.0,0.0,0.0,0.0,0.5,0.0,0.1,0.0,0.0,8.5,4.2,1.0,,,5.2,100.0,100.0,100.0,100.0,100.0,98.4,97.8,97.1,98.7,98.0,100.0,99.0,85.7,91.7,99.0,,,90.9,0.0,0.0,0.0,0.0,0.0,1.6,2.2,2.4,1.3,1.9,0.0,1.0,5.8,4.1,0.0,,,3.9
2025,Nordeste,PB,2516706,Teixeira,Rural,Pública,0.0,0.0,0.0,0.0,0.0,,,,,,0.0,0.0,,,,,,,100.0,100.0,100.0,100.0,100.0,,,,,,100.0,100.0,,,,,,,0.0,0.0,0.0,0.0,0.0,,,,,,0.0,0.0,,,,,,
2025,Nordeste,PB,2516755,Tenório,Total,Total,0.0,0.0,0.0,0.0,0.0,0.0,0.0,0.0,0.0,0.0,0.0,0.0,2.0,0.0,0.0,,,0.9,100.0,100.0,97.6,100.0,98.2,84.7,100.0,98.2,100.0,94.3,99.1,96.7,94.0,100.0,100.0,,,97.3,0.0,0.0,2.4,0.0,1.8,15.3,0.0,1.8,0.0,5.7,0.9,3.3,4.0,0.0,0.0,,,1.8
2025,Nordeste,PB,2516755,Tenório,Urbana,Total,0.0,0.0,0.0,0.0,0.0,0.0,0.0,0.0,0.0,0.0,0.0,0.0,2.0,0.0,0.0,,,0.9,100.0,100.0,97.6,100.0,98.2,84.7,100.0,98.2,100.0,94.3,99.1,96.7,94.0,100.0,100.0,,,97.3,0.0,0.0,2.4,0.0,1.8,15.3,0.0,1.8,0.0,5.7,0.9,3.3,4.0,0.0,0.0,,,1.8
2025,Nordeste,PB,2516755,Tenório,Total,Estadual,,,,,,,,,,,,,2.0,0.0,0.0,,,0.9,,,,,,,,,,,,,94.0,100.0,100.0,,,97.3,,,,,,,,,,,,,4.0,0.0,0.0,,,1.8
2025,Nordeste,PB,2516755,Tenório,Urbana,Estadual,,,,,,,,,,,,,2.0,0.0,0.0,,,0.9,,,,,,,,,,,,,94.0,100.0,100.0,,,97.3,,,,,,,,,,,,,4.0,0.0,0.0,,,1.8
2025,Nordeste,PB,2516755,Tenório,Total,Municipal,0.0,0.0,0.0,0.0,0.0,0.0,0.0,0.0,0.0,0.0,0.0,0.0,,,,,,,100.0,100.0,97.6,100.0,98.2,84.7,100.0,98.2,100.0,94.3,99.1,96.7,,,,,,,0.0,0.0,2.4,0.0,1.8,15.3,0.0,1.8,0.0,5.7,0.9,3.3,,,,,,
2025,Nordeste,PB,2516755,Tenório,Urbana,Municipal,0.0,0.0,0.0,0.0,0.0,0.0,0.0,0.0,0.0,0.0,0.0,0.0,,,,,,,100.0,100.0,97.6,100.0,98.2,84.7,100.0,98.2,100.0,94.3,99.1,96.7,,,,,,,0.0,0.0,2.4,0.0,1.8,15.3,0.0,1.8,0.0,5.7,0.9,3.3,,,,,,
2025,Nordeste,PB,2516755,Tenório,Total,Pública,0.0,0.0,0.0,0.0,0.0,0.0,0.0,0.0,0.0,0.0,0.0,0.0,2.0,0.0,0.0,,,0.9,100.0,100.0,97.6,100.0,98.2,84.7,100.0,98.2,100.0,94.3,99.1,96.7,94.0,100.0,100.0,,,97.3,0.0,0.0,2.4,0.0,1.8,15.3,0.0,1.8,0.0,5.7,0.9,3.3,4.0,0.0,0.0,,,1.8
2025,Nordeste,PB,2516755,Tenório,Urbana,Pública,0.0,0.0,0.0,0.0,0.0,0.0,0.0,0.0,0.0,0.0,0.0,0.0,2.0,0.0,0.0,,,0.9,100.0,100.0,97.6,100.0,98.2,84.7,100.0,98.2,100.0,94.3,99.1,96.7,94.0,100.0,100.0,,,97.3,0.0,0.0,2.4,0.0,1.8,15.3,0.0,1.8,0.0,5.7,0.9,3.3,4.0,0.0,0.0,,,1.8
2025,Nordeste,PB,2516805,Triunfo,Total,Total,0.0,0.0,0.9,0.0,0.0,0.0,0.0,0.0,0.0,0.0,0.2,0.0,1.2,0.0,1.4,,,0.9,100.0,100.0,99.1,100.0,100.0,97.7,97.8,97.4,100.0,98.0,99.8,99.1,93.9,98.4,98.6,,,96.8,0.0,0.0,0.0,0.0,0.0,2.3,2.2,2.6,0.0,2.0,0.0,0.9,4.9,1.6,0.0,,,2.3
2025,Nordeste,PB,2516805,Triunfo,Urbana,Total,0.0,0.0,1.2,0.0,0.0,0.0,0.0,0.0,0.0,0.0,0.3,0.2,1.2,0.0,1.4,,,0.9,100.0,100.0,98.8,100.0,100.0,97.3,97.5,97.0,100.0,97.8,99.7,98.7,93.9,98.4,98.6,,,96.8,0.0,0.0,0.0,0.0,0.0,2.7,2.5,3.0,0.0,2.2,0.0,1.1,4.9,1.6,0.0,,,2.3
2025,Nordeste,PB,2516805,Triunfo,Rural,Total,0.0,0.0,0.0,0.0,0.0,0.0,0.0,0.0,,0.0,0.0,0.0,,,,,,,100.0,100.0,100.0,100.0,100.0,100.0,100.0,100.0,,100.0,100.0,100.0,,,,,,,0.0,0.0,0.0,0.0,0.0,0.0,0.0,0.0,,0.0,0.0,0.0,,,,,,
2025,Nordeste,PB,2516805,Triunfo,Total,Estadual,,,,,,,,,,,,,1.2,0.0,1.4,,,0.9,,,,,,,,,,,,,93.9,98.4,98.6,,,96.8,,,,,,,,,,,,,4.9,1.6,0.0,,,2.3
2025,Nordeste,PB,2516805,Triunfo,Urbana,Estadual,,,,,,,,,,,,,1.2,0.0,1.4,,,0.9,,,,,,,,,,,,,93.9,98.4,98.6,,,96.8,,,,,,,,,,,,,4.9,1.6,0.0,,,2.3
2025,Nordeste,PB,2516805,Triunfo,Total,Municipal,0.0,0.0,0.0,0.0,0.0,0.0,0.0,0.0,0.0,0.0,0.0,0.0,,,,,,,100.0,100.0,100.0,100.0,100.0,97.4,97.6,97.2,100.0,97.8,100.0,99.0,,,,,,,0.0,0.0,0.0,0.0,0.0,2.6,2.4,2.8,0.0,2.2,0.0,1.0,,,,,,
2025,Nordeste,PB,2516805,Triunfo,Urbana,Municipal,0.0,0.0,0.0,0.0,0.0,0.0,0.0,0.0,0.0,0.0,0.0,0.0,,,,,,,100.0,100.0,100.0,100.0,100.0,96.9,97.1,96.7,100.0,97.5,100.0,98.6,,,,,,,0.0,0.0,0.0,0.0,0.0,3.1,2.9,3.3,0.0,2.5,0.0,1.4,,,,,,
2025,Nordeste,PB,2516805,Triunfo,Rural,Municipal,0.0,0.0,0.0,0.0,0.0,0.0,0.0,0.0,,0.0,0.0,0.0,,,,,,,100.0,100.0,100.0,100.0,100.0,100.0,100.0,100.0,,100.0,100.0,100.0,,,,,,,0.0,0.0,0.0,0.0,0.0,0.0,0.0,0.0,,0.0,0.0,0.0,,,,,,
2025,Nordeste,PB,2516805,Triunfo,Total,Privada,0.0,0.0,4.8,0.0,0.0,0.0,0.0,0.0,0.0,0.0,0.8,0.6,,,,,,,100.0,100.0,95.2,100.0,100.0,100.0,100.0,100.0,100.0,100.0,99.2,99.4,,,,,,,0.0,0.0,0.0,0.0,0.0,0.0,0.0,0.0,0.0,0.0,0.0,0.0,,,,,,
2025,Nordeste,PB,2516805,Triunfo,Urbana,Privada,0.0,0.0,4.8,0.0,0.0,0.0,0.0,0.0,0.0,0.0,0.8,0.6,,,,,,,100.0,100.0,95.2,100.0,100.0,100.0,100.0,100.0,100.0,100.0,99.2,99.4,,,,,,,0.0,0.0,0.0,0.0,0.0,0.0,0.0,0.0,0.0,0.0,0.0,0.0,,,,,,
2025,Nordeste,PB,2516805,Triunfo,Total,Pública,0.0,0.0,0.0,0.0,0.0,0.0,0.0,0.0,0.0,0.0,0.0,0.0,1.2,0.0,1.4,,,0.9,100.0,100.0,100.0,100.0,100.0,97.4,97.6,97.2,100.0,97.8,100.0,99.0,93.9,98.4,98.6,,,96.8,0.0,0.0,0.0,0.0,0.0,2.6,2.4,2.8,0.0,2.2,0.0,1.0,4.9,1.6,0.0,,,2.3
2025,Nordeste,PB,2516805,Triunfo,Urbana,Pública,0.0,0.0,0.0,0.0,0.0,0.0,0.0,0.0,0.0,0.0,0.0,0.0,1.2,0.0,1.4,,,0.9,100.0,100.0,100.0,100.0,100.0,96.9,97.1,96.7,100.0,97.5,100.0,98.6,93.9,98.4,98.6,,,96.8,0.0,0.0,0.0,0.0,0.0,3.1,2.9,3.3,0.0,2.5,0.0,1.4,4.9,1.6,0.0,,,2.3
2025,Nordeste,PB,2516805,Triunfo,Rural,Pública,0.0,0.0,0.0,0.0,0.0,0.0,0.0,0.0,,0.0,0.0,0.0,,,,,,,100.0,100.0,100.0,100.0,100.0,100.0,100.0,100.0,,100.0,100.0,100.0,,,,,,,0.0,0.0,0.0,0.0,0.0,0.0,0.0,0.0,,0.0,0.0,0.0,,,,,,
2025,Nordeste,PB,2516904,Uiraúna,Total,Total,0.0,0.0,0.0,0.0,0.0,0.6,0.6,0.5,1.3,0.7,0.0,0.3,10.0,6.1,1.7,,,6.6,99.5,100.0,100.0,99.1,100.0,98.9,98.1,96.9,98.1,98.0,99.7,99.0,85.2,91.9,98.3,,,90.8,0.5,0.0,0.0,0.9,0.0,0.5,1.3,2.6,0.6,1.3,0.3,0.7,4.8,2.0,0.0,,,2.6
2025,Nordeste,PB,2516904,Uiraúna,Urbana,Total,0.0,0.0,0.0,0.0,0.0,0.6,0.7,0.6,1.3,0.8,0.0,0.3,10.4,6.5,1.8,,,6.9,99.4,100.0,100.0,99.5,100.0,98.8,98.0,96.4,98.1,97.8,99.8,99.0,84.7,91.4,98.2,,,90.3,0.6,0.0,0.0,0.5,0.0,0.6,1.3,3.0,0.6,1.4,0.2,0.7,4.9,2.1,0.0,,,2.8
2025,Nordeste,PB,2516904,Uiraúna,Rural,Total,0.0,0.0,0.0,0.0,0.0,0.0,0.0,0.0,0.0,0.0,0.0,0.0,0.0,0.0,0.0,,,0.0,100.0,100.0,100.0,96.6,100.0,100.0,100.0,100.0,100.0,100.0,99.3,99.5,100.0,100.0,100.0,,,100.0,0.0,0.0,0.0,3.4,0.0,0.0,0.0,0.0,0.0,0.0,0.7,0.5,0.0,0.0,0.0,,,0.0
2025,Nordeste,PB,2516904,Uiraúna,Total,Estadual,,0.0,0.0,0.0,0.0,0.0,0.0,2.1,5.9,2.7,0.0,2.1,10.0,6.1,1.7,,,6.6,,100.0,100.0,100.0,100.0,100.0,100.0,95.8,94.1,96.4,100.0,97.2,85.2,91.9,98.3,,,90.8,,0.0,0.0,0.0,0.0,0.0,0.0,2.1,0.0,0.9,0.0,0.7,4.8,2.0,0.0,,,2.6
2025,Nordeste,PB,2516904,Uiraúna,Urbana,Estadual,,0.0,0.0,0.0,0.0,0.0,0.0,2.8,6.7,3.5,0.0,2.5,10.4,6.5,1.8,,,6.9,,100.0,100.0,100.0,100.0,100.0,100.0,94.3,93.3,95.3,100.0,96.6,84.7,91.4,98.2,,,90.3,,0.0,0.0,0.0,0.0,0.0,0.0,2.9,0.0,1.2,0.0,0.9,4.9,2.1,0.0,,,2.8
2025,Nordeste,PB,2516904,Uiraúna,Rural,Estadual,,,,,,0.0,0.0,0.0,0.0,0.0,,0.0,0.0,0.0,0.0,,,0.0,,,,,,100.0,100.0,100.0,100.0,100.0,,100.0,100.0,100.0,100.0,,,100.0,,,,,,0.0,0.0,0.0,0.0,0.0,,0.0,0.0,0.0,0.0,,,0.0
2025,Nordeste,PB,2516904,Uiraúna,Total,Municipal,0.0,0.0,0.0,0.0,0.0,0.7,0.8,0.0,0.0,0.4,0.0,0.2,,,,,,,99.3,100.0,100.0,99.0,100.0,98.6,97.6,96.7,99.1,98.0,99.6,99.0,,,,,,,0.7,0.0,0.0,1.0,0.0,0.7,1.6,3.3,0.9,1.6,0.4,0.8,,,,,,
2025,Nordeste,PB,2516904,Uiraúna,Urbana,Municipal,0.0,0.0,0.0,0.0,0.0,0.7,0.8,0.0,0.0,0.5,0.0,0.1,,,,,,,99.2,100.0,100.0,99.4,100.0,98.6,97.5,96.4,99.1,97.9,99.7,99.0,,,,,,,0.8,0.0,0.0,0.6,0.0,0.7,1.7,3.6,0.9,1.6,0.3,0.9,,,,,,
2025,Nordeste,PB,2516904,Uiraúna,Rural,Municipal,0.0,0.0,0.0,0.0,0.0,0.0,0.0,0.0,,0.0,0.0,0.0,,,,,,,100.0,100.0,100.0,96.6,100.0,100.0,100.0,100.0,,100.0,99.3,99.4,,,,,,,0.0,0.0,0.0,3.4,0.0,0.0,0.0,0.0,,0.0,0.7,0.6,,,,,,
2025,Nordeste,PB,2516904,Uiraúna,Total,Privada,0.0,0.0,0.0,0.0,0.0,0.0,0.0,0.0,0.0,0.0,0.0,0.0,,,,,,,100.0,100.0,100.0,100.0,100.0,100.0,100.0,100.0,100.0,100.0,100.0,100.0,,,,,,,0.0,0.0,0.0,0.0,0.0,0.0,0.0,0.0,0.0,0.0,0.0,0.0,,,,,,
2025,Nordeste,PB,2516904,Uiraúna,Urbana,Privada,0.0,0.0,0.0,0.0,0.0,0.0,0.0,0.0,0.0,0.0,0.0,0.0,,,,,,,100.0,100.0,100.0,100.0,100.0,100.0,100.0,100.0,100.0,100.0,100.0,100.0,,,,,,,0.0,0.0,0.0,0.0,0.0,0.0,0.0,0.0,0.0,0.0,0.0,0.0,,,,,,
2025,Nordeste,PB,2516904,Uiraúna,Total,Pública,0.0,0.0,0.0,0.0,0.0,0.6,0.7,0.6,1.3,0.8,0.0,0.3,10.0,6.1,1.7,,,6.6,99.3,100.0,100.0,99.0,100.0,98.8,97.8,96.5,98.0,97.7,99.7,98.9,85.2,91.9,98.3,,,90.8,0.7,0.0,0.0,1.0,0.0,0.6,1.5,2.9,0.7,1.5,0.3,0.8,4.8,2.0,0.0,,,2.6
2025,Nordeste,PB,2516904,Uiraúna,Urbana,Pública,0.0,0.0,0.0,0.0,0.0,0.6,0.8,0.7,1.4,0.9,0.0,0.3,10.4,6.5,1.8,,,6.9,99.2,100.0,100.0,99.4,100.0,98.7,97.7,95.9,97.9,97.5,99.7,98.8,84.7,91.4,98.2,,,90.3,0.8,0.0,0.0,0.6,0.0,0.7,1.5,3.4,0.7,1.6,0.3,0.9,4.9,2.1,0.0,,,2.8
2025,Nordeste,PB,2516904,Uiraúna,Rural,Pública,0.0,0.0,0.0,0.0,0.0,0.0,0.0,0.0,0.0,0.0,0.0,0.0,0.0,0.0,0.0,,,0.0,100.0,100.0,100.0,96.6,100.0,100.0,100.0,100.0,100.0,100.0,99.3,99.5,100.0,100.0,100.0,,,100.0,0.0,0.0,0.0,3.4,0.0,0.0,0.0,0.0,0.0,0.0,0.7,0.5,0.0,0.0,0.0,,,0.0
2025,Nordeste,PB,2517001,Umbuzeiro,Total,Total,0.0,0.0,0.0,0.0,0.0,0.0,0.0,0.0,0.0,0.0,0.0,0.0,2.4,0.7,1.1,,,1.5,100.0,100.0,99.3,99.3,100.0,94.9,91.5,96.1,99.2,95.3,99.7,97.7,89.3,98.7,98.9,,,94.9,0.0,0.0,0.7,0.7,0.0,5.1,8.5,3.9,0.8,4.7,0.3,2.3,8.3,0.6,0.0,,,3.6
2025,Nordeste,PB,2517001,Umbuzeiro,Urbana,Total,0.0,0.0,0.0,0.0,0.0,0.0,0.0,0.0,0.0,0.0,0.0,0.0,2.4,0.7,1.1,,,1.5,100.0,100.0,100.0,98.5,100.0,100.0,100.0,100.0,100.0,100.0,99.7,99.9,89.3,98.7,98.9,,,94.9,0.0,0.0,0.0,1.5,0.0,0.0,0.0,0.0,0.0,0.0,0.3,0.1,8.3,0.6,0.0,,,3.6
2025,Nordeste,PB,2517001,Umbuzeiro,Rural,Total,0.0,0.0,0.0,0.0,0.0,0.0,0.0,0.0,0.0,0.0,0.0,0.0,,,,,,,100.0,100.0,98.9,100.0,100.0,87.9,77.8,89.7,97.8,87.9,99.7,95.4,,,,,,,0.0,0.0,1.1,0.0,0.0,12.1,22.2,10.3,2.2,12.1,0.3,4.6,,,,,,
2025,Nordeste,PB,2517001,Umbuzeiro,Total,Estadual,,,,,,,,,,,,,2.4,0.7,1.1,,,1.5,,,,,,,,,,,,,89.3,98.7,98.9,,,94.9,,,,,,,,,,,,,8.3,0.6,0.0,,,3.6
2025,Nordeste,PB,2517001,Umbuzeiro,Urbana,Estadual,,,,,,,,,,,,,2.4,0.7,1.1,,,1.5,,,,,,,,,,,,,89.3,98.7,98.9,,,94.9,,,,,,,,,,,,,8.3,0.6,0.0,,,3.6
2025,Nordeste,PB,2517001,Umbuzeiro,Total,Municipal,0.0,0.0,0.0,0.0,0.0,0.0,0.0,0.0,0.0,0.0,0.0,0.0,,,,,,,100.0,100.0,99.3,99.3,100.0,94.9,91.5,96.1,99.2,95.3,99.7,97.7,,,,,,,0.0,0.0,0.7,0.7,0.0,5.1,8.5,3.9,0.8,4.7,0.3,2.3,,,,,,
2025,Nordeste,PB,2517001,Umbuzeiro,Urbana,Municipal,0.0,0.0,0.0,0.0,0.0,0.0,0.0,0.0,0.0,0.0,0.0,0.0,,,,,,,100.0,100.0,100.0,98.5,100.0,100.0,100.0,100.0,100.0,100.0,99.7,99.9,,,,,,,0.0,0.0,0.0,1.5,0.0,0.0,0.0,0.0,0.0,0.0,0.3,0.1,,,,,,
2025,Nordeste,PB,2517001,Umbuzeiro,Rural,Municipal,0.0,0.0,0.0,0.0,0.0,0.0,0.0,0.0,0.0,0.0,0.0,0.0,,,,,,,100.0,100.0,98.9,100.0,100.0,87.9,77.8,89.7,97.8,87.9,99.7,95.4,,,,,,,0.0,0.0,1.1,0.0,0.0,12.1,22.2,10.3,2.2,12.1,0.3,4.6,,,,,,
2025,Nordeste,PB,2517001,Umbuzeiro,Total,Pública,0.0,0.0,0.0,0.0,0.0,0.0,0.0,0.0,0.0,0.0,0.0,0.0,2.4,0.7,1.1,,,1.5,100.0,100.0,99.3,99.3,100.0,94.9,91.5,96.1,99.2,95.3,99.7,97.7,89.3,98.7,98.9,,,94.9,0.0,0.0,0.7,0.7,0.0,5.1,8.5,3.9,0.8,4.7,0.3,2.3,8.3,0.6,0.0,,,3.6
2025,Nordeste,PB,2517001,Umbuzeiro,Urbana,Pública,0.0,0.0,0.0,0.0,0.0,0.0,0.0,0.0,0.0,0.0,0.0,0.0,2.4,0.7,1.1,,,1.5,100.0,100.0,100.0,98.5,100.0,100.0,100.0,100.0,100.0,100.0,99.7,99.9,89.3,98.7,98.9,,,94.9,0.0,0.0,0.0,1.5,0.0,0.0,0.0,0.0,0.0,0.0,0.3,0.1,8.3,0.6,0.0,,,3.6
2025,Nordeste,PB,2517001,Umbuzeiro,Rural,Pública,0.0,0.0,0.0,0.0,0.0,0.0,0.0,0.0,0.0,0.0,0.0,0.0,,,,,,,100.0,100.0,98.9,100.0,100.0,87.9,77.8,89.7,97.8,87.9,99.7,95.4,,,,,,,0.0,0.0,1.1,0.0,0.0,12.1,22.2,10.3,2.2,12.1,0.3,4.6,,,,,,
2025,Nordeste,PB,2517100,Várzea,Total,Total,0.0,0.0,0.0,0.0,0.0,0.0,0.0,0.0,0.0,0.0,0.0,0.0,4.3,4.5,0.0,,,3.1,100.0,100.0,100.0,100.0,100.0,100.0,100.0,97.5,100.0,99.3,100.0,99.7,95.7,95.5,100.0,,,96.9,0.0,0.0,0.0,0.0,0.0,0.0,0.0,2.5,0.0,0.7,0.0,0.3,0.0,0.0,0.0,,,0.0
2025,Nordeste,PB,2517100,Várzea,Urbana,Total,0.0,0.0,0.0,0.0,0.0,0.0,0.0,0.0,0.0,0.0,0.0,0.0,4.3,4.5,0.0,,,3.1,100.0,100.0,100.0,100.0,100.0,100.0,100.0,97.5,100.0,99.3,100.0,99.6,95.7,95.5,100.0,,,96.9,0.0,0.0,0.0,0.0,0.0,0.0,0.0,2.5,0.0,0.7,0.0,0.4,0.0,0.0,0.0,,,0.0
2025,Nordeste,PB,2517100,Várzea,Rural,Total,0.0,0.0,0.0,0.0,0.0,,,,,,0.0,0.0,,,,,,,100.0,100.0,100.0,100.0,100.0,,,,,,100.0,100.0,,,,,,,0.0,0.0,0.0,0.0,0.0,,,,,,0.0,0.0,,,,,,
2025,Nordeste,PB,2517100,Várzea,Total,Estadual,,,,,,,,,,,,,4.3,4.5,0.0,,,3.1,,,,,,,,,,,,,95.7,95.5,100.0,,,96.9,,,,,,,,,,,,,0.0,0.0,0.0,,,0.0
2025,Nordeste,PB,2517100,Várzea,Urbana,Estadual,,,,,,,,,,,,,4.3,4.5,0.0,,,3.1,,,,,,,,,,,,,95.7,95.5,100.0,,,96.9,,,,,,,,,,,,,0.0,0.0,0.0,,,0.0
2025,Nordeste,PB,2517100,Várzea,Total,Municipal,0.0,0.0,0.0,0.0,0.0,0.0,0.0,0.0,0.0,0.0,0.0,0.0,,,,,,,100.0,100.0,100.0,100.0,100.0,100.0,100.0,97.5,100.0,99.3,100.0,99.7,,,,,,,0.0,0.0,0.0,0.0,0.0,0.0,0.0,2.5,0.0,0.7,0.0,0.3,,,,,,
2025,Nordeste,PB,2517100,Várzea,Urbana,Municipal,0.0,0.0,0.0,0.0,0.0,0.0,0.0,0.0,0.0,0.0,0.0,0.0,,,,,,,100.0,100.0,100.0,100.0,100.0,100.0,100.0,97.5,100.0,99.3,100.0,99.6,,,,,,,0.0,0.0,0.0,0.0,0.0,0.0,0.0,2.5,0.0,0.7,0.0,0.4,,,,,,
2025,Nordeste,PB,2517100,Várzea,Rural,Municipal,0.0,0.0,0.0,0.0,0.0,,,,,,0.0,0.0,,,,,,,100.0,100.0,100.0,100.0,100.0,,,,,,100.0,100.0,,,,,,,0.0,0.0,0.0,0.0,0.0,,,,,,0.0,0.0,,,,,,
2025,Nordeste,PB,2517100,Várzea,Total,Pública,0.0,0.0,0.0,0.0,0.0,0.0,0.0,0.0,0.0,0.0,0.0,0.0,4.3,4.5,0.0,,,3.1,100.0,100.0,100.0,100.0,100.0,100.0,100.0,97.5,100.0,99.3,100.0,99.7,95.7,95.5,100.0,,,96.9,0.0,0.0,0.0,0.0,0.0,0.0,0.0,2.5,0.0,0.7,0.0,0.3,0.0,0.0,0.0,,,0.0
2025,Nordeste,PB,2517100,Várzea,Urbana,Pública,0.0,0.0,0.0,0.0,0.0,0.0,0.0,0.0,0.0,0.0,0.0,0.0,4.3,4.5,0.0,,,3.1,100.0,100.0,100.0,100.0,100.0,100.0,100.0,97.5,100.0,99.3,100.0,99.6,95.7,95.5,100.0,,,96.9,0.0,0.0,0.0,0.0,0.0,0.0,0.0,2.5,0.0,0.7,0.0,0.4,0.0,0.0,0.0,,,0.0
2025,Nordeste,PB,2517100,Várzea,Rural,Pública,0.0,0.0,0.0,0.0,0.0,,,,,,0.0,0.0,,,,,,,100.0,100.0,100.0,100.0,100.0,,,,,,100.0,100.0,,,,,,,0.0,0.0,0.0,0.0,0.0,,,,,,0.0,0.0,,,,,,
2025,Nordeste,PB,2517209,Vieirópolis,Total,Total,0.0,0.0,0.0,0.0,0.0,0.0,0.0,0.0,0.0,0.0,0.0,0.0,0.0,0.0,0.0,,,0.0,100.0,100.0,100.0,100.0,100.0,100.0,100.0,100.0,100.0,100.0,100.0,100.0,100.0,100.0,100.0,,,100.0,0.0,0.0,0.0,0.0,0.0,0.0,0.0,0.0,0.0,0.0,0.0,0.0,0.0,0.0,0.0,,,0.0
2025,Nordeste,PB,2517209,Vieirópolis,Urbana,Total,0.0,0.0,0.0,0.0,0.0,0.0,0.0,0.0,0.0,0.0,0.0,0.0,0.0,0.0,0.0,,,0.0,100.0,100.0,100.0,100.0,100.0,100.0,100.0,100.0,100.0,100.0,100.0,100.0,100.0,100.0,100.0,,,100.0,0.0,0.0,0.0,0.0,0.0,0.0,0.0,0.0,0.0,0.0,0.0,0.0,0.0,0.0,0.0,,,0.0
2025,Nordeste,PB,2517209,Vieirópolis,Rural,Total,0.0,0.0,0.0,0.0,0.0,0.0,0.0,0.0,0.0,0.0,0.0,0.0,,,,,,,100.0,100.0,100.0,100.0,100.0,100.0,100.0,100.0,100.0,100.0,100.0,100.0,,,,,,,0.0,0.0,0.0,0.0,0.0,0.0,0.0,0.0,0.0,0.0,0.0,0.0,,,,,,
2025,Nordeste,PB,2517209,Vieirópolis,Total,Estadual,,,,,,0.0,0.0,0.0,0.0,0.0,,0.0,0.0,0.0,0.0,,,0.0,,,,,,100.0,100.0,100.0,100.0,100.0,,100.0,100.0,100.0,100.0,,,100.0,,,,,,0.0,0.0,0.0,0.0,0.0,,0.0,0.0,0.0,0.0,,,0.0
2025,Nordeste,PB,2517209,Vieirópolis,Urbana,Estadual,,,,,,,,,,,,,0.0,0.0,0.0,,,0.0,,,,,,,,,,,,,100.0,100.0,100.0,,,100.0,,,,,,,,,,,,,0.0,0.0,0.0,,,0.0
2025,Nordeste,PB,2517209,Vieirópolis,Rural,Estadual,,,,,,0.0,0.0,0.0,0.0,0.0,,0.0,,,,,,,,,,,,100.0,100.0,100.0,100.0,100.0,,100.0,,,,,,,,,,,,0.0,0.0,0.0,0.0,0.0,,0.0,,,,,,
2025,Nordeste,PB,2517209,Vieirópolis,Total,Municipal,0.0,0.0,0.0,0.0,0.0,0.0,0.0,0.0,0.0,0.0,0.0,0.0,,,,,,,100.0,100.0,100.0,100.0,100.0,100.0,100.0,100.0,100.0,100.0,100.0,100.0,,,,,,,0.0,0.0,0.0,0.0,0.0,0.0,0.0,0.0,0.0,0.0,0.0,0.0,,,,,,
2025,Nordeste,PB,2517209,Vieirópolis,Urbana,Municipal,0.0,0.0,0.0,0.0,0.0,0.0,0.0,0.0,0.0,0.0,0.0,0.0,,,,,,,100.0,100.0,100.0,100.0,100.0,100.0,100.0,100.0,100.0,100.0,100.0,100.0,,,,,,,0.0,0.0,0.0,0.0,0.0,0.0,0.0,0.0,0.0,0.0,0.0,0.0,,,,,,
2025,Nordeste,PB,2517209,Vieirópolis,Rural,Municipal,0.0,0.0,0.0,0.0,0.0,0.0,0.0,0.0,0.0,0.0,0.0,0.0,,,,,,,100.0,100.0,100.0,100.0,100.0,100.0,100.0,100.0,100.0,100.0,100.0,100.0,,,,,,,0.0,0.0,0.0,0.0,0.0,0.0,0.0,0.0,0.0,0.0,0.0,0.0,,,,,,
2025,Nordeste,PB,2517209,Vieirópolis,Total,Pública,0.0,0.0,0.0,0.0,0.0,0.0,0.0,0.0,0.0,0.0,0.0,0.0,0.0,0.0,0.0,,,0.0,100.0,100.0,100.0,100.0,100.0,100.0,100.0,100.0,100.0,100.0,100.0,100.0,100.0,100.0,100.0,,,100.0,0.0,0.0,0.0,0.0,0.0,0.0,0.0,0.0,0.0,0.0,0.0,0.0,0.0,0.0,0.0,,,0.0
2025,Nordeste,PB,2517209,Vieirópolis,Urbana,Pública,0.0,0.0,0.0,0.0,0.0,0.0,0.0,0.0,0.0,0.0,0.0,0.0,0.0,0.0,0.0,,,0.0,100.0,100.0,100.0,100.0,100.0,100.0,100.0,100.0,100.0,100.0,100.0,100.0,100.0,100.0,100.0,,,100.0,0.0,0.0,0.0,0.0,0.0,0.0,0.0,0.0,0.0,0.0,0.0,0.0,0.0,0.0,0.0,,,0.0
2025,Nordeste,PB,2517209,Vieirópolis,Rural,Pública,0.0,0.0,0.0,0.0,0.0,0.0,0.0,0.0,0.0,0.0,0.0,0.0,,,,,,,100.0,100.0,100.0,100.0,100.0,100.0,100.0,100.0,100.0,100.0,100.0,100.0,,,,,,,0.0,0.0,0.0,0.0,0.0,0.0,0.0,0.0,0.0,0.0,0.0,0.0,,,,,,
2025,Nordeste,PB,2517407,Zabelê,Total,Total,0.0,0.0,0.0,0.0,0.0,0.0,0.0,0.0,0.0,0.0,0.0,0.0,11.8,0.0,0.0,,,3.9,100.0,100.0,100.0,100.0,100.0,100.0,97.1,97.3,100.0,98.5,100.0,99.3,88.2,100.0,100.0,,,96.1,0.0,0.0,0.0,0.0,0.0,0.0,2.9,2.7,0.0,1.5,0.0,0.7,0.0,0.0,0.0,,,0.0
2025,Nordeste,PB,2517407,Zabelê,Urbana,Total,0.0,0.0,0.0,0.0,0.0,0.0,0.0,0.0,0.0,0.0,0.0,0.0,11.8,0.0,0.0,,,3.9,100.0,100.0,100.0,100.0,100.0,100.0,97.1,97.3,100.0,98.5,100.0,99.3,88.2,100.0,100.0,,,96.1,0.0,0.0,0.0,0.0,0.0,0.0,2.9,2.7,0.0,1.5,0.0,0.7,0.0,0.0,0.0,,,0.0
2025,Nordeste,PB,2517407,Zabelê,Total,Estadual,,,,,,,,,,,,,11.8,0.0,0.0,,,3.9,,,,,,,,,,,,,88.2,100.0,100.0,,,96.1,,,,,,,,,,,,,0.0,0.0,0.0,,,0.0
2025,Nordeste,PB,2517407,Zabelê,Urbana,Estadual,,,,,,,,,,,,,11.8,0.0,0.0,,,3.9,,,,,,,,,,,,,88.2,100.0,100.0,,,96.1,,,,,,,,,,,,,0.0,0.0,0.0,,,0.0
2025,Nordeste,PB,2517407,Zabelê,Total,Municipal,0.0,0.0,0.0,0.0,0.0,0.0,0.0,0.0,0.0,0.0,0.0,0.0,,,,,,,100.0,100.0,100.0,100.0,100.0,100.0,97.1,97.3,100.0,98.5,100.0,99.3,,,,,,,0.0,0.0,0.0,0.0,0.0,0.0,2.9,2.7,0.0,1.5,0.0,0.7,,,,,,
2025,Nordeste,PB,2517407,Zabelê,Urbana,Municipal,0.0,0.0,0.0,0.0,0.0,0.0,0.0,0.0,0.0,0.0,0.0,0.0,,,,,,,100.0,100.0,100.0,100.0,100.0,100.0,97.1,97.3,100.0,98.5,100.0,99.3,,,,,,,0.0,0.0,0.0,0.0,0.0,0.0,2.9,2.7,0.0,1.5,0.0,0.7,,,,,,
2025,Nordeste,PB,2517407,Zabelê,Total,Pública,0.0,0.0,0.0,0.0,0.0,0.0,0.0,0.0,0.0,0.0,0.0,0.0,11.8,0.0,0.0,,,3.9,100.0,100.0,100.0,100.0,100.0,100.0,97.1,97.3,100.0,98.5,100.0,99.3,88.2,100.0,100.0,,,96.1,0.0,0.0,0.0,0.0,0.0,0.0,2.9,2.7,0.0,1.5,0.0,0.7,0.0,0.0,0.0,,,0.0
2025,Nordeste,PB,2517407,Zabelê,Urbana,Pública,0.0,0.0,0.0,0.0,0.0,0.0,0.0,0.0,0.0,0.0,0.0,0.0,11.8,0.0,0.0,,,3.9,100.0,100.0,100.0,100.0,100.0,100.0,97.1,97.3,100.0,98.5,100.0,99.3,88.2,100.0,100.0,,,96.1,0.0,0.0,0.0,0.0,0.0,0.0,2.9,2.7,0.0,1.5,0.0,0.7,0.0,0.0,0.0,,,0.0
